programme,registered_name,international_name,institution,official_programme_code,rio_programme_unit_code,offered_programme_code,form,languages,locations,website,all_names,rio_rows
Criminologie,Criminologie,,Erasmus Universiteit Rotterdam,56469,1001O5900,0c4d7e3e-b032-4de4-e063-6ff1ff0ac940,VOLTIJD,NLD,,https://www.eur.nl/bachelor/criminologie,Criminologie,1
Filosofie van een Bepaald Wetenschapsgebied,Filosofie van een Bepaald Wetenschapsgebied,Philosophy of a Specific Discipline,Erasmus Universiteit Rotterdam,57084,1001O6216,0cda5cdf-a844-248e-e063-6ff1ff0a9669,VOLTIJD,NLD,,https://www.eur.nl/bachelor/bachelor-philosophy-specific-discipline,Filosofie van een Bepaald Wetenschapsgebied | Philosophy of a Specific Discipline,1
Fiscaal Recht,Fiscaal Recht,Tax Law,Erasmus Universiteit Rotterdam,56827,1001O6063,0bad61cb-023d-5d99-e063-6ff1ff0aab5f,VOLTIJD,NLD,,https://www.eur.nl/bachelor/fiscaal-recht,Fiscaal Recht | Tax Law,1
Liberal Arts and Sciences,Liberal Arts and Sciences,Liberal Arts and Sciences,Erasmus Universiteit Rotterdam,50393,1001O5682,0cda5cdf-a7f0-248e-e063-6ff1ff0a9669,VOLTIJD,ENG,,https://www.eur.nl/en/bachelor/liberal-arts-and-sciences,Liberal Arts and Sciences,1
Liberal Arts and Sciences,Liberal Arts and Sciences,Liberal Arts and Sciences,Erasmus Universiteit Rotterdam,50393,1001O5682,fe068847-5f37-4cd2-b244-bdb98f3e0f96,VOLTIJD,ENG,,,Liberal Arts and Sciences,1
Premaster Media Studies,International Bachelor's Programme in Communication and Media,,Erasmus Universiteit Rotterdam,50374,1001O5679,bb4b3738-8444-4889-a610-4ef9de1a1097,VOLTIJD,NLD,,,Premaster Media Studies | International Bachelor's Programme in Communication and Media,1
Theologie,Theologie,,Protestantse Theologische Universiteit,56109,1016O1755,8a8ac1ca-8dbc-4ccc-9603-1b491d0e0b76,VOLTIJD,,Utrecht,,Theologie,1
Theologie (joint degree),Theologie (joint degree),Theology (joint degree),Protestantse Theologische Universiteit,55004,1001O5786,bd01dacc-7403-4f20-8f80-bc57d2b8e87c,VOLTIJD,,Amsterdam,,Theologie (joint degree) | Theology (joint degree),1
Pre-master 1 jarige lerarenopleiding RDA-FFTR,Filosofie,Philosophy,Radboud Universiteit Nijmegen (RU) Faculteit der FTR,56081,1001O5843,135295e8-f4fc-4738-8a5f-d76d21d11bc0,VOLTIJD,NLD,Nijmegen,,Pre-master 1 jarige lerarenopleiding RDA-FFTR | Filosofie | Philosophy | Pre-Master's 1 year Teaching RDA-FFTR,1
Pre-master Filosofie,Filosofie,Philosophy,Radboud Universiteit Nijmegen (RU) Faculteit der FTR,56081,1001O5843,7fce4250-f802-4a3e-b7f6-3b1e52bae8b1,VOLTIJD,NLD,Nijmegen,,Pre-master Filosofie | Filosofie | Philosophy | Pre-Master's Philosophy,1
Pre-master Orthodox Christianity,Religiewetenschappen,Religious Studies,Radboud Universiteit Nijmegen (RU) Faculteit der FTR,50902,1001O5755,4faa0775-2bf4-4a53-9608-7ebbac708ad0,VOLTIJD,ENG,Nijmegen,,Pre-master Orthodox Christianity | Religiewetenschappen | Religious Studies | Pre-Master's Orthodox Christianity,1
Pre-master Theologie,Theologie,Theology,Radboud Universiteit Nijmegen (RU) Faculteit der FTR,56109,1001O5857,875fe5f9-e480-4905-b5a4-c847021f59f5,VOLTIJD,NLD,Nijmegen,,Pre-master Theologie | Theologie | Theology | Pre-Master's Theology,1
"Pre-master Theologie & Religiewetenschappen: Islam, Politiek en Samenleving",Religiewetenschappen,Religious Studies,Radboud Universiteit Nijmegen (RU) Faculteit der FTR,50902,1001O5755,7b9faa9f-7506-4423-85a5-110b32a71301,VOLTIJD,NLD,Nijmegen,,"Pre-master Theologie & Religiewetenschappen: Islam, Politiek en Samenleving | Religiewetenschappen | Religious Studies | Pre-Master's Theology & Religious Studies: Islam, Politics and Society",1
Pre-master Theologie & Religiewetenschappen: Religiewetenschappen,Religiewetenschappen,Religious Studies,Radboud Universiteit Nijmegen (RU) Faculteit der FTR,50902,1001O5755,2521b2f9-e78f-43f0-8876-d9ded264e374,VOLTIJD,NLD,Nijmegen,,Pre-master Theologie & Religiewetenschappen: Religiewetenschappen | Religiewetenschappen | Religious Studies | Pre-Master's Theology & Religious Studies: Religious Studies,1
Duitse Taal en Cultuur,Duitse Taal en Cultuur,German Language and Culture,Radboud Universiteit Nijmegen (RU) Faculteit der Letteren,56805,1001O6009,9a503cb2-0de0-46e8-a71e-da44dccea1c6,VOLTIJD,NLD,Nijmegen,,Duitse Taal en Cultuur | German Language and Culture,1
Griekse en Latijnse Taal en Cultuur,Griekse en Latijnse Taal en Cultuur,Classics,Radboud Universiteit Nijmegen (RU) Faculteit der Letteren,56003,1001O5809,77af18be-c752-473a-b2f1-fd142e1d4c00,VOLTIJD,NLD,Nijmegen,,Griekse en Latijnse Taal en Cultuur | Classics,1
Kunstgeschiedenis,Kunstgeschiedenis,Art History,Radboud Universiteit Nijmegen (RU) Faculteit der Letteren,56824,1001O6053,5b617df2-ebca-4c2d-9020-add2f3ac245f,VOLTIJD,NLD,Nijmegen,,Kunstgeschiedenis | Art History,1
Nederlandse Taal en Cultuur,Nederlandse Taal en Cultuur,Dutch Language and Culture,Radboud Universiteit Nijmegen (RU) Faculteit der Letteren,56804,1001O6003,0b88c46d-9df8-4f8e-a257-818499c1cb2e,VOLTIJD,NLD,Nijmegen,,Nederlandse Taal en Cultuur | Dutch Language and Culture,1
Pre-master 1 jarige lerarenopleiding RDA-FdL,Nederlandse Taal en Cultuur,Dutch Language and Culture,Radboud Universiteit Nijmegen (RU) Faculteit der Letteren,56804,1001O6003,baf3be94-7afd-4a7c-887d-46f8a1be799b,VOLTIJD,NLD,Nijmegen,,Pre-master 1 jarige lerarenopleiding RDA-FdL | Nederlandse Taal en Cultuur | Dutch Language and Culture | Pre-Master's 1 year Teaching RDA-FdL,1
Pre-master Arts & Culture Studies,Algemene Cultuurwetenschappen,Arts and Culture Studies,Radboud Universiteit Nijmegen (RU) Faculteit der Letteren,56823,1001O6045,8428a07a-42bb-4c7e-ac9a-87d811a364ca,VOLTIJD,ENG,Nijmegen,,Pre-master Arts & Culture Studies | Algemene Cultuurwetenschappen | Arts and Culture Studies | Pre-Master's Arts & Culture Studies,1
Pre-master Communicatie en Beïnvloeding,Communicatie- en Informatiewetenschappen,Communication and Information Studies,Radboud Universiteit Nijmegen (RU) Faculteit der Letteren,56826,1001O6059,5dfbfcef-e14c-407c-9499-a0ac79fcb714,VOLTIJD,NLD,Nijmegen,,Pre-master Communicatie en Beïnvloeding | Communicatie- en Informatiewetenschappen | Communication and Information Studies | Pre-Master's Communication and Persuasion,1
Pre-master Europese Studies,Duitse Taal en Cultuur,German Language and Culture,Radboud Universiteit Nijmegen (RU) Faculteit der Letteren,56805,1001O6009,806bf6a7-f08d-4d0a-b25f-112fdc9a7168,VOLTIJD,NLD,Nijmegen,,Pre-master Europese Studies | Duitse Taal en Cultuur | German Language and Culture | Pre-Master's European Studies,1
Pre-master Geschiedenis: Ancient and Medieval Mediterranean Worlds,Geschiedenis,History,Radboud Universiteit Nijmegen (RU) Faculteit der Letteren,56034,1001O5822,9995c1cb-e481-4c12-9791-7ae7015ff4d0,VOLTIJD,ENG,Nijmegen,,Pre-master Geschiedenis: Ancient and Medieval Mediterranean Worlds | Geschiedenis | History | Pre-Master's History: Ancient and Medieval Mediterranean Worlds,1
Pre-master Geschiedenis: Geschiedenis en Actualiteit,Geschiedenis,History,Radboud Universiteit Nijmegen (RU) Faculteit der Letteren,56034,1001O5822,663d33da-a6ad-4bec-8d6e-d7c7641d5625,VOLTIJD,NLD,Nijmegen,,Pre-master Geschiedenis: Geschiedenis en Actualiteit | Geschiedenis | History | Pre-Master's History: Modern and Contemporary History,1
Pre-master Geschiedenis: Politiek en Parlement,Geschiedenis,History,Radboud Universiteit Nijmegen (RU) Faculteit der Letteren,56034,1001O5822,2ab0ae95-f0d7-4e99-bc87-49b3b64c3585,VOLTIJD,NLD,Nijmegen,,Pre-master Geschiedenis: Politiek en Parlement | Geschiedenis | History | Pre-Master's History: Politics and Parliament,1
Pre-master Global Communication and Diversity,Communicatie- en Informatiewetenschappen,Communication and Information Studies,Radboud Universiteit Nijmegen (RU) Faculteit der Letteren,56826,1001O6059,a7060475-5c3b-47f4-a069-3a07e2b8df49,VOLTIJD,ENG,Nijmegen,,Pre-master Global Communication and Diversity | Communicatie- en Informatiewetenschappen | Communication and Information Studies | Pre-Master's Global Communication and Diversity,1
Pre-master Kunst- & Cultuurwetenschappen,Algemene Cultuurwetenschappen,Arts and Culture Studies,Radboud Universiteit Nijmegen (RU) Faculteit der Letteren,56823,1001O6045,f0ede05f-7f96-4c5d-b451-30e80c9ae321,VOLTIJD,NLD,Nijmegen,,Pre-master Kunst- & Cultuurwetenschappen | Algemene Cultuurwetenschappen | Arts and Culture Studies | Pre-Master's Arts & Culture Studies,1
Pre-master Kunst- & cultuurwetenschappen: Creative Industries,Algemene Cultuurwetenschappen,Arts and Culture Studies,Radboud Universiteit Nijmegen (RU) Faculteit der Letteren,56823,1001O6045,4a31db37-45dd-41a6-89d9-32f04f5eb85e,VOLTIJD,ENG,Nijmegen,,Pre-master Kunst- & cultuurwetenschappen: Creative Industries | Algemene Cultuurwetenschappen | Arts and Culture Studies | Pre-Master's Arts & Culture: Creative Industries,1
Pre-master Kunst- & cultuurwetenschappen: Kunstbeleid en Kunstbedrijf,Algemene Cultuurwetenschappen,Arts and Culture Studies,Radboud Universiteit Nijmegen (RU) Faculteit der Letteren,56823,1001O6045,a5d5bbe5-dcc7-4e8a-8d92-a186a33abe85,VOLTIJD,NLD,Nijmegen,,Pre-master Kunst- & cultuurwetenschappen: Kunstbeleid en Kunstbedrijf | Algemene Cultuurwetenschappen | Arts and Culture Studies | Pre-Master's Arts & Culture: Cultural Policy and the Business of Art,1
Pre-master Kunst- & cultuurwetenschappen: Kunstgeschiedenis,Kunstgeschiedenis,Art History,Radboud Universiteit Nijmegen (RU) Faculteit der Letteren,56824,1001O6053,b22caf59-f650-4005-876c-cba4b6ebfbb0,VOLTIJD,NLD,Nijmegen,,Pre-master Kunst- & cultuurwetenschappen: Kunstgeschiedenis | Kunstgeschiedenis | Art History | Pre-Master's Arts & Culture: Art History,1
Pre-master Kunst- & cultuurwetenschappen: Tourism and Culture,Algemene Cultuurwetenschappen,Arts and Culture Studies,Radboud Universiteit Nijmegen (RU) Faculteit der Letteren,56823,1001O6045,8ad5762d-8b35-4ed8-b06b-6342e5c22a5b,VOLTIJD,ENG,Nijmegen,,Pre-master Kunst- & cultuurwetenschappen: Tourism and Culture | Algemene Cultuurwetenschappen | Arts and Culture Studies | Pre-Master's Arts & Culture: Tourism and Culture,1
Pre-master Language Variation and Multilingualism,Taalwetenschap,Linguistics,Radboud Universiteit Nijmegen (RU) Faculteit der Letteren,56803,1001O5997,3e059bff-b7bb-49b1-8687-56ed52078a41,VOLTIJD,NLD,Nijmegen,,Pre-master Language Variation and Multilingualism | Taalwetenschap | Linguistics | Pre-Master's Language Variation and Multilingualism,1
Pre-master Language Variation and Multilingualism,Taalwetenschap,Linguistics,Radboud Universiteit Nijmegen (RU) Faculteit der Letteren,56803,1001O5997,9c262482-ae97-4fff-9c42-3d6999b4207a,VOLTIJD,ENG,Nijmegen,,Pre-master Language Variation and Multilingualism | Taalwetenschap | Linguistics | Pre-Master's Language Variation and Multilingualism,1
Pre-master Letterkunde: Literair Bedrijf,Nederlandse Taal en Cultuur,Dutch Language and Culture,Radboud Universiteit Nijmegen (RU) Faculteit der Letteren,56804,1001O6003,d0b26c4b-a51a-414c-a95e-02188b7b19cc,VOLTIJD,NLD,Nijmegen,,Pre-master Letterkunde: Literair Bedrijf | Nederlandse Taal en Cultuur | Dutch Language and Culture | Pre-Master's Literature: The Book Industry,1
Pre-master Letterkunde: Literatuur en Samenleving,Nederlandse Taal en Cultuur,Dutch Language and Culture,Radboud Universiteit Nijmegen (RU) Faculteit der Letteren,56804,1001O6003,36e6dcde-fdd3-4cb2-a145-8c1e7610d41a,VOLTIJD,NLD,Nijmegen,,Pre-master Letterkunde: Literatuur en Samenleving | Nederlandse Taal en Cultuur | Dutch Language and Culture | Pre-Master's Literature: Literature and Society,1
Pre-master Nederlands als Tweede Taal: Docent en Expert,Taalwetenschap,Linguistics,Radboud Universiteit Nijmegen (RU) Faculteit der Letteren,56803,1001O5997,cc2f48b3-a080-4033-a212-0ec35759fa3b,VOLTIJD,NLD,Nijmegen,,Pre-master Nederlands als Tweede Taal: Docent en Expert | Taalwetenschap | Linguistics | Pre-Master's Dutch as a Second Language: Teacher and Expert,1
"Pre-master Noord-Amerika Studies:Transatlantic Studies: History, Culture and Politics",English Language and Culture,English Language and Culture,Radboud Universiteit Nijmegen (RU) Faculteit der Letteren,50290,1001O5672,fa46e276-7891-4838-bbd8-a39cd3b50c86,VOLTIJD,ENG,Nijmegen,,"Pre-master Noord-Amerika Studies:Transatlantic Studies: History, Culture and Politics | English Language and Culture | Pre-Master's North American Studies: Transatlantic Studies History, Culture and Politics",1
Pre-master Oudheidstudies: Klassieke Cultuur,Griekse en Latijnse Taal en Cultuur,Classics,Radboud Universiteit Nijmegen (RU) Faculteit der Letteren,56003,1001O5809,0e963e3b-a420-4691-ae37-b9c952ca8770,VOLTIJD,NLD,Nijmegen,,Pre-master Oudheidstudies: Klassieke Cultuur | Griekse en Latijnse Taal en Cultuur | Classics | Pre-Master's Classics & Ancient Civilizations: Classical Culture,1
Pre-master Oudheidstudies: Romeinse Archeologie,Griekse en Latijnse Taal en Cultuur,Classics,Radboud Universiteit Nijmegen (RU) Faculteit der Letteren,56003,1001O5809,22954522-347d-4ce2-aa86-88166c2bf586,VOLTIJD,NLD,Nijmegen,,Pre-master Oudheidstudies: Romeinse Archeologie | Griekse en Latijnse Taal en Cultuur | Classics | Pre-Master's Classics & Ancient Civilizations: Roman Archeology,1
Pre-master Taal- en Communicatietechnologie,Taalwetenschap,Linguistics,Radboud Universiteit Nijmegen (RU) Faculteit der Letteren,56803,1001O5997,21b32b63-9cc8-460d-834a-844b490bb589,VOLTIJD,NLD,Nijmegen,,Pre-master Taal- en Communicatietechnologie | Taalwetenschap | Linguistics | Pre-Master's Language and Communication Technology,1
Pre-master Taal- en Spraakpathologie,Taalwetenschap,Linguistics,Radboud Universiteit Nijmegen (RU) Faculteit der Letteren,56803,1001O5997,737071c8-07cf-4432-ba53-197b9a19da63,VOLTIJD,NLD,Nijmegen,,Pre-master Taal- en Spraakpathologie | Taalwetenschap | Linguistics | Pre-Master's Language and Speech Pathology,1
Pre-master Tweejarige Educatieve Master Duits,Duitse Taal en Cultuur,German Language and Culture,Radboud Universiteit Nijmegen (RU) Faculteit der Letteren,56805,1001O6009,174726b5-fed9-4110-9d89-0dca1c6871e9,VOLTIJD,NLD,Nijmegen,,Pre-master Tweejarige Educatieve Master Duits | Duitse Taal en Cultuur | German Language and Culture | Two-year Educational Pre-Master's German,1
Pre-master Tweejarige Educatieve Master Engels,English Language and Culture,English Language and Culture,Radboud Universiteit Nijmegen (RU) Faculteit der Letteren,50290,1001O5672,f6dd47dc-aa16-40b1-918c-49b2bc81a5c5,VOLTIJD,NLD,Nijmegen,,Pre-master Tweejarige Educatieve Master Engels | English Language and Culture | Two-year Educational Pre-Master's English,1
Pre-master Tweejarige Educatieve Master Frans,Romaanse Talen en Culturen,Romance Languages and Cultures,Radboud Universiteit Nijmegen (RU) Faculteit der Letteren,56074,1001O5835,92e50565-9a86-43f8-a706-ae6bce19a53d,VOLTIJD,NLD,Nijmegen,,Pre-master Tweejarige Educatieve Master Frans | Romaanse Talen en Culturen | Romance Languages and Cultures | Two-year Educational Pre-Master's French,1
Pre-master Tweejarige Educatieve Master Geschiedenis,Geschiedenis,History,Radboud Universiteit Nijmegen (RU) Faculteit der Letteren,56034,1001O5822,6c9437cf-82f4-49b0-b0c0-9bcf148053d7,VOLTIJD,NLD,Nijmegen,,Pre-master Tweejarige Educatieve Master Geschiedenis | Geschiedenis | History | Two-year Educational Pre-Master's History,1
Pre-master Tweejarige Educatieve Master Kunstgeschiedenis en Culturele en Kunstzinnige Vorming,Kunstgeschiedenis,Art History,Radboud Universiteit Nijmegen (RU) Faculteit der Letteren,56824,1001O6053,43069d1c-d093-45db-ba81-3bf4a8113d77,VOLTIJD,NLD,Nijmegen,,Pre-master Tweejarige Educatieve Master Kunstgeschiedenis en Culturele en Kunstzinnige Vorming | Kunstgeschiedenis | Art History | Two-year Educational Pre-Master's Art History and Cultural and Artistic Education,1
Pre-master Tweejarige Educatieve Master Nederlands,Nederlandse Taal en Cultuur,Dutch Language and Culture,Radboud Universiteit Nijmegen (RU) Faculteit der Letteren,56804,1001O6003,8a29a387-d838-427f-a393-47bdcdfad0ac,VOLTIJD,NLD,Nijmegen,,Pre-master Tweejarige Educatieve Master Nederlands | Nederlandse Taal en Cultuur | Dutch Language and Culture | Two-year Educational Pre-Master's Dutch,1
Pre-master Tweejarige Educatieve Master Spaans,Romaanse Talen en Culturen,Romance Languages and Cultures,Radboud Universiteit Nijmegen (RU) Faculteit der Letteren,56074,1001O5835,33e91c3e-008c-4632-8231-d77d06f3e089,VOLTIJD,NLD,Nijmegen,,Pre-master Tweejarige Educatieve Master Spaans | Romaanse Talen en Culturen | Romance Languages and Cultures | Two-year Educational Pre-Master's Spanish,1
Taalwetenschap,Taalwetenschap,Linguistics,Radboud Universiteit Nijmegen (RU) Faculteit der Letteren,56803,1001O5997,07deb57c-52b5-4707-b755-9f7a884062c3,VOLTIJD,NLD,Nijmegen,,Taalwetenschap | Linguistics,1
Bestuurskunde,Bestuurskunde,Public Administration,Radboud Universiteit Nijmegen (RU) Faculteit der Managementwetenschappen,56627,1001O5969,8cb1dc73-ece7-4219-b0b6-01d57d6c64ec,VOLTIJD,NLD,Nijmegen,,Bestuurskunde | Public Administration,1
"Geografie, Planologie en Milieu","Geografie, Planologie en Milieu","Geography, Spatial Planning and Environment",Radboud Universiteit Nijmegen (RU) Faculteit der Managementwetenschappen,56947,1001O6131,46378952-8ba8-48a3-8d95-ba2dc150741c,VOLTIJD,NLD,Nijmegen,,"Geografie, Planologie en Milieu | Geography, Spatial Planning and Environment",1
Politicologie,Politicologie,Political Science,Radboud Universiteit Nijmegen (RU) Faculteit der Managementwetenschappen,56606,1001O5942,589bbb17-c3ea-4153-9dde-1120c44421bb,VOLTIJD,NLD,Nijmegen,,Politicologie | Political Science,1
Pre-master Bestuurskunde,Bestuurskunde,Public Administration,Radboud Universiteit Nijmegen (RU) Faculteit der Managementwetenschappen,56627,1001O5969,276f194c-b89b-47e3-8d65-574452f51735,VOLTIJD,NLD,Nijmegen,,Pre-master Bestuurskunde | Bestuurskunde | Public Administration | Pre-Master's Public Administration,1
Pre-master Business Administration,Bedrijfskunde,Business Administration,Radboud Universiteit Nijmegen (RU) Faculteit der Managementwetenschappen,50645,1001O5715,e16da346-9524-4925-a79f-56369a9da754,VOLTIJD,ENG,Nijmegen,,Pre-master Business Administration | Bedrijfskunde | Business Administration | Pre-Master's Business Administration,1
Pre-master Economics,Economie en Bedrijfseconomie,Economics and Business Economics,Radboud Universiteit Nijmegen (RU) Faculteit der Managementwetenschappen,50950,1001O5766,e6914d7e-f437-45e8-ad06-8c80ad107e07,VOLTIJD,ENG,Nijmegen,,Pre-master Economics | Economie en Bedrijfseconomie | Economics and Business Economics | Pre-Master's Economics,1
Pre-master Environment and Society Studies,"Geografie, Planologie en Milieu","Geography, Spatial Planning and Environment",Radboud Universiteit Nijmegen (RU) Faculteit der Managementwetenschappen,56947,1001O6131,e0dea269-b15c-483d-a9a8-4c9a389737a3,VOLTIJD,ENG,Nijmegen,,"Pre-master Environment and Society Studies | Geografie, Planologie en Milieu | Geography, Spatial Planning and Environment | Pre-Master's Environment and Society Studies",1
Pre-master Human Geography,"Geografie, Planologie en Milieu","Geography, Spatial Planning and Environment",Radboud Universiteit Nijmegen (RU) Faculteit der Managementwetenschappen,56947,1001O6131,c65f5a51-8ea5-4336-8bed-adfd1a23b6f5,VOLTIJD,ENG,Nijmegen,,"Pre-master Human Geography | Geografie, Planologie en Milieu | Geography, Spatial Planning and Environment | Pre-Master's Human Geography",1
Pre-master Political Science,Politicologie,Political Science,Radboud Universiteit Nijmegen (RU) Faculteit der Managementwetenschappen,56606,1001O5942,0f2137e6-f334-4fa4-b986-38489fe96db7,VOLTIJD,ENG,Nijmegen,,Pre-master Political Science | Politicologie | Political Science | Pre-Master's Political Science,1
Pre-master Spatial Planning,"Geografie, Planologie en Milieu","Geography, Spatial Planning and Environment",Radboud Universiteit Nijmegen (RU) Faculteit der Managementwetenschappen,56947,1001O6131,366f55f6-5851-435e-86c5-8f632c673625,VOLTIJD,ENG,Nijmegen,,"Pre-master Spatial Planning | Geografie, Planologie en Milieu | Geography, Spatial Planning and Environment | Pre-Master's Spatial Planning",1
Pre-master Tweejarige Educatieve Master Aardrijkskunde,"Geografie, Planologie en Milieu","Geography, Spatial Planning and Environment",Radboud Universiteit Nijmegen (RU) Faculteit der Managementwetenschappen,56947,1001O6131,b2547d39-88b4-4b4b-8a5f-e1ab718861e6,VOLTIJD,NLD,Nijmegen,,"Pre-master Tweejarige Educatieve Master Aardrijkskunde | Geografie, Planologie en Milieu | Geography, Spatial Planning and Environment | Two-year Educational Pre-Master's Geography",1
Pre-master Tweejarige Educatieve Master Maatschappijwetenschappen,Politicologie,Political Science,Radboud Universiteit Nijmegen (RU) Faculteit der Managementwetenschappen,56606,1001O5942,7cd09e61-90bf-46c5-a2c8-5f6e6bbb8aab,VOLTIJD,NLD,Nijmegen,,Pre-master Tweejarige Educatieve Master Maatschappijwetenschappen | Politicologie | Political Science | Two-year Educational Pre-Master's Society Studies,1
Biomedische Wetenschappen,Biomedische Wetenschappen,Biomedical Sciences,Radboud Universiteit Nijmegen (RU) Faculteit der Medische Wetenschappen,56990,1001O6208,4002ec00-fd34-4ac6-9406-995382c34bb7,VOLTIJD,NLD,Nijmegen,,Biomedische Wetenschappen | Biomedical Sciences,1
Geneeskunde,Geneeskunde,Medicine,Radboud Universiteit Nijmegen (RU) Faculteit der Medische Wetenschappen,56551,1001O5910,9afc9f9f-e6b0-4d1c-acfa-96bb1b9aadc9,VOLTIJD,NLD,Nijmegen,,Geneeskunde | Medicine,1
Pre-master Biomedical Sciences,Biomedische Wetenschappen,Biomedical Sciences,Radboud Universiteit Nijmegen (RU) Faculteit der Medische Wetenschappen,56990,1001O6208,d9b4e263-50e5-4f39-bd95-8dbb2d26183a,VOLTIJD,NLD,Nijmegen,,Pre-master Biomedical Sciences | Biomedische Wetenschappen | Biomedical Sciences | Pre-Master's Biomedical Sciences,1
Pre-master Geneeskunde,Geneeskunde,Medicine,Radboud Universiteit Nijmegen (RU) Faculteit der Medische Wetenschappen,56551,1001O5910,60392ff8-aef8-47e8-ad7d-255517f2807d,VOLTIJD,NLD,Nijmegen,,Pre-master Geneeskunde | Geneeskunde | Medicine | Pre-Master's Medicine,1
Tandheelkunde,Tandheelkunde,Dentistry,Radboud Universiteit Nijmegen (RU) Faculteit der Medische Wetenschappen,56560,1001O5918,046b1fee-e4b6-49d4-8ec6-6c6c667eeca8,VOLTIJD,NLD,Nijmegen,,Tandheelkunde | Dentistry,1
Biologie,Biology,Biology,Radboud Universiteit Nijmegen (RU) Faculteit der NWI,59325,1001O6234,05ea9031-b36c-4e5c-95f9-99fbb803f137,VOLTIJD,ENG,Nijmegen,,Biologie | Biology,1
Informatica,Computing Science,Computing Science,Radboud Universiteit Nijmegen (RU) Faculteit der NWI,59326,1001O6235,27fb5a14-b164-4f20-b5fe-f019854836c2,VOLTIJD,ENG,Nijmegen,,Informatica | Computing Science,1
Moleculaire Levenswetenschappen,Molecular Life Sciences,Molecular Life Sciences,Radboud Universiteit Nijmegen (RU) Faculteit der NWI,56944,1001O6127,87594c0c-75b5-4430-aa50-861c5eae7aec,VOLTIJD,ENG,Nijmegen,,Moleculaire Levenswetenschappen | Molecular Life Sciences,1
Natural Sciences,Natural Sciences,Natural Sciences,Radboud Universiteit Nijmegen (RU) Faculteit der NWI,56948,1001O6132,ce0239ec-53f4-4d12-a220-c3aa4aae3eda,VOLTIJD,NLD,Nijmegen,,Natural Sciences,1
Natuur- en Sterrenkunde,Natuur- en Sterrenkunde,Physics and Astronomy,Radboud Universiteit Nijmegen (RU) Faculteit der NWI,56984,1001O6193,f5f8328c-13ac-4c9a-850d-ae5b11a8b81b,VOLTIJD,NLD,Nijmegen,,Natuur- en Sterrenkunde | Physics and Astronomy,1
"Pre-master 1 jarige lerarenopleiding RDA-FNWI Engelstalige vakken (Biology, MLS en Chemistry)",Natural Sciences,Natural Sciences,Radboud Universiteit Nijmegen (RU) Faculteit der NWI,56948,1001O6132,d9a97c1c-3c70-4f9b-9883-9c49d211b11c,VOLTIJD,ENG,Nijmegen,,"Pre-master 1 jarige lerarenopleiding RDA-FNWI Engelstalige vakken (Biology, MLS en Chemistry) | Natural Sciences | Pre-Master's 1 year Teaching RDA-FNWI English-taught (Biology, MLS en Chemistry)",1
Pre-master 1 jarige lerarenopleiding RDA-FNWI Nederlandstalige vakken (Wiskunde en Natuurkunde),Natural Sciences,Natural Sciences,Radboud Universiteit Nijmegen (RU) Faculteit der NWI,56948,1001O6132,64f2da44-6043-4665-987f-ede8f2e3f314,VOLTIJD,NLD,Nijmegen,,Pre-master 1 jarige lerarenopleiding RDA-FNWI Nederlandstalige vakken (Wiskunde en Natuurkunde) | Natural Sciences | Pre-Master's 1 year Teaching RDA-FNWI Dutch-taught (Mathematics and Physics),1
Pre-master Biology: Adaptive Organisms,Biology,Biology,Radboud Universiteit Nijmegen (RU) Faculteit der NWI,59325,1001O6234,d52e137c-f266-41c3-b37a-21ce95613743,VOLTIJD,ENG,Nijmegen,,Pre-master Biology: Adaptive Organisms | Biology | Pre-Master's Biology: Adaptive Organisms,1
Pre-master Biology: Conservation and Restoration Ecology,Biology,Biology,Radboud Universiteit Nijmegen (RU) Faculteit der NWI,59325,1001O6234,5a25fa42-20bb-4dbe-8ea7-4e79dc42b3d1,VOLTIJD,ENG,Nijmegen,,Pre-master Biology: Conservation and Restoration Ecology | Biology | Pre-Master's Biology: Conservation and Restoration Ecology,1
Pre-master Biology: Environment and Sustainability,Biology,Biology,Radboud Universiteit Nijmegen (RU) Faculteit der NWI,59325,1001O6234,713fbe83-f9df-4cb8-8e60-6bfb2cae64de,VOLTIJD,NLD,Nijmegen,,Pre-master Biology: Environment and Sustainability | Biology | Pre-Master's Biology: Environment and Sustainability,1
Pre-master Biology: Microbiology,Biology,Biology,Radboud Universiteit Nijmegen (RU) Faculteit der NWI,59325,1001O6234,dcb72bad-9029-4061-9d44-72070626f816,VOLTIJD,ENG,Nijmegen,,Pre-master Biology: Microbiology | Biology | Pre-Master's Biology: Microbiology,1
Pre-master Computing Science: Cyber Security,Computing Science,Computing Science,Radboud Universiteit Nijmegen (RU) Faculteit der NWI,59326,1001O6235,8d19f761-6a96-4890-ab05-5cbfbbc84a12,VOLTIJD,ENG,Nijmegen,,Pre-master Computing Science: Cyber Security | Computing Science | Pre-Master's Computing Science: Cyber Security,1
Pre-master Computing Science: Cyber Security and AI,Computing Science,Computing Science,Radboud Universiteit Nijmegen (RU) Faculteit der NWI,59326,1001O6235,5fc104cc-63ae-4c2d-bad5-ece4a4342590,VOLTIJD,ENG,Nijmegen,,Pre-master Computing Science: Cyber Security and AI | Computing Science | Pre-Master's Computing Science: Cyber Security and AI,1
Pre-master Computing Science: Data Science,Computing Science,Computing Science,Radboud Universiteit Nijmegen (RU) Faculteit der NWI,59326,1001O6235,b63a44fe-c0dd-4849-b2f1-c83ee2d12e59,VOLTIJD,ENG,Nijmegen,,Pre-master Computing Science: Data Science | Computing Science | Pre-Master's Computing Science: Data Science,1
Pre-master Computing Science: Data Science and AI,Computing Science,Computing Science,Radboud Universiteit Nijmegen (RU) Faculteit der NWI,59326,1001O6235,e4a27e9f-c62a-4a0c-b35a-3ca775ad6457,VOLTIJD,NLD,Nijmegen,,Pre-master Computing Science: Data Science and AI | Computing Science | Pre-Master's Computing Science: Data Science and AI,1
Pre-master Computing Science: Mathematical Foundations of Computer Science,Computing Science,Computing Science,Radboud Universiteit Nijmegen (RU) Faculteit der NWI,59326,1001O6235,66a8e6b8-6107-4265-9c4f-d26a2807ebeb,VOLTIJD,ENG,Nijmegen,,Pre-master Computing Science: Mathematical Foundations of Computer Science | Computing Science | Pre-Master's Computing Science: Mathematical Foundations of Computer Science,1
Pre-master Computing Science: Software Science,Computing Science,Computing Science,Radboud Universiteit Nijmegen (RU) Faculteit der NWI,59326,1001O6235,1553a2bb-a6b6-4d11-aa9d-3bb19c91f287,VOLTIJD,ENG,Nijmegen,,Pre-master Computing Science: Software Science | Computing Science | Pre-Master's Computing Science: Software Science,1
Pre-master Crop Biotechnology and Engineering,Biology,Biology,Radboud Universiteit Nijmegen (RU) Faculteit der NWI,59325,1001O6234,310b7d15-9533-414b-9ea3-14589139cda6,VOLTIJD,ENG,Nijmegen,,Pre-master Crop Biotechnology and Engineering | Biology | Pre-Master's Crop Biotechnology and Engineering,1
Pre-master Information Sciences,Computing Science,Computing Science,Radboud Universiteit Nijmegen (RU) Faculteit der NWI,59326,1001O6235,a44db278-7bb6-49ee-a929-0c8369065bc6,VOLTIJD,ENG,Nijmegen,,Pre-master Information Sciences | Computing Science | Pre-Master's Information Sciences,1
Pre-master Mathematics,Wiskunde,Mathematics,Radboud Universiteit Nijmegen (RU) Faculteit der NWI,56980,1001O6181,b247e988-f90d-41ed-b60c-d55c740659d6,VOLTIJD,NLD,Nijmegen,,Pre-master Mathematics | Wiskunde | Mathematics | Pre-Master's Mathematics,1
Pre-master Medical Biology: Human Biology,Biology,Biology,Radboud Universiteit Nijmegen (RU) Faculteit der NWI,59325,1001O6234,01e71827-9563-4fe4-93e1-d5070c0575b1,VOLTIJD,ENG,Nijmegen,,Pre-master Medical Biology: Human Biology | Biology | Pre-Master's Medical Biology: Human Biology,1
Pre-master Medical Biology: Medical Epigenomics,Biology,Biology,Radboud Universiteit Nijmegen (RU) Faculteit der NWI,59325,1001O6234,99c12f77-67cd-4c4e-8c95-8512eff8c9a4,VOLTIJD,ENG,Nijmegen,,Pre-master Medical Biology: Medical Epigenomics | Biology | Pre-Master's Medical Biology: Medical Epigenomics,1
Pre-master Medical Biology: Neurobiology,Biology,Biology,Radboud Universiteit Nijmegen (RU) Faculteit der NWI,59325,1001O6234,def8c407-c1ae-463e-9206-c8c075588dc0,VOLTIJD,ENG,Nijmegen,,Pre-master Medical Biology: Neurobiology | Biology | Pre-Master's Medical Biology: Neurobiology,1
Pre-master Molecular Sciences: Chemistry of Life,Molecular Life Sciences,Molecular Life Sciences,Radboud Universiteit Nijmegen (RU) Faculteit der NWI,56944,1001O6127,323e15d6-f821-4ab4-a901-1b5600b7b980,VOLTIJD,ENG,Nijmegen,,Pre-master Molecular Sciences: Chemistry of Life | Molecular Life Sciences | Pre-Master's Molecular Sciences: Chemistry of Life,1
Pre-master Molecular Sciences: Medicinal Chemistry,Molecular Life Sciences,Molecular Life Sciences,Radboud Universiteit Nijmegen (RU) Faculteit der NWI,56944,1001O6127,074acd72-1825-41cc-81a8-7c0b9808a22b,VOLTIJD,ENG,Nijmegen,,Pre-master Molecular Sciences: Medicinal Chemistry | Molecular Life Sciences | Pre-Master's Molecular Sciences: Medicinal Chemistry,1
Pre-master Molecular Sciences: Molecular Chemistry,Molecular Life Sciences,Molecular Life Sciences,Radboud Universiteit Nijmegen (RU) Faculteit der NWI,56944,1001O6127,8df1135d-f9e3-467c-8f10-48382f4378b7,VOLTIJD,ENG,Nijmegen,,Pre-master Molecular Sciences: Molecular Chemistry | Molecular Life Sciences | Pre-Master's Molecular Sciences: Molecular Chemistry,1
Pre-master Molecular Sciences: Physical Chemistry,Molecular Life Sciences,Molecular Life Sciences,Radboud Universiteit Nijmegen (RU) Faculteit der NWI,56944,1001O6127,af185022-c1a9-48ec-9878-323ca23aba25,VOLTIJD,ENG,Nijmegen,,Pre-master Molecular Sciences: Physical Chemistry | Molecular Life Sciences | Pre-Master's Molecular Sciences: Physical Chemistry,1
Pre-master Physics and Astronomy: Neurophysics,Natuur- en Sterrenkunde,Physics and Astronomy,Radboud Universiteit Nijmegen (RU) Faculteit der NWI,56984,1001O6193,6a117ba5-d53d-4b43-a0b3-dc692310be7e,VOLTIJD,NLD,Nijmegen,,Pre-master Physics and Astronomy: Neurophysics | Natuur- en Sterrenkunde | Physics and Astronomy | Pre-Master's Physics and Astronomy: Neurophysics,1
Pre-master Physics and Astronomy: Particle and Astrophysics,Natuur- en Sterrenkunde,Physics and Astronomy,Radboud Universiteit Nijmegen (RU) Faculteit der NWI,56984,1001O6193,5a8fa6e4-9f46-45ad-88a2-d2d7fdd1c17f,VOLTIJD,NLD,Nijmegen,,Pre-master Physics and Astronomy: Particle and Astrophysics | Natuur- en Sterrenkunde | Physics and Astronomy | Pre-Master's Physics and Astronomy: Particle and Astrophysics,1
Pre-master Physics and Astronomy: Physics of Molecules and Materials,Natuur- en Sterrenkunde,Physics and Astronomy,Radboud Universiteit Nijmegen (RU) Faculteit der NWI,56984,1001O6193,9cc09108-2bcc-44af-8575-8d69fb520380,VOLTIJD,NLD,Nijmegen,,Pre-master Physics and Astronomy: Physics of Molecules and Materials | Natuur- en Sterrenkunde | Physics and Astronomy | Pre-Master's Physics and Astronomy: Physics of Molecules and Materials,1
Pre-master Science for Sustainability,Biology,Biology,Radboud Universiteit Nijmegen (RU) Faculteit der NWI,59325,1001O6234,af04d25a-53fc-4569-be12-1896e7d7f7b3,VOLTIJD,ENG,Nijmegen,,Pre-master Science for Sustainability | Biology | Pre-Master's Science for Sustainability,1
Pre-master Tweejarige Educatieve Master Biologie,Biology,Biology,Radboud Universiteit Nijmegen (RU) Faculteit der NWI,59325,1001O6234,e313673f-b99b-41fd-a1cd-0accb287c37f,VOLTIJD,NLD,Nijmegen,,Pre-master Tweejarige Educatieve Master Biologie | Biology | Pre-Master's Two-year Educational Master's Biology,1
Pre-master Tweejarige Educatieve Master Informatica,Computing Science,Computing Science,Radboud Universiteit Nijmegen (RU) Faculteit der NWI,59326,1001O6235,5041ae07-2e6a-47a6-8318-00310abd8a1c,VOLTIJD,NLD,Nijmegen,,Pre-master Tweejarige Educatieve Master Informatica | Computing Science | Pre-Master's Two-year Educational Master's Computing Science,1
Pre-master Tweejarige Educatieve Master Natuurkunde,Natuur- en Sterrenkunde,Physics and Astronomy,Radboud Universiteit Nijmegen (RU) Faculteit der NWI,56984,1001O6193,df31d714-711b-4170-8e93-d32d908168cf,VOLTIJD,NLD,Nijmegen,,Pre-master Tweejarige Educatieve Master Natuurkunde | Natuur- en Sterrenkunde | Physics and Astronomy | Pre-Master's Two-year Educational Master's Physics,1
Pre-master Tweejarige Educatieve Master Scheikunde,Chemistry,Chemistry,Radboud Universiteit Nijmegen (RU) Faculteit der NWI,56943,1001O6126,65f1617e-075f-4f14-bb4a-47733a0b2c3f,VOLTIJD,NLD,Nijmegen,,Pre-master Tweejarige Educatieve Master Scheikunde | Chemistry | Pre-Master's Two-year Educational Master's Chemistry,1
Pre-master Tweejarige Educatieve Master Wiskunde,Wiskunde,Mathematics,Radboud Universiteit Nijmegen (RU) Faculteit der NWI,56980,1001O6181,1dba25a6-288e-46fa-8972-82440e76f224,VOLTIJD,NLD,Nijmegen,,Pre-master Tweejarige Educatieve Master Wiskunde | Wiskunde | Mathematics | Pre-Master's Two-year Educational Master's Mathematics,1
Scheikunde,Chemistry,Chemistry,Radboud Universiteit Nijmegen (RU) Faculteit der NWI,56943,1001O6126,d3fbb1a0-6025-4246-9238-a651f8b31c86,VOLTIJD,ENG,Nijmegen,,Scheikunde | Chemistry,1
Wiskunde,Wiskunde,Mathematics,Radboud Universiteit Nijmegen (RU) Faculteit der NWI,56980,1001O6181,b444f4a9-c747-48ae-b222-5793e7f31fd3,VOLTIJD,NLD,Nijmegen,,Wiskunde | Mathematics,1
European Law School,European Law School,European Law School,Radboud Universiteit Nijmegen (RU) Faculteit der Rechtsgeleerdheid,50017,1001O5640,ff66a977-b280-4159-b41b-ea3222e2aee1,VOLTIJD,NLD,Nijmegen,,European Law School,1
Pre-master Fiscaal Recht,Rechtsgeleerdheid,Law,Radboud Universiteit Nijmegen (RU) Faculteit der Rechtsgeleerdheid,50700,1001O5731,e1a4e2df-9394-4959-af80-d8f7d6abf19d,VOLTIJD,NLD,Nijmegen,,Pre-master Fiscaal Recht | Rechtsgeleerdheid | Law | Pre-Master's Tax Law,1
Pre-master Notarieel Recht,Notarieel Recht,Notarial Law,Radboud Universiteit Nijmegen (RU) Faculteit der Rechtsgeleerdheid,56828,1001O6071,3a0226de-1bb3-423c-84ae-eeff9a1e764f,VOLTIJD,NLD,Nijmegen,,Pre-master Notarieel Recht | Notarieel Recht | Notarial Law | Pre-Master's Notarial Law,1
Pre-master Privaatrecht,Rechtsgeleerdheid,Law,Radboud Universiteit Nijmegen (RU) Faculteit der Rechtsgeleerdheid,50700,1001O5731,d3937af7-aca0-42a7-8a87-b7313b808e8e,VOLTIJD,NLD,Nijmegen,,Pre-master Privaatrecht | Rechtsgeleerdheid | Law | Pre-Master's Private Law,1
Pre-master Publiekrecht,Rechtsgeleerdheid,Law,Radboud Universiteit Nijmegen (RU) Faculteit der Rechtsgeleerdheid,50700,1001O5731,205b7429-5d17-4e14-8d50-1710606e64ab,VOLTIJD,NLD,Nijmegen,,Pre-master Publiekrecht | Rechtsgeleerdheid | Law | Pre-Master's Public Law,1
Artificial Intelligence,Artificial Intelligence,Artificial Intelligence,Radboud Universiteit Nijmegen (RU) Faculteit der Sociale Wetenschappen,56945,1001O6129,70132c6d-8164-4ebf-8988-776eb1f3e9ec,VOLTIJD,ENG,Nijmegen,,Artificial Intelligence,1
Communicatiewetenschap,Communicatiewetenschap,Communication Science,Radboud Universiteit Nijmegen (RU) Faculteit der Sociale Wetenschappen,56615,1001O5961,1c8b8b4c-cf63-4407-ae06-831a72b033fa,VOLTIJD,NLD,Nijmegen,,Communicatiewetenschap | Communication Science,1
Culturele Antropologie en Ontwikkelingssociologie,Culturele Antropologie en Ontwikkelingssociologie,Cultural Anthropology and Development Sociology,Radboud Universiteit Nijmegen (RU) Faculteit der Sociale Wetenschappen,50035,1001O5655,6d3cbfeb-8779-4bc5-b479-e36783d2fca8,VOLTIJD,NLD,Nijmegen,,Culturele Antropologie en Ontwikkelingssociologie | Cultural Anthropology and Development Sociology,1
Humane Neurowetenschappen,Humane Neurowetenschappen,Human Neuroscience,Radboud Universiteit Nijmegen (RU) Faculteit der Sociale Wetenschappen,59349,1001O8935,05ad0343-1cdb-4cfc-a11f-336f8c969fc3,VOLTIJD,NLD,Nijmegen,,Humane Neurowetenschappen | Human Neuroscience,1
Pedagogische Wetenschappen van Primair Onderwijs,Pedagogische Wetenschappen van Primair Onderwijs,Pedagogical Sciences of Primary Education,Radboud Universiteit Nijmegen (RU) Faculteit der Sociale Wetenschappen,59329,1001O6238,cd7688bc-b4e0-4843-8cef-8c680ff4135b,VOLTIJD,NLD,Nijmegen,,Pedagogische Wetenschappen van Primair Onderwijs | Pedagogical Sciences of Primary Education,1
Pre-master 1 jarige lerarenopleiding RDA-FSW,Sociologie,Sociology,Radboud Universiteit Nijmegen (RU) Faculteit der Sociale Wetenschappen,56601,1001O5926,dea425b3-225c-4c6b-8ff4-b250b069f46e,VOLTIJD,NLD,Nijmegen,,Pre-master 1 jarige lerarenopleiding RDA-FSW | Sociologie | Sociology | Pre-Master's 1 year Teaching RDA-FSW,1
Pre-master Anthropology and Development Studies,Culturele Antropologie en Ontwikkelingssociologie,Cultural Anthropology and Development Sociology,Radboud Universiteit Nijmegen (RU) Faculteit der Sociale Wetenschappen,50035,1001O5655,3449ed9a-2652-487e-9879-0d4aca606bfa,VOLTIJD,NLD,Nijmegen,,Pre-master Anthropology and Development Studies | Culturele Antropologie en Ontwikkelingssociologie | Cultural Anthropology and Development Sociology | Pre-Master's Anthropology and Development Studies,1
Pre-master Artificial Intelligence: Cognitive Computing,Artificial Intelligence,Artificial Intelligence,Radboud Universiteit Nijmegen (RU) Faculteit der Sociale Wetenschappen,56945,1001O6129,e27c4830-f63c-4960-b1db-dd3bbc0890b3,VOLTIJD,ENG,Nijmegen,,Pre-master Artificial Intelligence: Cognitive Computing | Artificial Intelligence | Pre-Master's Artificial Intelligence: Cognitive Computing,1
Pre-master Artificial Intelligence: Human Centered Intelligent Systems,Artificial Intelligence,Artificial Intelligence,Radboud Universiteit Nijmegen (RU) Faculteit der Sociale Wetenschappen,56945,1001O6129,f9435872-b8af-42ca-88e9-f0483f8c1e46,VOLTIJD,ENG,Nijmegen,,Pre-master Artificial Intelligence: Human Centered Intelligent Systems | Artificial Intelligence | Pre-Master's Artificial Intelligence: Human Centered Intelligent Systems,1
Pre-master Artificial Intelligence: Intelligent Technology,Artificial Intelligence,Artificial Intelligence,Radboud Universiteit Nijmegen (RU) Faculteit der Sociale Wetenschappen,56945,1001O6129,4a131366-0334-4c88-a548-ac40e9a62efd,VOLTIJD,ENG,Nijmegen,,Pre-master Artificial Intelligence: Intelligent Technology | Artificial Intelligence | Pre-Master's Artificial Intelligence: Intelligent Technology,1
Pre-master Artificial Intelligence: Machine Learning and Neural Computing,Artificial Intelligence,Artificial Intelligence,Radboud Universiteit Nijmegen (RU) Faculteit der Sociale Wetenschappen,56945,1001O6129,e124f577-9d8e-439d-9b14-4cbf66e63a58,VOLTIJD,ENG,Nijmegen,,Pre-master Artificial Intelligence: Machine Learning and Neural Computing | Artificial Intelligence | Pre-Master's Artificial Intelligence: Machine Learning and Neural Computing,1
Pre-master Communicatiewetenschap,Communicatiewetenschap,Communication Science,Radboud Universiteit Nijmegen (RU) Faculteit der Sociale Wetenschappen,56615,1001O5961,ead3c1b7-527e-4133-b3e5-736279aa9c1e,VOLTIJD,NLD,Nijmegen,,Pre-master Communicatiewetenschap | Communicatiewetenschap | Communication Science | Pre-Master's Communication Science,1
Pre-master Curriculumontwikkeling voor Primair Onderwijs,Pedagogische Wetenschappen van Primair Onderwijs,Pedagogical Sciences of Primary Education,Radboud Universiteit Nijmegen (RU) Faculteit der Sociale Wetenschappen,59329,1001O6238,9b3a1823-0a83-4256-a13e-b1a600ab6e6d,VOLTIJD,NLD,Nijmegen,,Pre-master Curriculumontwikkeling voor Primair Onderwijs | Pedagogische Wetenschappen van Primair Onderwijs | Pedagogical Sciences of Primary Education | Pre-Master's Pedagogical Sciences of Primary Education,1
Pre-master Intersectional Gender Studies,Culturele Antropologie en Ontwikkelingssociologie,Cultural Anthropology and Development Sociology,Radboud Universiteit Nijmegen (RU) Faculteit der Sociale Wetenschappen,50035,1001O5655,3f428c6e-0e39-4dce-8294-9d685f9be243,VOLTIJD,ENG,Nijmegen,,Pre-master Intersectional Gender Studies | Culturele Antropologie en Ontwikkelingssociologie | Cultural Anthropology and Development Sociology | Pre-Master's Intersectional Gender Studies,1
Pre-master Onderwijswetenschappen,Pedagogische Wetenschappen,Pedagogical Sciences,Radboud Universiteit Nijmegen (RU) Faculteit der Sociale Wetenschappen,56607,1001O5949,37a8e620-9131-46f4-bcb7-1b2ce5e33c3f,VOLTIJD,NLD,Nijmegen,,Pre-master Onderwijswetenschappen | Pedagogische Wetenschappen | Pedagogical Sciences | Pre-Master's Educational Sciences,1
Pre-master Pedagogische Wetenschappen: Orthopedagogiek,Pedagogische Wetenschappen,Pedagogical Sciences,Radboud Universiteit Nijmegen (RU) Faculteit der Sociale Wetenschappen,56607,1001O5949,69c0783d-3b9b-4458-8607-e10112f68461,VOLTIJD,NLD,Nijmegen,,Pre-master Pedagogische Wetenschappen: Orthopedagogiek | Pedagogische Wetenschappen | Pedagogical Sciences | Pre-Master's Pedagogical Sciences: Remedial Educationalist,1
Pre-master Pedagogische Wetenschappen: Pedagogiek,Pedagogische Wetenschappen,Pedagogical Sciences,Radboud Universiteit Nijmegen (RU) Faculteit der Sociale Wetenschappen,56607,1001O5949,541e84f6-c6e9-49fe-b7ad-b98bfcfeab1c,VOLTIJD,NLD,Nijmegen,,Pre-master Pedagogische Wetenschappen: Pedagogiek | Pedagogische Wetenschappen | Pedagogical Sciences | Pre-Master's Pedagogical Sciences: Pedagogy,1
Pre-master Sociologie,Sociologie,Sociology,Radboud Universiteit Nijmegen (RU) Faculteit der Sociale Wetenschappen,56601,1001O5926,1964c972-9504-4b86-ba5f-637b516c330a,VOLTIJD,NLD,Nijmegen,,Pre-master Sociologie | Sociologie | Sociology | Pre-Master's Sociology,1
Psychologie,Psychologie,Psychology,Radboud Universiteit Nijmegen (RU) Faculteit der Sociale Wetenschappen,56604,1001O5936,d951cde7-5665-4448-9d01-36f543fc1a4d,VOLTIJD,"ENG,NLD",Nijmegen,,Psychologie | Psychology,1
Sociologie,Sociologie,Sociology,Radboud Universiteit Nijmegen (RU) Faculteit der Sociale Wetenschappen,56601,1001O5926,a47a4d00-7fcf-4092-acac-656f1a48813f,VOLTIJD,NLD,Nijmegen,,Sociologie | Sociology,1
Educatieve Minor of Module Aardrijkskunde,"Geografie, Planologie en Milieu","Geography, Spatial Planning and Environment",Radboud Universiteit Nijmegen (RU) Radboud Docenten Academie,56947,1001O6131,78c0c01b-d3b5-4192-b453-480d94d247ab,VOLTIJD,NLD,Nijmegen,,"Educatieve Minor of Module Aardrijkskunde | Geografie, Planologie en Milieu | Geography, Spatial Planning and Environment | Education Module Geography",1
Educatieve Minor of Module Biologie,Biology,Biology,Radboud Universiteit Nijmegen (RU) Radboud Docenten Academie,59325,1001O6234,33280ca2-f297-463f-b135-8c20efa81147,VOLTIJD,NLD,Nijmegen,,Educatieve Minor of Module Biologie | Biology | Education Module Biology,1
Educatieve Minor of Module Duits,Duitse Taal en Cultuur,German Language and Culture,Radboud Universiteit Nijmegen (RU) Radboud Docenten Academie,56805,1001O6009,acf2d7a2-1384-4b5e-8d3d-17289bd36035,VOLTIJD,NLD,Nijmegen,,Educatieve Minor of Module Duits | Duitse Taal en Cultuur | German Language and Culture | Education Module German,1
Educatieve Minor of Module Engels,English Language and Culture,English Language and Culture,Radboud Universiteit Nijmegen (RU) Radboud Docenten Academie,50290,1001O5672,6be62f7e-bfa4-4c1e-a08f-8490fac54031,VOLTIJD,NLD,Nijmegen,,Educatieve Minor of Module Engels | English Language and Culture | Education Module English,1
Educatieve Minor of Module Frans,Romaanse Talen en Culturen,Romance Languages and Cultures,Radboud Universiteit Nijmegen (RU) Radboud Docenten Academie,56074,1001O5835,7dcc9328-d9ea-47e7-a2bb-d839237a5b16,VOLTIJD,NLD,Nijmegen,,Educatieve Minor of Module Frans | Romaanse Talen en Culturen | Romance Languages and Cultures | Education Module French,1
Educatieve Minor of Module Geschiedenis,Geschiedenis,History,Radboud Universiteit Nijmegen (RU) Radboud Docenten Academie,56034,1001O5822,276069dc-8856-438a-8541-0bd98204a01b,VOLTIJD,NLD,Nijmegen,,Educatieve Minor of Module Geschiedenis | Geschiedenis | History | Education Module History,1
Educatieve Minor of Module Godsdienst & levensbeschouwing,Religiewetenschappen,Religious Studies,Radboud Universiteit Nijmegen (RU) Radboud Docenten Academie,50902,1001O5755,5e20bf73-7d48-4043-b697-e3b5b8c90ae6,VOLTIJD,NLD,Nijmegen,,Educatieve Minor of Module Godsdienst & levensbeschouwing | Religiewetenschappen | Religious Studies | Education Module Religious Studies,1
Educatieve Minor of Module Godsdienst & levensbeschouwing,Theologie,Theology,Radboud Universiteit Nijmegen (RU) Radboud Docenten Academie,56109,1001O5857,938916a7-f351-42c9-b9df-c9e9363cbe35,VOLTIJD,NLD,Nijmegen,,Educatieve Minor of Module Godsdienst & levensbeschouwing | Theologie | Theology | Education Module Religious Studies,1
Educatieve Minor of Module Grieks en Latijn,Griekse en Latijnse Taal en Cultuur,Classics,Radboud Universiteit Nijmegen (RU) Radboud Docenten Academie,56003,1001O5809,3a1f320b-c91b-4986-95c0-16fdfb034f5c,VOLTIJD,NLD,Nijmegen,,Educatieve Minor of Module Grieks en Latijn | Griekse en Latijnse Taal en Cultuur | Classics | Education Module Greek and Latin,1
Educatieve Minor of Module Informatica,Computing Science,Computing Science,Radboud Universiteit Nijmegen (RU) Radboud Docenten Academie,59326,1001O6235,a891f9ae-e1de-4a9a-a0d3-1ad907b80287,VOLTIJD,NLD,Nijmegen,,Educatieve Minor of Module Informatica | Computing Science | Educatieve Module Computing Science,1
Educatieve Minor of Module Natuurkunde,Natural Sciences,Natural Sciences,Radboud Universiteit Nijmegen (RU) Radboud Docenten Academie,56948,1001O6132,077d7011-5da8-4ae4-ae5a-509b262d901e,VOLTIJD,NLD,Nijmegen,,Educatieve Minor of Module Natuurkunde | Natural Sciences | Education Module Physics,1
Educatieve Minor of Module Natuurkunde,Natuur- en Sterrenkunde,Physics and Astronomy,Radboud Universiteit Nijmegen (RU) Radboud Docenten Academie,56984,1001O6193,b0832a3c-1aa7-4afc-8abd-d15dc37a90a4,VOLTIJD,NLD,Nijmegen,,Educatieve Minor of Module Natuurkunde | Natuur- en Sterrenkunde | Physics and Astronomy | Education Module Physics,1
Educatieve Minor of Module Nederlands,Nederlandse Taal en Cultuur,Dutch Language and Culture,Radboud Universiteit Nijmegen (RU) Radboud Docenten Academie,56804,1001O6003,ca36259f-5163-4d00-8ba6-585408fc522d,VOLTIJD,NLD,Nijmegen,,Educatieve Minor of Module Nederlands | Nederlandse Taal en Cultuur | Dutch Language and Culture | Education Module Dutch,1
Educatieve Minor of Module Scheikunde,Natural Sciences,Natural Sciences,Radboud Universiteit Nijmegen (RU) Radboud Docenten Academie,56948,1001O6132,a5b93c5c-d06e-4147-90c5-e89ce6f093e0,VOLTIJD,NLD,Nijmegen,,Educatieve Minor of Module Scheikunde | Natural Sciences | Education Module Chemistry,1
Educatieve Minor of Module Scheikunde,Chemistry,Chemistry,Radboud Universiteit Nijmegen (RU) Radboud Docenten Academie,56943,1001O6126,a6c7a6c8-c314-4c8a-badc-29090e946534,VOLTIJD,NLD,Nijmegen,,Educatieve Minor of Module Scheikunde | Chemistry | Education Module Chemistry,1
Educatieve Minor of Module Scheikunde,Molecular Life Sciences,Molecular Life Sciences,Radboud Universiteit Nijmegen (RU) Radboud Docenten Academie,56944,1001O6127,b77d1c3b-b48f-450c-9b19-05d2979dd873,VOLTIJD,NLD,Nijmegen,,Educatieve Minor of Module Scheikunde | Molecular Life Sciences | Education Module Chemistry,1
Educatieve Minor of Module Spaans,Romaanse Talen en Culturen,Romance Languages and Cultures,Radboud Universiteit Nijmegen (RU) Radboud Docenten Academie,56074,1001O5835,d48e1edc-e906-4db9-bcd4-f7a23f10dde7,VOLTIJD,NLD,Nijmegen,,Educatieve Minor of Module Spaans | Romaanse Talen en Culturen | Romance Languages and Cultures | Education Module Spanish,1
Educatieve Minor of Module Wiskunde,Wiskunde,Mathematics,Radboud Universiteit Nijmegen (RU) Radboud Docenten Academie,56980,1001O6181,e410b5e5-594b-434e-865a-b436c6b4c228,VOLTIJD,NLD,Nijmegen,,Educatieve Minor of Module Wiskunde | Wiskunde | Mathematics | Education Module Mathematics,1
American Studies,American Studies,American Studies,Rijksuniversiteit Groningen,50623,1001O5705,be251e98-fb14-450f-ab0a-e6c36074c106,VOLTIJD,ENG,Groningen,,American Studies,1
Archeologie,Archeologie,Archaeology,Rijksuniversiteit Groningen,56703,1001O5979,1b7b9120-8520-4517-aa6a-0fa9cfa88a93,VOLTIJD,NLD,Groningen,,Archeologie | Archaeology,1
Bedrijfskunde,Bedrijfskunde,Business Administration,Rijksuniversiteit Groningen,50645,1001O5711,f25f1b86-400e-4a61-aa61-016f79febb1d,VOLTIJD,NLD,Groningen,,Bedrijfskunde | Business Administration,1
Bewegingswetenschappen,Bewegingswetenschappen,Human Movement Sciences,Rijksuniversiteit Groningen,56950,1001O6134,e2f255c1-67be-4d9e-a23a-519afc6c6258,VOLTIJD,NLD,Groningen,,Bewegingswetenschappen | Human Movement Sciences,1
Biologie,Biologie,Biology,Rijksuniversiteit Groningen,56860,1001O6118,260beda1-04c1-467a-abb5-477579bd5850,VOLTIJD,ENG,Groningen,,Biologie | Biology,1
Biomedische Technologie,Biomedische Technologie,Biomedical Engineering,Rijksuniversiteit Groningen,56226,1001O5871,d9269d1a-3824-4c3e-995b-4cccca0e0d5f,VOLTIJD,ENG,Groningen,,Biomedische Technologie | Biomedical Engineering,2
Communicatie- en Informatiewetenschappen,Communicatie- en Informatiewetenschappen,Communication and Information Studies,Rijksuniversiteit Groningen,56826,1001O6056,9a7d3271-edc5-4cb6-b9d6-c0961afb1eb7,VOLTIJD,ENG,Groningen,,Communicatie- en Informatiewetenschappen | Communication and Information Studies,1
Communicatie- en Informatiewetenschappen,Communicatie- en Informatiewetenschappen,Communication and Information Studies,Rijksuniversiteit Groningen,56826,1001O6056,d5f3bff1-0da9-493b-8fdb-de0f2e57ce8a,VOLTIJD,NLD,Groningen,,Communicatie- en Informatiewetenschappen | Communication and Information Studies,1
Data Science and Society,Data Science and Society,Data Science and Society,Rijksuniversiteit Groningen,50982,1001O8744,e105b951-f50c-47d6-b509-65bdf8c9c351,VOLTIJD,ENG,Leeuwarden,,Data Science and Society,1
Econometrie en Operationele Research,Econometrie en Operationele Research,Econometrics and Operations Research,Rijksuniversiteit Groningen,56833,1001O6076,1c629a16-101a-4443-ab12-892186c9947b,VOLTIJD,ENG,Groningen,,Econometrie en Operationele Research | Econometrics and Operations Research,1
Economie en Bedrijfseconomie,Economie en Bedrijfseconomie,Economics and Business Economics,Rijksuniversiteit Groningen,50950,1001O5761,a4d4cf7e-8e74-41fc-a8a3-4c66cc26b871,VOLTIJD,ENG,Groningen,,Economie en Bedrijfseconomie | Economics and Business Economics,1
English Language and Culture,English Language and Culture,English Language and Culture,Rijksuniversiteit Groningen,50290,1001O5670,30e12bfc-0a6c-4405-b9a4-44d36fc73867,VOLTIJD,ENG,Groningen,,English Language and Culture,1
Europese Talen en Culturen,Europese Talen en Culturen,European Languages and Cultures,Rijksuniversiteit Groningen,56124,1001O5866,82208812-6628-4218-9bc3-75899aa22507,VOLTIJD,ENG,Groningen,,Europese Talen en Culturen | European Languages and Cultures,1
Europese Talen en Culturen,Europese Talen en Culturen,European Languages and Cultures,Rijksuniversiteit Groningen,56124,1001O5866,ae66d52f-a2cd-4901-a3d9-758d1def7154,VOLTIJD,NLD,Groningen,,Europese Talen en Culturen | European Languages and Cultures,1
Farmacie,Farmacie,Pharmacy,Rijksuniversiteit Groningen,56157,1001O5867,2de276ca-433d-4a84-babe-b435e9555aab,VOLTIJD,NLD,Groningen,,Farmacie | Pharmacy,1
Farmacie,Farmacie,Pharmacy,Rijksuniversiteit Groningen,56157,1001O5867,f2a7d2df-97be-4bda-8e64-b19bd24a65ba,VOLTIJD,ENG,Groningen,,Farmacie | Pharmacy,1
Filosofie,Filosofie,Philosophy,Rijksuniversiteit Groningen,56081,1001O5838,c2a1f8aa-50aa-4915-9af1-b8737d4efa4b,VOLTIJD,NLD,Groningen,,Filosofie | Philosophy,1
Geneeskunde,Geneeskunde,Medicine,Rijksuniversiteit Groningen,56551,1001O5904,f3168827-5498-49fe-b6a3-de8e1d1770fd,VOLTIJD,NLD,Groningen,,Geneeskunde | Medicine,1
Geschiedenis,Geschiedenis,History,Rijksuniversiteit Groningen,56034,1001O5817,b49220e3-6bad-4151-bc7b-26353b11b190,VOLTIJD,ENG,Groningen,,Geschiedenis | History,1
Geschiedenis,Geschiedenis,History,Rijksuniversiteit Groningen,56034,1001O5817,bca85496-aabf-4684-a7c9-c8f94ad39a36,VOLTIJD,NLD,Groningen,,Geschiedenis | History,1
Global Responsibility and Leadership,Global Responsibility and Leadership,Global Responsibility and Leadership,Rijksuniversiteit Groningen,59327,1001O6236,f41491f0-8793-4090-affb-54b5d73e445a,VOLTIJD,ENG,Leeuwarden,,Global Responsibility and Leadership,1
Griekse en Latijnse Taal en Cultuur,Griekse en Latijnse Taal en Cultuur,Classics,Rijksuniversiteit Groningen,56003,1001O5806,732193a9-b696-4e7b-a9a0-58d9a21d9cb0,VOLTIJD,NLD,Groningen,,Griekse en Latijnse Taal en Cultuur | Classics,1
Human Geography and Planning,Human Geography and Planning,Human Geography and Planning,Rijksuniversiteit Groningen,50974,1001O5774,3c9ac13b-3f3a-40f7-93d4-277ac2b1ba0a,VOLTIJD,ENG,Groningen,,Human Geography and Planning,1
Informatica,Informatica,Computing Science,Rijksuniversiteit Groningen,56978,1001O6170,4ff92595-5040-4b1d-99dc-1db05424ff79,VOLTIJD,ENG,Groningen,,Informatica | Computing Science,2
Informatiekunde,Informatiekunde,Information Science,Rijksuniversiteit Groningen,56842,1001O6095,1a541905-4b5d-41d9-9843-6090ba5cce64,VOLTIJD,ENG,Groningen,,Informatiekunde | Information Science,1
Informatiekunde,Informatiekunde,Information Science,Rijksuniversiteit Groningen,56842,1001O6095,2094d140-1f9f-4c1b-97dc-24e7fe031ce7,VOLTIJD,NLD,Groningen,,Informatiekunde | Information Science,1
International and European Law,International and European Law,International and European Law,Rijksuniversiteit Groningen,56829,1001O6072,06bd2460-2125-4500-b1ec-430a1c182b3f,VOLTIJD,ENG,Groningen,,International and European Law,1
International Business,International Business,International Business,Rijksuniversiteit Groningen,50019,1001O5642,0e47b3a5-ccd2-4f65-945c-3af5415fa0e5,VOLTIJD,ENG,Groningen,,International Business,1
Internationale Betrekkingen en Internationale Organisatie,Internationale Betrekkingen en Internationale Organisatie,International Relations and International Organization,Rijksuniversiteit Groningen,50627,1001O5706,0611d762-fbeb-447b-a5d3-94fbd74157a0,VOLTIJD,ENG,Groningen,,Internationale Betrekkingen en Internationale Organisatie | International Relations and International Organization,1
"Kunsten, Cultuur en Media","Kunsten, Cultuur en Media","Arts, Culture and Media",Rijksuniversiteit Groningen,50629,1001O5707,9e23a930-ecf9-4d34-8d18-e67f01e7a0bd,VOLTIJD,NLD,Groningen,,"Kunsten, Cultuur en Media | Arts, Culture and Media",1
"Kunsten, Cultuur en Media","Kunsten, Cultuur en Media","Arts, Culture and Media",Rijksuniversiteit Groningen,50629,1001O5707,a8535621-e4bd-4c12-ae3e-c6f3c9faa529,VOLTIJD,ENG,Groningen,,"Kunsten, Cultuur en Media | Arts, Culture and Media",1
Kunstgeschiedenis,Kunstgeschiedenis,Art History,Rijksuniversiteit Groningen,56824,1001O6049,1e81842f-4493-4002-9e06-0969c894d7bb,VOLTIJD,ENG,Groningen,,Kunstgeschiedenis | Art History,1
Kunstmatige Intelligentie,Kunstmatige Intelligentie,Artificial Intelligence,Rijksuniversiteit Groningen,56981,1001O6182,4b74ef4f-fecd-4f5b-8d01-03ea19860504,VOLTIJD,ENG,Groningen,,Kunstmatige Intelligentie | Artificial Intelligence,2
Liberal Arts and Sciences,Liberal Arts and Sciences,Liberal Arts and Sciences,Rijksuniversiteit Groningen,50393,1001O5680,fa0baf5c-377f-4622-896c-bfa4e794154c,VOLTIJD,ENG,Groningen,,Liberal Arts and Sciences,1
Life Science and Technology,Life Science and Technology,Life Science and Technology,Rijksuniversiteit Groningen,56286,1001O5878,9f4f3fca-05c4-424b-a789-30599628e4fe,VOLTIJD,ENG,Groningen,,Life Science and Technology,2
Media en Cultuur,Media en Cultuur,Media Studies,Rijksuniversiteit Groningen,50906,1001O5757,046b499c-6c6e-406e-a89d-7b12857ebf4d,VOLTIJD,ENG,Groningen,,Media en Cultuur | Media Studies,1
Midden-Oostenstudies,Midden-Oostenstudies,Middle Eastern Studies,Rijksuniversiteit Groningen,56098,1001O5847,682fe0e8-824a-4092-86e4-60eddcb11fe5,VOLTIJD,NLD,Groningen,,Midden-Oostenstudies | Middle Eastern Studies,1
Minorities & Multilingualism,Minorities & Multilingualism,Minorities & Multilingualism,Rijksuniversiteit Groningen,56012,1001O5810,d3f89b01-47e8-45a6-9784-af4673f05905,VOLTIJD,ENG,Groningen,,Minorities & Multilingualism,1
Natuurkunde,Natuurkunde,Physics,Rijksuniversiteit Groningen,50206,1001O5666,c31383d8-c766-4d04-8dc8-7b45c862b083,VOLTIJD,ENG,Groningen,,Natuurkunde | Physics,1
Nederlandse Taal en Cultuur,Nederlandse Taal en Cultuur,Dutch Language and Culture,Rijksuniversiteit Groningen,56804,1001O5999,0a7af361-bc30-4c15-8bf4-0e56c08fa50b,VOLTIJD,NLD,Groningen,,Nederlandse Taal en Cultuur | Dutch Language and Culture,1
Nederlandse Talen en Culturen,Nederlandse Talen en Culturen,Dutch Languages and Cultures,Rijksuniversiteit Groningen,50479,1016O2817,14ed6072-b520-4b71-b182-a3a05e42349c,VOLTIJD,NLD,Groningen,,Nederlandse Talen en Culturen | Dutch Languages and Cultures,1
Pedagogische Wetenschappen,Pedagogische Wetenschappen,Pedagogical Sciences,Rijksuniversiteit Groningen,56607,1001O5944,e97b8534-977e-42e8-880e-a0ee0544879c,VOLTIJD,NLD,Groningen,,Pedagogische Wetenschappen | Pedagogical Sciences,1
Psychologie,Psychologie,Psychology,Rijksuniversiteit Groningen,56604,1001O5929,4ab3b08b-8e82-4cb5-ac50-8e55c3a64810,VOLTIJD,ENG,Groningen,,Psychologie | Psychology,1
Psychologie,Psychologie,Psychology,Rijksuniversiteit Groningen,56604,1001O5929,6f88b5d5-d5af-4775-b07a-87773fd3535b,VOLTIJD,NLD,Groningen,,Psychologie | Psychology,1
Rechtsgeleerdheid,Rechtsgeleerdheid,Dutch Law,Rijksuniversiteit Groningen,50700,1001O5725,048b86d5-80b4-47c6-b575-2978bc2c9676,VOLTIJD,NLD,Groningen,,Rechtsgeleerdheid | Dutch Law,1
Rechtsgeleerdheid,Rechtsgeleerdheid,Dutch Law,Rijksuniversiteit Groningen,50700,1001O5725,9b40f5fa-8bae-4ebc-a6dd-7fef966024ff,VOLTIJD,NLD,Leeuwarden,,Rechtsgeleerdheid | Dutch Law,1
Religiewetenschappen,Religiewetenschappen,Religious Studies,Rijksuniversiteit Groningen,50902,1001O5751,1ae42d82-855c-4125-8003-9e75ec2d1418,VOLTIJD,ENG,Groningen,,Religiewetenschappen | Religious Studies,1
Religiewetenschappen,Religiewetenschappen,Religious Studies,Rijksuniversiteit Groningen,50902,1001O5751,e8c968b9-ccc9-4d44-9583-ec3d6611faf4,VOLTIJD,NLD,Groningen,,Religiewetenschappen | Religious Studies,1
Scheikunde,Scheikunde,Chemistry,Rijksuniversiteit Groningen,56857,1001O6112,b278c846-17eb-40fc-b4dc-2c5fe409e4ff,VOLTIJD,ENG,Groningen,,Scheikunde | Chemistry,1
Scheikundige Technologie,Scheikundige Technologie,Chemical Engineering,Rijksuniversiteit Groningen,56960,1001O6149,9aeec357-869f-4b56-8a9b-d04c4fb71643,VOLTIJD,ENG,Groningen,,Scheikundige Technologie | Chemical Engineering,1
Sociologie,Sociologie,Sociology,Rijksuniversiteit Groningen,56601,1001O5921,4f52b521-015b-4986-80e1-14fa94119715,VOLTIJD,NLD,Groningen,,Sociologie | Sociology,1
Spatial Planning and Design,Spatial Planning and Design,Spatial Planning and Design,Rijksuniversiteit Groningen,56194,1001O5869,72204c16-0a8f-45c5-af36-dbb02f13ce44,VOLTIJD,ENG,Groningen,,Spatial Planning and Design,2
Sterrenkunde,Sterrenkunde,Astronomy,Rijksuniversiteit Groningen,50205,1001O5664,49ee7fec-702e-4e02-9c34-7b2446790af0,VOLTIJD,ENG,Groningen,,Sterrenkunde | Astronomy,2
Taalwetenschap,Taalwetenschap,Linguistics,Rijksuniversiteit Groningen,56803,1001O5993,86479170-43cd-40ad-8474-91de4abf6db7,VOLTIJD,NLD,Groningen,,Taalwetenschap | Linguistics,1
Tandheelkunde,Tandheelkunde,Dentistry,Rijksuniversiteit Groningen,56560,1001O5915,6e8348de-66e7-4c14-a350-eaf7036dc9fe,VOLTIJD,NLD,Groningen,,Tandheelkunde | Dentistry,1
Technische Bedrijfskunde,Technische Bedrijfskunde,Industrial Engineering & Management,Rijksuniversiteit Groningen,56994,1001O6210,2e3fcbfe-87d1-459e-8e76-1ca4e72334d0,VOLTIJD,ENG,Groningen,,Technische Bedrijfskunde | Industrial Engineering & Management,2
Technische Natuurkunde,Technische Natuurkunde,Applied Physics,Rijksuniversiteit Groningen,56962,1001O6152,58bd2539-41a9-4207-bbdf-4fa471f7d6d0,VOLTIJD,ENG,Groningen,,Technische Natuurkunde | Applied Physics,1
Technische Wiskunde,Technische Wiskunde,Applied Mathematics,Rijksuniversiteit Groningen,56965,1001O6160,bb901d8a-76d9-4e7c-9b49-689fba25f0c2,VOLTIJD,ENG,Groningen,,Technische Wiskunde | Applied Mathematics,1
Theologie,Theologie,Theology,Rijksuniversiteit Groningen,56109,1001O5855,28e85f49-4d08-4793-b0e8-70c2c7d6db09,VOLTIJD,NLD,Groningen,,Theologie | Theology,1
Wiskunde,Wiskunde,Mathematics,Rijksuniversiteit Groningen,56980,1001O6177,ee1d0182-8a04-4521-a377-8d18c941594a,VOLTIJD,ENG,Groningen,,Wiskunde | Mathematics,1
Werktuigbouwkunde,Werktuigbouwkunde,Mechanical Engineering,Technische Universiteit Eindhoven,56966,1001O6165,0e0bba73-9b38-76e4-e063-6f2ba8c08759,VOLTIJD,ENG,Eindhoven,,Werktuigbouwkunde | Mechanical Engineering,1
Bachelor Theologie,Theologie,,Theologische Universiteit Apeldoorn,56109,1001O5859,e4de27b6-ec9d-46b7-a9f0-7ade138b1ed3,VOLTIJD,NLD,Apeldoorn,https://www.tua.nl/nl/onderwijs/o/bachelor-theologie,Bachelor Theologie | Theologie,1
Theologie,Theologie,,Theologische Universiteit Utrecht,56109,1001O5860,777f6dae-c9bd-458e-9750-6f3ba66e8f69,VOLTIJD,NLD,Utrecht,,Theologie,1
Algemene Cultuurwetenschappen,Algemene Cultuurwetenschappen,Culture Studies,Tilburg University,56823,1001O6046,65b743d9-46e0-4f63-b7f1-8d0b10bbe2b5,VOLTIJD,NLD,Tilburg,,Algemene Cultuurwetenschappen | Culture Studies,1
Cognitive Science and Artificial Intelligence,Cognitive Science and Artificial Intelligence,Cognitive Science and Artificial Intelligence,Tilburg University,59338,1001O6245,fe0190e9-546b-4687-a488-8798a97fc4be,VOLTIJD,ENG,Tilburg,,Cognitive Science and Artificial Intelligence,1
Communicatie- en Informatiewetenschappen,Communicatie- en Informatiewetenschappen,Communication and Information Sciences,Tilburg University,56826,1001O6060,98ad9ed3-ecd3-4217-9844-b2453d4c45d1,VOLTIJD,NLD,Tilburg,,Communicatie- en Informatiewetenschappen | Communication and Information Sciences,1
Econometrie en Operationele Research,Econometrie en Operationele Research,Econometrics and Operations Research,Tilburg University,56833,1001O6081,f642259f-1a46-4c7d-af4d-e4b4ea55bb48,VOLTIJD,ENG,Tilburg,,Econometrie en Operationele Research | Econometrics and Operations Research,1
Economics,Economie,Economics,Tilburg University,56401,1001O5883,e6bf9ead-7188-43ee-b800-72671f459690,VOLTIJD,ENG,Tilburg,,Economics | Economie,1
Economie en Bedrijfseconomie,Economie en Bedrijfseconomie,Economics and Business Economics,Tilburg University,50950,1001O5767,be3575d2-95c5-48fb-9ced-dba6f01a39d0,VOLTIJD,NLD,Tilburg,,Economie en Bedrijfseconomie | Economics and Business Economics,1
Entrepreneurship and Business Innovation,Entrepreneurship and Business Innovation,Entrepreneurship and Business Innovation,Tilburg University,59340,1001O6247,70a504d4-da6a-4ed9-93c4-928e91f14059,VOLTIJD,ENG,Tilburg,,Entrepreneurship and Business Innovation,1
Filosofie,Filosofie,Philosophy,Tilburg University,56081,1001O5844,3d460953-694f-4cbe-95a9-c95868f9573c,VOLTIJD,NLD,Tilburg,,Filosofie | Philosophy,1
Global Law,Global Law,Global Law,Tilburg University,56475,1001O5902,0e31fa43-a733-4ee4-b2b3-7f68a245d0c1,VOLTIJD,ENG,Tilburg,,Global Law,1
International Business Administration,International Business Administration,International Business Administration,Tilburg University,50952,1001O5773,83ed252b-2d40-4deb-9942-245a5a6f48a7,VOLTIJD,ENG,Tilburg,,International Business Administration,1
Liberal Arts and Sciences,Liberal Arts and Sciences,Liberal Arts and Sciences,Tilburg University,50393,1001O5686,55d1ea5d-f95e-4a70-974a-31f6bb61f32d,VOLTIJD,ENG,Tilburg,,Liberal Arts and Sciences,1
Theologie,Theologie,Theology,Tilburg University,56109,1001O5858,7a3f3634-f5b8-47bd-8d43-3c9dcd72fb45,VOLTIJD,ENG,Utrecht,,Theologie | Theology,1
Theologie,Theologie,Theology,Tilburg University,56109,1001O5858,aef8281f-a56c-468f-bf61-3a17f47bf374,VOLTIJD,ENG,Tilburg,,Theologie | Theology,1
African Studies,African Studies,African Studies,Universiteit Leiden,56821,1001O6041,a62cb339-7da0-4065-b548-454638f4a878,VOLTIJD,ENG,Leiden,,African Studies,1
Archeologie,Archeologie,Archaeology,Universiteit Leiden,56703,1001O5978,9302e80d-d9bd-417c-bd9f-707a5023a8df,VOLTIJD,NLD,Leiden,,Archeologie | Archaeology,1
Bestuurskunde,Bestuurskunde,Public Administration,Universiteit Leiden,56627,1001O5965,936b2d9f-d706-43ab-be6c-0cc3e3e4c9a0,VOLTIJD,NLD,'s-Gravenhage,,Bestuurskunde | Public Administration,1
Bio-Farmaceutische Wetenschappen,Bio-Farmaceutische Wetenschappen,,Universiteit Leiden,50207,1001O5667,daa76097-745b-4ce4-add8-3769548f359e,VOLTIJD,NLD,Leiden,,Bio-Farmaceutische Wetenschappen | Bio-Pharmaceutical Sciences,1
Biologie,Biologie,Biology,Universiteit Leiden,56860,1001O6117,62bcefb3-ce80-4f36-a0de-8c141d886cf8,VOLTIJD,NLD,Leiden,,Biologie | Biology,1
Biomedische Wetenschappen,Biomedische Wetenschappen,,Universiteit Leiden,56990,1001O6203,3282d4c3-9710-43a9-b8ac-7195b996fe99,VOLTIJD,NLD,Leiden,,Biomedische Wetenschappen | Biomedical Science,1
Chinastudies,Chinastudies,Chinese Studies,Universiteit Leiden,56818,1001O6038,7ec304b7-5cc0-4311-9cbe-04538dd60aa6,VOLTIJD,NLD,Leiden,,Chinastudies | Chinese Studies,1
Criminologie,Criminologie,,Universiteit Leiden,56469,1001O5899,a9549a79-15f5-4667-9dea-35a7730a8be7,VOLTIJD,NLD,Leiden,,Criminologie | Criminology,1
Cultural Anthropology and Development Sociology,Culturele Antropologie en Ontwikkelingssociologie,Cultural Anthropology and Development Sociology,Universiteit Leiden,50035,1001O5651,fa3a2734-93de-418f-9a9c-a8b76e6e23a3,VOLTIJD,NLD,Leiden,,Cultural Anthropology and Development Sociology | Culturele Antropologie en Ontwikkelingssociologie,1
Cybersecurity & Cybercrime,Cybersecurity & Cybercrime,Cybersecurity & Cybercrime,Universiteit Leiden,59348,1001O8924,edd060e9-1f6d-4023-8e68-ebe55d5989a7,VOLTIJD,NLD,'s-Gravenhage,,Cybersecurity & Cybercrime,1
Data Science and Artificial Intelligence,Data Science and Artificial Intelligence,Data Science and Artificial Intelligence,Universiteit Leiden,50300,1001O5674,a42b6f7f-b207-40c8-8655-9db3cf9ecadf,VOLTIJD,ENG,Leiden,,Data Science and Artificial Intelligence,1
Duitse Taal en Cultuur,Duitse Taal en Cultuur,,Universiteit Leiden,56805,1001O6004,6c2c1673-374e-41e5-b5c7-e2f9b1e4e050,VOLTIJD,NLD,Leiden,,Duitse Taal en Cultuur | German Language and Culture,1
Economie en Samenleving,Economie & Samenleving,Economics & Society,Universiteit Leiden,50996,1001O8921,4b7ca1e3-7b76-44b9-91d7-5cba443515c4,VOLTIJD,NLD,'s-Gravenhage,,Economie en Samenleving | Economie & Samenleving | Economics & Society | Economics and Society,1
English Language and Culture,Engelse Taal en Cultuur,,Universiteit Leiden,56806,1001O6010,6ae30079-4cd6-43ff-bb20-ff67d9f33284,VOLTIJD,ENG,Leiden,,English Language and Culture | Engelse Taal en Cultuur,1
Film- en Literatuurwetenschap,Film- en Literatuurwetenschap,Film and Literary Studies,Universiteit Leiden,50414,1001O5689,d7731d03-7593-4ed9-9516-65642eb8bb0a,VOLTIJD,NLD,Leiden,,Film- en Literatuurwetenschap | Film and Literary Studies,1
Filosofie,Filosofie,,Universiteit Leiden,56081,1001O5837,f04865ab-07ab-473d-a227-3aebc1358c8a,VOLTIJD,NLD,Leiden,,Filosofie | Philosophy,1
Fiscaal Recht,Fiscaal Recht,Tax Law,Universiteit Leiden,56827,1001O6061,c2311d3c-2fb8-4a92-893b-5857b81f4ced,VOLTIJD,NLD,Leiden,,Fiscaal Recht | Tax Law,1
Franse Taal en Cultuur,Franse Taal en Cultuur,,Universiteit Leiden,56808,1001O6018,45073c5b-1603-4af2-8994-24a755deb82e,VOLTIJD,NLD,Leiden,,Franse Taal en Cultuur | French Language and Culture,1
Geneeskunde,Geneeskunde,Medicine,Universiteit Leiden,56551,1001O5903,25c52901-b71c-4b6b-bf06-ba8b28b9970a,VOLTIJD,NLD,Leiden,,Geneeskunde | Medicine,1
Geschiedenis,Geschiedenis,History,Universiteit Leiden,56034,1001O5816,380b13e0-f7f4-461c-9342-5dba777a873b,VOLTIJD,NLD,Leiden,,Geschiedenis | History,1
Griekse en Latijnse Taal en Cultuur,Griekse en Latijnse Taal en Cultuur,Classics,Universiteit Leiden,56003,1001O5805,2e7faf28-7b0b-41ad-9c53-b7316952f79d,VOLTIJD,NLD,Leiden,,Griekse en Latijnse Taal en Cultuur | Classics,1
Informatica,Informatica,Computer Science,Universiteit Leiden,56978,1001O6169,a4812baf-728b-4150-8051-5905a14a0505,VOLTIJD,NLD,Leiden,,Informatica | Computer Science,1
International Studies,International Studies,International Studies,Universiteit Leiden,59316,1001O6229,5148ad1c-e08b-4b33-a0bb-959a46f2c54c,VOLTIJD,ENG,'s-Gravenhage,,International Studies,1
Italiaanse Taal en Cultuur,Italiaanse Taal en Cultuur,,Universiteit Leiden,56809,1001O6023,5e0dcfac-87d7-4241-a306-847fb32b9338,VOLTIJD,NLD,Leiden,,Italiaanse Taal en Cultuur | Italian Language and Culture,1
Japanstudies,Japanstudies,Japanese Studies,Universiteit Leiden,56819,1001O6039,8338f751-e95b-4388-ad31-a079d5489b26,VOLTIJD,NLD,Leiden,,Japanstudies | Japanese Studies,1
Koreastudies,Koreastudies,Korean Studies,Universiteit Leiden,56820,1001O6040,a26947de-77c5-4e7f-b8ec-0f514fdf2b74,VOLTIJD,NLD,Leiden,,Koreastudies | Korean Studies,1
Kunstgeschiedenis,Kunstgeschiedenis,,Universiteit Leiden,56824,1001O6048,cf6ccfea-6aa4-47dc-8026-7a3cb434ed68,VOLTIJD,NLD,Leiden,,Kunstgeschiedenis | Art History,1
Latijns-Amerikastudies,Latijns-Amerikastudies,Latin American Studies,Universiteit Leiden,56052,1001O5831,1719d0f0-80f1-4e9e-9c82-f9f439ca0ce9,VOLTIJD,NLD,Leiden,,Latijns-Amerikastudies | Latin American Studies,1
Liberal Arts and Sciences: Global Challenges,Liberal Arts and Sciences: Global Challenges,,Universiteit Leiden,50429,1001O5696,01471285-05ac-42ee-a8b7-8ed2d5301d8f,VOLTIJD,ENG,'s-Gravenhage,,Liberal Arts and Sciences: Global Challenges,1
Midden-Oostenstudies,Midden-Oostenstudies,Middle Eastern Studies,Universiteit Leiden,56098,1001O5846,f547c15b-e8e0-46bf-badf-3656ef71a46b,VOLTIJD,NLD,Leiden,,Midden-Oostenstudies | Middle Eastern Studies,1
Molecular Science and Technology (joint degree),Molecular Science and Technology (joint degree),,Universiteit Leiden,55009,1001O5791,d0fe8a4d-c5a0-449f-b2a7-0f8aa5bad97e,VOLTIJD,NLD,Leiden,,Molecular Science and Technology (joint degree),1
Natuurkunde,Natuurkunde,Physics,Universiteit Leiden,50206,1001O5665,36df5286-af3f-4bf9-b253-33a2e058deba,VOLTIJD,NLD,Leiden,,Natuurkunde | Physics,1
Nederlandkunde,Nederlandkunde/Dutch Studies,Dutch Studies,Universiteit Leiden,56055,1001O5832,1516a224-9dc7-486c-b4a9-194e29647841,VOLTIJD,NLD,Leiden,,Nederlandkunde | Nederlandkunde/Dutch Studies | Dutch Studies,1
Nederlandse Taal en Cultuur,Nederlandse Taal en Cultuur,Dutch Language and Culture,Universiteit Leiden,56804,1001O5998,f3d4ac08-6c10-41a1-9fd4-55bf8c48f4c9,VOLTIJD,NLD,Leiden,,Nederlandse Taal en Cultuur | Dutch Language and Culture,1
Notarieel Recht,Notarieel Recht,Notarial Law,Universiteit Leiden,56828,1001O6067,2a8b67fc-e8eb-4845-a1b1-2f11864f7170,VOLTIJD,NLD,Leiden,,Notarieel Recht | Notarial Law,1
Oude Nabije Oosten-studies,Oude Nabije Oosten-studies,Ancient Near Eastern Studies,Universiteit Leiden,56123,1001O5865,6b4029a3-29a3-47f3-a843-bbae08a5db15,VOLTIJD,NLD,Leiden,,Oude Nabije Oosten-studies | Ancient Near Eastern Studies,1
Pedagogische Wetenschappen,Pedagogische Wetenschappen,Pedagogical Sciences,Universiteit Leiden,56607,1001O5943,03adc3e8-6330-44a3-af7c-7c0167a302d9,VOLTIJD,NLD,Leiden,,Pedagogische Wetenschappen | Pedagogical Sciences,1
Politicologie,Politicologie,Political Science,Universiteit Leiden,56606,1001O5939,0ba7c2f3-63cb-4e02-813f-abc71688802f,VOLTIJD,NLD,'s-Gravenhage,,Politicologie | Political Science,1
Politicologie,Politicologie,Political Science,Universiteit Leiden,56606,1001O5939,ef79d6dd-18b5-46f5-aa58-7e95d38c4138,VOLTIJD,NLD,Leiden,,Politicologie | Political Science,1
Psychologie,Psychologie,Psychology,Universiteit Leiden,56604,1001O5928,b3bcc7d2-3569-4f03-bd03-74685fd72253,VOLTIJD,NLD,Leiden,,Psychologie | Psychology,1
Rechtsgeleerdheid,Rechtsgeleerdheid,,Universiteit Leiden,50700,1001O5724,9f454950-1598-4f30-9472-eaad8d2011cb,VOLTIJD,NLD,Leiden,,Rechtsgeleerdheid | Law,1
Religiewetenschappen,Religiewetenschappen,Religious Studies,Universiteit Leiden,50902,1001O5750,4366f339-b9e7-4c10-8ac6-993ddf02c6fb,VOLTIJD,NLD,Leiden,,Religiewetenschappen | Religious Studies,1
Russische Studies,Russische Studies,Russian Studies,Universiteit Leiden,50855,1001O5746,9ff4aca0-5872-4f99-a657-86ef46fcd4dc,VOLTIJD,NLD,Leiden,,Russische Studies | Russian Studies,1
Science for Sustainable Societies,Science for Sustainable Societies,Science for Sustainable Societies,Universiteit Leiden,50474,1001O8926,23783a5b-9606-46aa-8551-9af17c922efb,VOLTIJD,ENG,Leiden,,Science for Sustainable Societies,1
Security Studies,Security Studies,Security Studies,Universiteit Leiden,59320,1001O6231,97b29776-81a7-4cdf-a436-d140e66cb614,VOLTIJD,ENG,'s-Gravenhage,,Security Studies,1
South and Southeast Asian Studies,Zuid- en Zuidoost-Aziëstudies,South and Southeast Asian Studies,Universiteit Leiden,56099,1001O5848,2fc604cd-7bb1-4555-a28f-f2e3094e5b16,VOLTIJD,ENG,Leiden,,South and Southeast Asian Studies | Zuid- en Zuidoost-Aziëstudies,1
Sterrenkunde,Sterrenkunde,Astronomy,Universiteit Leiden,50205,1001O5663,c11036c6-3d5a-46e5-8cf7-77ade229f7c0,VOLTIJD,NLD,Leiden,,Sterrenkunde | Astronomy,1
Taalwetenschap,Taalwetenschap,Linguistics,Universiteit Leiden,56803,1001O5992,317696ce-099e-4d80-ac75-6e9203b4a505,VOLTIJD,NLD,Leiden,,Taalwetenschap | Linguistics,1
Urban Studies,Urban Studies,Urban Studies,Universiteit Leiden,59328,1001O6237,7699cbb2-d1db-4f58-ba2e-c63f7807f00b,VOLTIJD,ENG,'s-Gravenhage,,Urban Studies,1
Wiskunde,Wiskunde,Mathematics,Universiteit Leiden,56980,1001O6176,1eebade1-2fc2-4516-8dbd-395527bc62fb,VOLTIJD,NLD,Leiden,,Wiskunde | Mathematics,1
BA Cultuurwetenschappen,Cultuurwetenschappen,Arts and Culture,Universiteit Maastricht,50004,1001O5622,f03d1769-24ad-4555-bbc6-3f716281f9e8,VOLTIJD,ENG,Maastricht,https://www.maastrichtuniversity.nl/,BA Cultuurwetenschappen | Cultuurwetenschappen | Arts and Culture,1
BA Gezondheidswetenschappen,Gezondheidswetenschappen,Health Sciences,Universiteit Maastricht,56553,1001O5913,9e8eacc4-3955-4fc7-b13f-da424683833f,VOLTIJD,ENG,,https://www.maastrichtuniversity.nl/,BA Gezondheidswetenschappen | Gezondheidswetenschappen | Health Sciences,1
Bachelor Arts and Culture,Cultuurwetenschappen,Arts and Culture,Universiteit Maastricht,50004,1001O5622,5750ee70-382d-4f8c-b825-7882060bb199,VOLTIJD,ENG,Maastricht,https://www.maastrichtuniversity.nl/nl/onderwijs/bachelor/programmas/arts-and-culture,Bachelor Arts and Culture | Cultuurwetenschappen | Arts and Culture,1
Bachelor Biomedische Wetenschappen,Biomedische Wetenschappen,Biomedical Sciences,Universiteit Maastricht,56990,1001O6205,fdb94688-350c-4d42-a01b-ee8552c029f9,VOLTIJD,ENG,Maastricht,https://www.maastrichtuniversity.nl/nl/onderwijs/bachelor/programmas/biomedical-sciences,Bachelor Biomedische Wetenschappen | Biomedische Wetenschappen | Biomedical Sciences,1
Bachelor Brain Science,Brain Science,Brain Science,Universiteit Maastricht,59347,1001O8867,73df6be6-05c9-4758-a20c-0c2f55b07cff,VOLTIJD,ENG,Maastricht,https://curriculum.maastrichtuniversity.nl/education/bachelor/brain-science,Bachelor Brain Science | Brain Science,1
Bachelor Business Analytics,Business Analytics,Business Analytics,Universiteit Maastricht,56856,1001O6108,3fcc3dcc-2dda-4f09-91d5-11a6d86c2ac4,VOLTIJD,ENG,Maastricht,https://www.maastrichtuniversity.nl/nl/onderwijs/bachelor/programmas/business-analytics,Bachelor Business Analytics | Business Analytics,1
Bachelor Business Engineering,Business Engineering,Business Engineering,Universiteit Maastricht,50769,1001O5744,9e5055f1-c75c-4e48-9a17-2b3998df37b6,VOLTIJD,ENG,Maastricht,https://www.maastrichtuniversity.nl/nl/onderwijs/bachelor/programmas/business-engineering,Bachelor Business Engineering | Business Engineering,1
Bachelor Cultuurwetenschappen,Cultuurwetenschappen,Arts and Culture,Universiteit Maastricht,50004,1001O5622,0d410b58-f1ed-420d-a6c6-6d82b6b387a5,VOLTIJD,NLD,Maastricht,https://curriculum.maastrichtuniversity.nl/nl/onderwijs/bachelor/bachelor-arts-and-culture,Bachelor Cultuurwetenschappen | Cultuurwetenschappen | Arts and Culture,1
Bachelor Digital Society,Digital Society,Digital Society,Universiteit Maastricht,59337,1001O6244,5aa27132-30d9-4222-b3e8-172fd5c8e63b,VOLTIJD,ENG,Maastricht,https://www.maastrichtuniversity.nl/nl/onderwijs/bachelor/programmas/digital-society,Bachelor Digital Society | Digital Society,1
Bachelor Econometrics and Operations Research,Econometrie en Operationele Research,Econometrics and Operations Research,Universiteit Maastricht,56833,1001O6078,db672bf4-f5d3-48ee-a6b0-509b1ec114b8,VOLTIJD,ENG,Maastricht,https://www.maastrichtuniversity.nl/nl/onderwijs/bachelor/programmas/econometrics-operations-research,Bachelor Econometrics and Operations Research | Econometrie en Operationele Research | Econometrics and Operations Research,1
Bachelor Economics and Business Economics,Economie en Bedrijfseconomie,Economics and Business Economics,Universiteit Maastricht,50950,1001O5764,98f01ad3-9701-4152-b819-039bc4caec19,VOLTIJD,ENG,Maastricht,https://www.maastrichtuniversity.nl/,Bachelor Economics and Business Economics | Economie en Bedrijfseconomie | Economics and Business Economics,1
Bachelor Economics and Business Economics,Economie en Bedrijfseconomie,Economics and Business Economics,Universiteit Maastricht,50950,1001O5764,f421ed76-c8b5-4d70-b1a1-748462cd80c7,VOLTIJD,ENG,Maastricht,https://www.maastrichtuniversity.nl/nl/onderwijs/bachelor/programmas/economics-and-business-economics,Bachelor Economics and Business Economics | Economie en Bedrijfseconomie | Economics and Business Economics,1
Bachelor European Law School,European Law School,European Law School,Universiteit Maastricht,50017,1001O5639,641651e5-4ba0-47a1-bfa4-c0e81358f7ce,VOLTIJD,ENG,Maastricht,https://curriculum.maastrichtuniversity.nl/education/bachelor/bachelor-european-law-school,Bachelor European Law School | European Law School,1
Bachelor European Law School (Regular Track),European Law School,European Law School,Universiteit Maastricht,50017,1001O5639,16abcb8d-4579-468d-97e4-cb94f05bd24b,VOLTIJD,NLD,Maastricht,https://www.maastrichtuniversity.nl/,Bachelor European Law School (Regular Track) | European Law School,1
Bachelor European Public Health,European Public Health,European Public Health,Universiteit Maastricht,50296,1001O5673,5d702972-42da-4826-bf69-6057ab1cd922,VOLTIJD,ENG,Maastricht,https://www.maastrichtuniversity.nl/nl/onderwijs/bachelor/programmas/european-public-health,Bachelor European Public Health | European Public Health,1
Bachelor European Studies,Europese Studies,European Studies,Universiteit Maastricht,56051,1001O5829,3a5c59eb-5c4f-476c-8f3d-3aae7b270d63,VOLTIJD,ENG,Maastricht,https://www.maastrichtuniversity.nl/nl/onderwijs/bachelor/programmas/european-studies,Bachelor European Studies | Europese Studies | European Studies,1
Bachelor Fiscaal Recht,Fiscaal Recht,Tax Law,Universiteit Maastricht,56827,1001O6064,e05f22b5-776c-4c95-8346-dc3fe42bef3c,VOLTIJD,NLD,Maastricht,https://www.maastrichtuniversity.nl/nl/onderwijs/bachelor/programmas/fiscaal-recht,Bachelor Fiscaal Recht | Fiscaal Recht | Tax Law,1
Bachelor Fiscal Economics,Fiscale Economie,Fiscal Economics,Universiteit Maastricht,56402,1001O5886,2519a3dd-7720-4d3f-b7c1-e5fc29a200fe,VOLTIJD,ENG,Maastricht,https://www.maastrichtuniversity.nl/,Bachelor Fiscal Economics | Fiscale Economie | Fiscal Economics,1
Bachelor Geneeskunde,Geneeskunde,Medicine,Universiteit Maastricht,56551,1001O5907,d3a4ee63-3b1d-4b81-9551-f750ddde9841,VOLTIJD,NLD,Maastricht,https://www.maastrichtuniversity.nl/nl/onderwijs/bachelor/programmas/geneeskunde,Bachelor Geneeskunde | Geneeskunde | Medicine,1
Bachelor Gezondheidswetenschappen,Gezondheidswetenschappen,Health Sciences,Universiteit Maastricht,56553,1001O5913,7d5325c8-0ae3-42d7-8f99-c29c7d935b0b,VOLTIJD,NLD,Maastricht,https://www.maastrichtuniversity.nl/nl/onderwijs/bachelor/programmas/gezondheidswetenschappen,Bachelor Gezondheidswetenschappen | Gezondheidswetenschappen | Health Sciences,1
Bachelor Global Studies,Global Studies,Global Studies,Universiteit Maastricht,59339,1001O6246,a53209d3-eeb2-4362-9092-e1924ec84565,VOLTIJD,ENG,Maastricht,https://www.maastrichtuniversity.nl/nl/onderwijs/bachelor/programmas/global-studies,Bachelor Global Studies | Global Studies,1
Bachelor International Business,International Business,International Business,Universiteit Maastricht,50019,1001O5643,c7cb1b01-d9a8-43e6-9355-9a9f46fe9dec,VOLTIJD,ENG,Maastricht,https://www.maastrichtuniversity.nl/nl/onderwijs/bachelor/programmas/international-business,Bachelor International Business | International Business,1
Bachelor Liberal Arts and Sciences / University College Maastricht,Liberal Arts and Sciences,Liberal Arts and Sciences,Universiteit Maastricht,50393,1001O5683,fd3c72b5-6a80-44d6-b1aa-c0cb9c2d3a12,VOLTIJD,ENG,Maastricht,https://www.maastrichtuniversity.nl/nl/onderwijs/bachelor/programmas/university-college-maastricht,Bachelor Liberal Arts and Sciences / University College Maastricht | Liberal Arts and Sciences,1
Bachelor Liberal Arts and Sciences / University College Venlo,Liberal Arts and Sciences,Liberal Arts and Sciences,Universiteit Maastricht,50393,1001O5683,c1d90502-0f43-42d1-8af0-f2bdb8b06925,VOLTIJD,ENG,Venlo,https://www.maastrichtuniversity.nl/nl/onderwijs/bachelor/programmas/university-college-venlo,Bachelor Liberal Arts and Sciences / University College Venlo | Liberal Arts and Sciences,1
Bachelor of Science in Circular Engineering,Circular Engineering,Circular Engineering,Universiteit Maastricht,59341,1001O6248,d8acf2b1-a0b8-408b-8e85-b498cb3c6988,VOLTIJD,ENG,Maastricht,https://curriculum.maastrichtuniversity.nl/education/bachelor/circular-engineering,Bachelor of Science in Circular Engineering | Circular Engineering,1
Bachelor of Science in Computer Science,Computer Science,Computer Science,Universiteit Maastricht,50426,1001O8805,d27e32af-0efb-4648-829b-e35b172e1818,VOLTIJD,ENG,Maastricht,https://www.maastrichtuniversity.nl/nl/onderwijs/bachelor/programmas/computer-science,Bachelor of Science in Computer Science | Computer Science,1
Bachelor of Science in Data Science and Artificial Intelligence,Data Science and Artificial Intelligence,Data Science and Artificial Intelligence,Universiteit Maastricht,50300,1001O5675,716ae143-098f-4717-b156-b0d3943a7b92,VOLTIJD,ENG,Maastricht,https://www.maastrichtuniversity.nl/nl/onderwijs/bachelor/programmas/data-science-and-artificial-intelligence,Bachelor of Science in Data Science and Artificial Intelligence | Data Science and Artificial Intelligence,1
Bachelor Psychologie,Psychologie,Psychology,Universiteit Maastricht,56604,1001O5933,da6e801a-7826-4066-be6e-551d4d4b3365,VOLTIJD,NLD,Maastricht,https://curriculum.maastrichtuniversity.nl/nl/onderwijs/bachelor-psychologie,Bachelor Psychologie | Psychologie | Psychology,1
Bachelor Psychology English track,Psychologie,Psychology,Universiteit Maastricht,56604,1001O5933,8f225667-a137-4f04-af87-8b39ba14301a,VOLTIJD,ENG,Maastricht,https://curriculum.maastrichtuniversity.nl/education/bachelor/bachelor-psychology,Bachelor Psychology English track | Psychologie | Psychology,1
Bachelor Rechtsgeleerdheid,Rechtsgeleerdheid,Dutch Law,Universiteit Maastricht,50700,1001O5728,01500bba-81d9-45a0-bc40-73c7c1b8b883,VOLTIJD,ENG,Maastricht,https://curriculum.maastrichtuniversity.nl/education/bachelor/bachelor-dutch-law,Bachelor Rechtsgeleerdheid | Rechtsgeleerdheid | Dutch Law,1
Bachelor Rechtsgeleerdheid,Rechtsgeleerdheid,Dutch Law,Universiteit Maastricht,50700,1001O5728,96bc9a22-5859-48d9-92c8-ea7aa5d6cb17,VOLTIJD,NLD,Maastricht,https://www.maastrichtuniversity.nl/nl/onderwijs/bachelor/programmas/rechtsgeleerdheid,Bachelor Rechtsgeleerdheid | Rechtsgeleerdheid | Dutch Law,1
Bachelor Regenerative Medicine and Technology,Regenerative Medicine and Technology,Regenerative Medicine and Technology,Universiteit Maastricht,59346,1001O8844,10e0868a-24e9-4931-85e6-86746d72b4d4,VOLTIJD,ENG,Maastricht,https://www.maastrichtuniversity.nl/nl/onderwijs/bachelor/programmas/regenerative-medicine-and-technology,Bachelor Regenerative Medicine and Technology | Regenerative Medicine and Technology,1
Bachelor Sustainable Bioscience,Sustainable Bioscience,Sustainable Bioscience,Universiteit Maastricht,50478,1016O2305,7db313c6-39b2-4cf3-8351-aff51f2f14df,VOLTIJD,ENG,,https://www.maastrichtuniversity.nl/nl/onderwijs/bachelor/programmas/sustainable-bioscience,Bachelor Sustainable Bioscience | Sustainable Bioscience,1
Bachelor Urban Sustainability Studies,Urban Sustainability Studies (joint degree),Urban Sustainability Studies (joint degree),Universiteit Maastricht,55031,1016O2836,1f54541f-c421-4c9a-9ee8-d3cd965530b9,VOLTIJD,ENG,Heerlen,https://www.maastrichtuniversity.nl/education/bachelor/programmes/urban-sustainability-studies/admission-and-enrolment,Bachelor Urban Sustainability Studies | Urban Sustainability Studies (joint degree),1
Educatieve Module - Biologie,Biomedische Wetenschappen,Biomedical Sciences,Universiteit Maastricht,56990,1001O6205,e988cf46-046b-4788-bb64-07e3c48c5196,VOLTIJD,NLD,Maastricht,https://www.maastrichtuniversity.nl/,Educatieve Module - Biologie | Biomedische Wetenschappen | Biomedical Sciences,1
Educatieve Module - Natuurkunde,Liberal Arts and Sciences,Liberal Arts and Sciences,Universiteit Maastricht,50393,1001O5683,bb728da7-720b-4e0f-bf04-8d7ee032505f,VOLTIJD,NLD,,https://wwwmaastrichtuniversity.nl,Educatieve Module - Natuurkunde | Liberal Arts and Sciences,1
Educatieve Module - Wiskunde,Data Science and Artificial Intelligence,Data Science and Artificial Intelligence,Universiteit Maastricht,50300,1001O5675,a6c7192d-86d1-4d82-9238-022bc0b47fd0,VOLTIJD,ENG,,https://www.maastrichtuniversity.nl/,Educatieve Module - Wiskunde | Data Science and Artificial Intelligence,1
Liberal Arts and Sciences / Maastricht Science Programme,Liberal Arts and Sciences,Liberal Arts and Sciences,Universiteit Maastricht,50393,1001O5683,42ec19d9-0a2a-4c79-8bb8-0fadbf5b831e,VOLTIJD,ENG,Maastricht,https://www.maastrichtuniversity.nl/nl/onderwijs/bachelor/programmas/maastricht-science-programme,Liberal Arts and Sciences / Maastricht Science Programme | Liberal Arts and Sciences,1
"Pre-master Art, Literature and Society",Cultuurwetenschappen,Arts and Culture,Universiteit Maastricht,50004,1001O5622,a1bac7d1-fe6b-40cd-9075-be4c76e24d86,VOLTIJD,ENG,Maastricht,https://www.maastrichtuniversity.nl/,"Pre-master Art, Literature and Society | Cultuurwetenschappen | Arts and Culture",1
Pre-master Arts and Culture,Cultuurwetenschappen,Arts and Culture,Universiteit Maastricht,50004,1001O5622,391d0f35-3c0f-4754-9c41-a43705dfb858,VOLTIJD,ENG,Maastricht,https://www.maastrichtuniversity.nl/nl/pre-master-arts-and-culture,Pre-master Arts and Culture | Cultuurwetenschappen | Arts and Culture,1
Pre-master Business Intelligence and Smart Services,International Business,International Business,Universiteit Maastricht,50019,1001O5643,2a2f9c66-35bd-4e0a-a325-9a6317b95456,VOLTIJD,ENG,Maastricht,https://www.maastrichtuniversity.nl/pre-master-business-intelligence-and-smart-services,Pre-master Business Intelligence and Smart Services | International Business,1
Pre-master Campus Venlo (Health Food Innovation Management),Liberal Arts and Sciences,Liberal Arts and Sciences,Universiteit Maastricht,50393,1001O5683,74c8f5ed-2517-4422-a61b-f777f10d6c48,VOLTIJD,ENG,Venlo,https://www.maastrichtuniversity.nl/pre-masters-health-food-innovation-management,Pre-master Campus Venlo (Health Food Innovation Management) | Liberal Arts and Sciences,1
Pre-master Campus Venlo (Health Food Innovation Management),Liberal Arts and Sciences,Liberal Arts and Sciences,Universiteit Maastricht,50393,1001O5683,b7ae5c80-5161-4812-979f-eb4f7f5c76d4,VOLTIJD,ENG,Venlo,https://www.maastrichtuniversity.nl/pre-masters-health-food-innovation-management,Pre-master Campus Venlo (Health Food Innovation Management) | Liberal Arts and Sciences,1
Pre-master Digital Business Economics,International Business,International Business,Universiteit Maastricht,50019,1001O5643,fdb5d177-2a1c-40e0-97f2-5c33ed14cd9b,VOLTIJD,ENG,Maastricht,https://www.maastrichtuniversity.nl/pre-master-digital-business-and-economics,Pre-master Digital Business Economics | International Business,1
Pre-master DKE (Artificial Intelligence) Pre-master DACS (Artificial Intelligence),Data Science and Artificial Intelligence,Data Science and Artificial Intelligence,Universiteit Maastricht,50300,1001O5675,da6f47c3-125d-4100-9208-dbcd212ff697,VOLTIJD,ENG,Maastricht,https://www.maastrichtuniversity.nl/pre-master-msc-artificial-intelligence,Pre-master DKE (Artificial Intelligence) Pre-master DACS (Artificial Intelligence) | Data Science and Artificial Intelligence,1
Pre-master DKE (Data Science for Decision Making) Pre-master DACS (Data Science for Decision Making),Data Science and Artificial Intelligence,Data Science and Artificial Intelligence,Universiteit Maastricht,50300,1001O5675,de053ad3-c197-418f-abba-7fed3eb8fd82,VOLTIJD,ENG,Maastricht,https://www.maastrichtuniversity.nl/pre-master-msc-data-science-decision-making,Pre-master DKE (Data Science for Decision Making) Pre-master DACS (Data Science for Decision Making) | Data Science and Artificial Intelligence,1
Pre-master Econometrics and Operations Research,Econometrie en Operationele Research,Econometrics and Operations Research,Universiteit Maastricht,56833,1001O6078,4516bfe1-88d6-4f01-8a21-d72aece69a1d,VOLTIJD,ENG,Maastricht,https://www.maastrichtuniversity.nl/,Pre-master Econometrics and Operations Research | Econometrie en Operationele Research | Econometrics and Operations Research,1
Pre-master Economics,Economie en Bedrijfseconomie,Economics and Business Economics,Universiteit Maastricht,50950,1001O5764,65363414-e964-4ff9-be42-b349505749cf,VOLTIJD,ENG,Maastricht,https://www.maastrichtuniversity.nl/pre-master-economics,Pre-master Economics | Economie en Bedrijfseconomie | Economics and Business Economics,1
Pre-master Economics and Strategy in Emerging Markets,Economie en Bedrijfseconomie,Economics and Business Economics,Universiteit Maastricht,50950,1001O5764,b6f8a676-1b14-471e-94cf-54e0b3b3d606,VOLTIJD,ENG,Maastricht,https://www.maastrichtuniversity.nl/pre-master-economics-and-strategy-emerging-markets,Pre-master Economics and Strategy in Emerging Markets | Economie en Bedrijfseconomie | Economics and Business Economics,1
Pre-master European Studies,Cultuurwetenschappen,Arts and Culture,Universiteit Maastricht,50004,1001O5622,20f4bf8b-bd97-4af2-a5f8-a65952b9819b,VOLTIJD,ENG,Maastricht,https://www.maastrichtuniversity.nl/node/382876,Pre-master European Studies | Cultuurwetenschappen | Arts and Culture,1
"Pre-master European Studies on Society, Science and Technology",Cultuurwetenschappen,Arts and Culture,Universiteit Maastricht,50004,1001O5622,0eb37ece-d89c-4cea-a3ff-f98be33c9768,VOLTIJD,ENG,Maastricht,https://www.maastrichtuniversity.nl/nl/pre-master-european-studies-society-science-and-technology,"Pre-master European Studies on Society, Science and Technology | Cultuurwetenschappen | Arts and Culture",1
Pre-master Financial Economics,Economie en Bedrijfseconomie,Economics and Business Economics,Universiteit Maastricht,50950,1001O5764,5a950493-2b00-4945-a11b-7b0e9a4c14f7,VOLTIJD,ENG,Maastricht,https://www.maastrichtuniversity.nl/pre-master-financial-economics,Pre-master Financial Economics | Economie en Bedrijfseconomie | Economics and Business Economics,1
Pre-master Fiscaal Recht Traject 1,Fiscaal Recht,Tax Law,Universiteit Maastricht,56827,1001O6064,b34c46f8-2f57-4ea2-a548-55c9d3b6471e,VOLTIJD,NLD,Maastricht,https://www.maastrichtuniversity.nl/nl/premaster-fiscaal-recht,Pre-master Fiscaal Recht Traject 1 | Fiscaal Recht | Tax Law,1
Pre-master Fiscaal Recht Traject 2,Fiscaal Recht,Tax Law,Universiteit Maastricht,56827,1001O6064,87f91a1e-f0ed-4d94-9e29-1ae7d2fc0a16,VOLTIJD,NLD,Maastricht,https://www.maastrichtuniversity.nl/nl/premaster-fiscaal-recht,Pre-master Fiscaal Recht Traject 2 | Fiscaal Recht | Tax Law,1
Pre-master Global Supply Chain Management and Change,International Business,International Business,Universiteit Maastricht,50019,1001O5643,42df55e2-524b-49c4-b9e7-1709068e1462,VOLTIJD,ENG,Maastricht,https://www.maastrichtuniversity.nl/pre-master-global-supply-chain-management-and-change,Pre-master Global Supply Chain Management and Change | International Business,1
Pre-master Globalisation and Development Studies,Cultuurwetenschappen,Arts and Culture,Universiteit Maastricht,50004,1001O5622,708282d1-da63-4772-9599-58d8c67c5fb1,VOLTIJD,ENG,Maastricht,https://www.maastrichtuniversity.nl/nl/pre-master-globalisation-and-development-studies,Pre-master Globalisation and Development Studies | Cultuurwetenschappen | Arts and Culture,1
Pre-master Human Decision Science,Economie en Bedrijfseconomie,Economics and Business Economics,Universiteit Maastricht,50950,1001O5764,38cde271-9698-47a4-9d5a-efcf124c3166,VOLTIJD,ENG,Maastricht,https://www.maastrichtuniversity.nl/pre-master-human-decision-science,Pre-master Human Decision Science | Economie en Bedrijfseconomie | Economics and Business Economics,1
Pre-master International Business specialisatie Accounting and Business Information Technology,International Business,International Business,Universiteit Maastricht,50019,1001O5643,50f65f57-cc18-49bf-ad87-1421c03a9573,VOLTIJD,ENG,Maastricht,https://www.maastrichtuniversity.nl/pre-master-international-business,Pre-master International Business specialisatie Accounting and Business Information Technology | International Business | Pre-master International Business specialisation Accounting and Business Information Technology,1
Pre-master International Business specialisatie Entrepreneurship and Business Development,International Business,International Business,Universiteit Maastricht,50019,1001O5643,c16a8680-4e5c-4156-a86c-978285814a24,VOLTIJD,ENG,Maastricht,https://www.maastrichtuniversity.nl/pre-master-international-business,Pre-master International Business specialisatie Entrepreneurship and Business Development | International Business,1
Pre-master International Business specialisatie Information Management and Business Intelligence,International Business,International Business,Universiteit Maastricht,50019,1001O5643,75f5e433-c5e8-4d14-ac1a-4105e6afc33c,VOLTIJD,ENG,Maastricht,https://www.maastrichtuniversity.nl/pre-master-international-business,Pre-master International Business specialisatie Information Management and Business Intelligence | International Business | Pre-master International Business specialisation Information Management and Business Intelligence,1
Pre-master International Business specialisatie Managerial Decision- Making and Control,International Business,International Business,Universiteit Maastricht,50019,1001O5643,c69ec4fd-393e-442b-bf3a-430ad6d14bb6,VOLTIJD,ENG,Maastricht,https://www.maastrichtuniversity.nl/pre-master-international-business,Pre-master International Business specialisatie Managerial Decision- Making and Control | International Business | Pre-master International Business specialisation Managerial Decision- Making and Control,1
Pre-master International Business specialisatie Marketing-Finance,International Business,International Business,Universiteit Maastricht,50019,1001O5643,e1c2c513-3873-405a-ba2b-1ae4a24636c6,VOLTIJD,ENG,Maastricht,https://www.maastrichtuniversity.nl/pre-master-international-business,Pre-master International Business specialisatie Marketing-Finance | International Business | Pre-master International Business specialisation Marketing-Finance,1
"Pre-master International Business specialisatie Organisation: Management, Change and Consultancy",International Business,International Business,Universiteit Maastricht,50019,1001O5643,ad8a2153-7bde-493b-84b1-993576f3362e,VOLTIJD,ENG,Maastricht,https://www.maastrichtuniversity.nl/,"Pre-master International Business specialisatie Organisation: Management, Change and Consultancy | International Business | Pre-master International Business specialisation Organisation: Management, Change and Consultancy",1
Pre-master International Business specialisatie Strategic Corporate Finance,International Business,International Business,Universiteit Maastricht,50019,1001O5643,9c02c59a-a262-48f0-8c4f-29a2109d4100,VOLTIJD,ENG,Maastricht,https://www.maastrichtuniversity.nl/pre-master-international-business,Pre-master International Business specialisatie Strategic Corporate Finance | International Business | Pre-master International Business specialisation Strategic Corporate Finance,1
Pre-master International Business specialisatie Strategic Marketing,International Business,International Business,Universiteit Maastricht,50019,1001O5643,1673fa94-e0e5-497c-8faa-7fcc8e45e9f2,VOLTIJD,ENG,Maastricht,https://www.maastrichtuniversity.nl/pre-master-international-business,Pre-master International Business specialisatie Strategic Marketing | International Business | Pre-master International Business specialisation Strategic Marketing,1
Pre-master International Business specialisatie Strategy and Innovation,International Business,International Business,Universiteit Maastricht,50019,1001O5643,4794e1b4-c86f-4a94-89b6-9a9cf3b614c9,VOLTIJD,ENG,Maastricht,https://www.maastrichtuniversity.nl/pre-master-international-business,Pre-master International Business specialisatie Strategy and Innovation | International Business,1
Pre-master International Business specialisatie Supply Chain Management,International Business,International Business,Universiteit Maastricht,50019,1001O5643,e82e7978-5e34-438d-a318-6ed6e09aa42c,VOLTIJD,ENG,Maastricht,https://www.maastrichtuniversity.nl/pre-master-international-business,Pre-master International Business specialisatie Supply Chain Management | International Business | Pre-master International Business specialisation Supply Chain Management,1
Pre-master International Business specialisatie Sustainable Finance,International Business,International Business,Universiteit Maastricht,50019,1001O5643,ec92636e-e81e-4a63-adbe-477b8dfff488,VOLTIJD,ENG,Maastricht,https://www.maastrichtuniversity.nl/pre-master-international-business,Pre-master International Business specialisatie Sustainable Finance | International Business | Pre-master International Business specialisation Sustainable Finance,1
Pre-master International Business specialisation Accounting and Control,International Business,International Business,Universiteit Maastricht,50019,1001O5643,743e088c-6990-451a-9ffe-c68546972ac2,VOLTIJD,ENG,Maastricht,https://www.maastrichtuniversity.nl/pre-master-international-business,Pre-master International Business specialisation Accounting and Control | International Business,1
Pre-master Law,Rechtsgeleerdheid,Dutch Law,Universiteit Maastricht,50700,1001O5728,2be4ec5c-06b2-4c99-9f0a-9995029875ca,VOLTIJD,ENG,Maastricht,https://www.maastrichtuniversity.nl/pre-master-law,Pre-master Law | Rechtsgeleerdheid | Dutch Law,1
Pre-master Learning and Development in Organisations,International Business,International Business,Universiteit Maastricht,50019,1001O5643,9269edd4-2a01-47cd-90db-d4fe326af264,VOLTIJD,ENG,Maastricht,https://www.maastrichtuniversity.nl/pre-master-learning-and-development-organisations,Pre-master Learning and Development in Organisations | International Business,1
Pre-master Media Studies: Digital Cultures,Cultuurwetenschappen,Arts and Culture,Universiteit Maastricht,50004,1001O5622,8c31e62c-1157-4ba5-b7c9-788b6133410f,VOLTIJD,ENG,Maastricht,https://www.maastrichtuniversity.nl/nl/pre-master-media-studies-digital-cultures,Pre-master Media Studies: Digital Cultures | Cultuurwetenschappen | Arts and Culture,1
Pre-master Mental Health,Psychologie,Psychology,Universiteit Maastricht,56604,1001O5933,9cf13d1a-3086-4917-b838-8b7ef9bd2583,VOLTIJD,ENG,Maastricht,https://www.maastrichtuniversity.nl/nl/premaster-mental-health,Pre-master Mental Health | Psychologie | Psychology,1
Pre-master Politics and Society,Cultuurwetenschappen,Arts and Culture,Universiteit Maastricht,50004,1001O5622,14489cb9-469b-46bb-b231-003195b98511,VOLTIJD,ENG,Maastricht,https://www.maastrichtuniversity.nl/,Pre-master Politics and Society | Cultuurwetenschappen | Arts and Culture,1
Pre-master psychologie,Psychologie,Psychology,Universiteit Maastricht,56604,1001O5933,61b59c68-0f47-4aba-9641-fd7a87d24bad,VOLTIJD,NLD,,https://www.maastrichtuniversity.nl/pre-master-psychology,Pre-master psychologie | Psychologie | Psychology,1
Pre-master Psychologie,Psychologie,Psychology,Universiteit Maastricht,56604,1001O5933,a6dff629-a253-4b48-888e-6ba27dcfb7cd,VOLTIJD,ENG,Maastricht,https://www.maastrichtuniversity.nl/pre-master-psychology,Pre-master Psychologie | Psychologie | Psychology | Pre-master Psychology,1
Pre-master Recht (voor HBO-rechten afgestudeerden) (NL),Rechtsgeleerdheid,Dutch Law,Universiteit Maastricht,50700,1001O5728,5875c6bc-f695-42ec-854f-94397d5942d9,VOLTIJD,NLD,Maastricht,https://www.maastrichtuniversity.nl/nl/pre-master-rechten,Pre-master Recht (voor HBO-rechten afgestudeerden) (NL) | Rechtsgeleerdheid | Dutch Law,1
Pre-master Responsible Data Science,Data Science and Artificial Intelligence,Data Science and Artificial Intelligence,Universiteit Maastricht,50300,1001O5675,ef3a87dc-6858-40f2-98d0-7559ddb30c7d,VOLTIJD,ENG,,https://www.maastrichtuniversity.nl,Pre-master Responsible Data Science | Data Science and Artificial Intelligence,1
Schakelprogramma Kunst en Erfgoed,Cultuurwetenschappen,Arts and Culture,Universiteit Maastricht,50004,1001O5622,81c2f312-b15d-48cb-b384-84a2a081c9ed,VOLTIJD,ENG,Maastricht,https://www.maastrichtuniversity.nl/,Schakelprogramma Kunst en Erfgoed | Cultuurwetenschappen | Arts and Culture,1
"Schakelprogramma Kunst, Literatuur en Samenleving",Cultuurwetenschappen,Arts and Culture,Universiteit Maastricht,50004,1001O5622,40908068-639f-44f1-a53d-922c1fb07a49,VOLTIJD,ENG,Maastricht,https://www.maastrichtuniversity.nl/,"Schakelprogramma Kunst, Literatuur en Samenleving | Cultuurwetenschappen | Arts and Culture",1
Schakelprogramma Mental health,Gezondheidswetenschappen,Health Sciences,Universiteit Maastricht,56553,1001O5913,9074192f-feaa-46b5-a50d-519c714d2cda,VOLTIJD,ENG,Maastricht,https://www.maastrichtuniversity.nl/,Schakelprogramma Mental health | Gezondheidswetenschappen | Health Sciences,1
Schakelprogramma Politiek en Samenleving,Cultuurwetenschappen,Arts and Culture,Universiteit Maastricht,50004,1001O5622,1d2df6a2-9d9c-4909-80d2-4235bac29879,VOLTIJD,ENG,Maastricht,https://www.maastrichtuniversity.nl/,Schakelprogramma Politiek en Samenleving | Cultuurwetenschappen | Arts and Culture,1
Bestuurs- en organisatiewetenschap,Bestuurs- en Organisatiewetenschap,Public Administration and Organisation Science,Universiteit Utrecht,50007,1001O5626,3e86db3b-cb74-4ba7-b9ba-9c0c00002ff6,VOLTIJD,NLD,,,Bestuurs- en organisatiewetenschap | Bestuurs- en Organisatiewetenschap | Public Administration and Organisation Science,1
Biomedische wetenschappen,Biomedische Wetenschappen,Biomedical Sciences,Universiteit Utrecht,56990,1001O6204,0c3c8996-eeaf-6c8e-e063-6f41a8c067fb,VOLTIJD,NLD,,,Biomedische wetenschappen | Biomedische Wetenschappen | Biomedical Sciences,1
Communicatie- en informatiewetenschappen,Communicatie- en Informatiewetenschappen,Communication and Information Studies,Universiteit Utrecht,56826,1001O6057,0c3c8996-eeef-6c8e-e063-6f41a8c067fb,VOLTIJD,NLD,,,Communicatie- en informatiewetenschappen | Communicatie- en Informatiewetenschappen | Communication and Information Studies,1
Diergeneeskunde,Diergeneeskunde,Veterinary Medicine,Universiteit Utrecht,56570,1001O5919,0c3c8996-ef47-6c8e-e063-6f41a8c067fb,VOLTIJD,NLD,,,Diergeneeskunde | Veterinary Medicine,1
Geneeskunde,Geneeskunde,Medicine,Universiteit Utrecht,56551,1001O5905,0c3c8996-f027-6c8e-e063-6f41a8c067fb,VOLTIJD,NLD,,,Geneeskunde | Medicine,1
Islam en Arabisch,Islam en Arabisch,Islam and Arabic,Universiteit Utrecht,56041,1001O5827,0c38e9ed-b79e-7689-e063-6f41a8c02adf,VOLTIJD,NLD,,,Islam en Arabisch | Islam and Arabic,1
Italiaanse taal en cultuur,Italiaanse Taal en Cultuur,Italian Language and Culture,Universiteit Utrecht,56809,1001O6024,0c3c8996-f10f-6c8e-e063-6f41a8c067fb,VOLTIJD,NLD,,,Italiaanse taal en cultuur | Italiaanse Taal en Cultuur | Italian Language and Culture,1
Keltische talen en cultuur,Keltische Talen en Cultuur,Celtic Languages and Culture,Universiteit Utrecht,56091,1001O5845,0c3c8996-f11f-6c8e-e063-6f41a8c067fb,VOLTIJD,NLD,,,Keltische talen en cultuur | Keltische Talen en Cultuur | Celtic Languages and Culture,1
Kunstgeschiedenis,Kunstgeschiedenis,Art History,Universiteit Utrecht,56824,1001O6050,0c3c8996-f12f-6c8e-e063-6f41a8c067fb,VOLTIJD,NLD,,,Kunstgeschiedenis | Art History,1
Kunstmatige Intelligentie,Kunstmatige Intelligentie,Artificial Intelligence,Universiteit Utrecht,56981,1001O6183,0c3c8996-eeff-6c8e-e063-6f41a8c067fb,VOLTIJD,NLD,,,Kunstmatige Intelligentie | Artificial Intelligence,1
Literatuurwetenschap,Literatuurwetenschap,Literary Studies,Universiteit Utrecht,56802,1001O5989,0c3c8996-f145-6c8e-e063-6f41a8c067fb,VOLTIJD,NLD,,,Literatuurwetenschap | Literary Studies,1
Media en cultuur,Media en Cultuur,Media and Culture,Universiteit Utrecht,50906,1001O5758,c3dbc751-ba80-49f7-a55a-17ab1554d6a7,VOLTIJD,NLD,,,Media en cultuur | Media en Cultuur | Media and Culture,1
Molecular and Biophysical Life Sciences,Molecular and Biophysical Life Sciences,Molecular and Biophysical Life Sciences,Universiteit Utrecht,55825,1001O5804,0c3c8996-f175-6c8e-e063-6f41a8c067fb,VOLTIJD,ENG,,,Molecular and Biophysical Life Sciences,1
Muziekwetenschap,Muziekwetenschap,Musicology,Universiteit Utrecht,56700,1001O5975,0c3c8996-f1a5-6c8e-e063-6f41a8c067fb,VOLTIJD,NLD,,,Muziekwetenschap | Musicology,1
"Philosophy, Politics and Economics","Philosophy, Politics and Economics","Philosophy, Politics and Economics",Universiteit Utrecht,54999,1001O5778,0c3c8996-f245-6c8e-e063-6f41a8c067fb,VOLTIJD,ENG,,,"Philosophy, Politics and Economics",1
Rechtsgeleerdheid,Rechtsgeleerdheid,,Universiteit Utrecht,50700,1001O5726,0c3c8996-f323-6c8e-e063-6f41a8c067fb,VOLTIJD,NLD,,,Rechtsgeleerdheid,1
Taalwetenschap,Taalwetenschap,Linguistics,Universiteit Utrecht,56803,1001O5994,0c3cf58d-c319-5959-e063-6f41a8c03f22,VOLTIJD,NLD,,,Taalwetenschap | Linguistics,1
"Zorg, Gezondheid & Samenleving","Zorg, Gezondheid & Samenleving",Clinical Sciences,Universiteit Utrecht,50981,1001O5777,0c3cf58d-c2d9-5959-e063-6f41a8c03f22,VOLTIJD,NLD,,,"Zorg, Gezondheid & Samenleving | Clinical Sciences",1
Actuariële Wetenschappen,Actuariële Wetenschappen,Actuarial Science,Universiteit van Amsterdam,56411,1001O5889,1df36934-4bdf-4a60-90df-20739ffdc3c7,VOLTIJD,NLD,Amsterdam,http://www.uva.nl/bsc-actuariele-wetenschappen,Actuariële Wetenschappen | Actuarial Science,1
Actuariële Wetenschappen,Actuariële Wetenschappen,Actuarial Science,Universiteit van Amsterdam,56411,1001O5889,f3749f99-6a24-41cf-8386-298f1fb54a06,VOLTIJD,ENG,Amsterdam,http://www.uva.nl/bsc-actuarial-science,Actuariële Wetenschappen | Actuarial Science,1
Arabische Taal en Cultuur,Arabische Taal en Cultuur,Arabic Language and Culture,Universiteit van Amsterdam,56040,1001O5825,c3a0d022-5978-4a76-80b1-b20982b7325d,VOLTIJD,NLD,Amsterdam,http://www.uva.nl/ba-arabisch,Arabische Taal en Cultuur | Arabic Language and Culture,1
Archeologie,Archeologie,Archaeology,Universiteit van Amsterdam,56703,1001O5980,9d8a6a84-94bd-41a3-8d3a-359980448143,VOLTIJD,ENG,Amsterdam,http://www.uva.nl/ba-archaeology,Archeologie | Archaeology,1
Archeologie,Archeologie,Archaeology,Universiteit van Amsterdam,56703,1001O5980,cd831aad-7a2c-428b-8bd3-97bb38b428bc,VOLTIJD,NLD,Amsterdam,http://www.uva.nl/ba-archeologie,Archeologie | Archaeology,1
Biologie,Biologie,Biology,Universiteit van Amsterdam,56860,1001O6121,08fd8b27-0c85-43b5-9876-85ea46d2e062,VOLTIJD,NLD,Amsterdam,http://uva.nl/bsc-biologie,Biologie | Biology,1
Biomedische Wetenschappen,Biomedische Wetenschappen,Biomedical Science,Universiteit van Amsterdam,56990,1001O6206,78ab29bd-d4be-4a94-a320-ee89c1e92b1a,VOLTIJD,NLD,Amsterdam,http://uva.nl/bsc-biomedisch,Biomedische Wetenschappen | Biomedical Science,1
Business Administration,Business Administration,Business Administration,Universiteit van Amsterdam,50897,1001O5748,42b7c0d9-863c-432f-97c7-295ffa99990b,VOLTIJD,NLD,Amsterdam,http://uva.nl/bsc-business-administration,Business Administration,1
Business Administration,Business Administration,Business Administration,Universiteit van Amsterdam,50897,1001O5748,999c4bba-abe8-4069-95c2-390361eeba8f,VOLTIJD,ENG,Amsterdam,http://uva.nl/en/bsc-ba,Business Administration,1
Business Analytics,Business Analytics,Business Analytics,Universiteit van Amsterdam,56856,1001O6109,01856e4c-048d-4580-98ca-1d4621577af2,VOLTIJD,ENG,Amsterdam,https://www.uva.nl/bsc-business-analytics-en,Business Analytics,1
Bèta-gamma,Bèta-gamma,Natural and Social Sciences,Universiteit van Amsterdam,50250,1001O5668,f80fc9b1-0f70-44a1-9989-ea082f5d9a0e,VOLTIJD,NLD,Amsterdam,http://uva.nl/bg,Bèta-gamma | Natural and Social Sciences,1
"Cognition, Language and Communication","Cognition, Language and Communication","Cognition, Language and Communication",Universiteit van Amsterdam,59330,1001O6239,a7c11c14-fa69-44ee-92cb-ca344ea5d8df,VOLTIJD,NLD,Amsterdam,http://www.uva.nl/ba-cognition-language-communication,"Cognition, Language and Communication",1
Communicatiewetenschap,Communicatiewetenschap,Communication Science,Universiteit van Amsterdam,56615,1001O5959,38ecb419-e488-472b-874e-7961aff154ab,VOLTIJD,NLD,Amsterdam,http://uva.nl/bsc-communicatiewetenschap,Communicatiewetenschap | Communication Science,1
Communication Science,Communicatiewetenschap,Communication Science,Universiteit van Amsterdam,56615,1001O5959,35f87f1f-d1ce-4dd4-82f7-110d7e621a36,VOLTIJD,ENG,Amsterdam,http://uva.nl/bsc-communicationscience,Communication Science | Communicatiewetenschap,1
Computational Social Science,Computational Social Science,Computational Social Science,Universiteit van Amsterdam,50980,1001O5776,f3d14230-cbe1-4ab8-a131-a83dbbcde0ed,VOLTIJD,ENG,Amsterdam,https://www.uva.nl/en/programmes/bachelors/computational-social-science/computational-social-science.html,Computational Social Science,1
Culturele Antropologie en Ontwikkelingssociologie,Culturele Antropologie en Ontwikkelingssociologie,Cultural Anthropology and Development Sociology,Universiteit van Amsterdam,50035,1001O5653,27133d09-ca94-4d70-934d-4b0db4e5daf5,VOLTIJD,NLD,Amsterdam,http://www.uva.nl/bsc-antropologie,Culturele Antropologie en Ontwikkelingssociologie | Cultural Anthropology and Development Sociology,1
Culturele Antropologie en Ontwikkelingssociologie,Culturele Antropologie en Ontwikkelingssociologie,Cultural Anthropology and Development Sociology,Universiteit van Amsterdam,50035,1001O5653,a0272e06-7b1a-4f0a-b6d2-fea2838ae767,VOLTIJD,ENG,Amsterdam,http://www.uva.nl/en/education/bachelor-s/bachelor-s-programmes/bachelor-s-programmes.html,Culturele Antropologie en Ontwikkelingssociologie | Cultural Anthropology and Development Sociology,1
Cultuurwetenschappen,Cultuurwetenschappen,Cultural Studies,Universiteit van Amsterdam,50004,1001O5623,2b5524e8-35c1-4920-ac16-6577b8c74547,VOLTIJD,NLD,Amsterdam,https://www.uva.nl/ba-gacp,Cultuurwetenschappen | Cultural Studies,1
Cultuurwetenschappen,Cultuurwetenschappen,Cultural Studies,Universiteit van Amsterdam,50004,1001O5623,ce1ff09d-b533-4b62-b0f2-fe93332d57b8,VOLTIJD,ENG,Amsterdam,https://www.uva.nl/shared-content/programmas/en/bachelors/human-geography-and-planning/human-geography-and-planning.html,Cultuurwetenschappen | Cultural Studies,1
Duitse Taal en Cultuur,Duitse Taal en Cultuur,German Language and Culture,Universiteit van Amsterdam,56805,1001O6007,4a19a818-e571-4fab-954a-66da822b5dc4,VOLTIJD,NLD,Amsterdam,http://www.uva.nl/ba-duitslandstudies,Duitse Taal en Cultuur | German Language and Culture,1
Econometrics and Data Science,Econometrics and Data Science,Econometrics and Data Science,Universiteit van Amsterdam,59332,1001O6240,63a7f897-c4cc-4a32-80f8-b0fa4b83f8cf,VOLTIJD,NLD,Amsterdam,http://uva.nl/bsc-econometrie,Econometrics and Data Science,1
Econometrics and Data Science,Econometrics and Data Science,Econometrics and Data Science,Universiteit van Amsterdam,59332,1001O6240,bac6aef9-e05a-4616-85fc-452db1e421f9,VOLTIJD,ENG,Amsterdam,http://uva.nl/bsc-econometrics,Econometrics and Data Science,1
Economics and Business Economics,Economics and Business Economics,Economics and Business Economics,Universiteit van Amsterdam,59318,1001O6230,10b961de-2004-4b27-9ccc-4ae51842452d,VOLTIJD,NLD,Amsterdam,http://uva.nl/bsc-ebe,Economics and Business Economics,1
Economics and Business Economics,Economics and Business Economics,Economics and Business Economics,Universiteit van Amsterdam,59318,1001O6230,fc877a6f-d277-4534-9ae7-d8ae000235ec,VOLTIJD,ENG,Amsterdam,http://uva.nl/en/bsc-ebe,Economics and Business Economics,1
English Language and Culture,Engelse Taal en Cultuur,English Language and Culture,Universiteit van Amsterdam,56806,1001O6013,17eb3c42-c7bd-46f7-a47f-057b9519b6a9,VOLTIJD,ENG,Amsterdam,http://www.uva.nl/ba-english-language,English Language and Culture | Engelse Taal en Cultuur,1
Europese Studies,Europese Studies,European Studies,Universiteit van Amsterdam,56051,1001O5830,258bf8f7-6a62-4880-94e5-bb62b1e8de31,VOLTIJD,NLD,Amsterdam,http://www.uva.nl/ba-europese-studies,Europese Studies | European Studies,1
Europese Studies,Europese Studies,European Studies,Universiteit van Amsterdam,56051,1001O5830,4ea8d232-54d8-46e0-8f76-8fa52951a6ca,VOLTIJD,ENG,Amsterdam,http://www.uva.nl/ba-european-studies,Europese Studies | European Studies,1
Filosofie,Filosofie,Philosophy,Universiteit van Amsterdam,56081,1001O5841,aedb04b3-ea9a-48d1-9302-75ff31cb5987,VOLTIJD,NLD,Amsterdam,http://www.uva.nl/ba-filosofie,Filosofie | Philosophy,1
Fiscaal Recht,Fiscaal Recht,Tax Law,Universiteit van Amsterdam,56827,1001O6065,a8824be2-f644-4328-b126-052aa62edf5f,VOLTIJD,NLD,Amsterdam,http://www.uva.nl/llb-fiscaal-recht,Fiscaal Recht | Tax Law,1
Fiscale Economie,Fiscale Economie,Fiscal Economics,Universiteit van Amsterdam,56402,1001O5887,c96f35b8-9295-4cca-afed-86e43527f084,VOLTIJD,NLD,Amsterdam,http://www.uva.nl/bsc-fiscale-economie,Fiscale Economie | Fiscal Economics,1
Franse Taal en Cultuur,Franse Taal en Cultuur,French Language and Culture,Universiteit van Amsterdam,56808,1001O6020,4be04d89-516b-406f-ac39-1bcb13a8b113,VOLTIJD,NLD,Amsterdam,http://www.uva.nl/ba-frans,Franse Taal en Cultuur | French Language and Culture,1
Future Planet Studies,Future Planet Studies,Future Planet Studies,Universiteit van Amsterdam,50425,1001O5693,a78fefd8-076d-4886-b478-0463ada4b84f,VOLTIJD,NLD,Amsterdam,http://uva.nl/fps,Future Planet Studies,1
Geneeskunde,Geneeskunde,Medicine,Universiteit van Amsterdam,56551,1001O5908,55b2759a-7839-410a-925c-0e868e2c1404,VOLTIJD,NLD,Amsterdam,http://www.uva.nl/programmas/bachelors/geneeskunde/geneeskunde.html,Geneeskunde | Medicine,1
Geschiedenis,Geschiedenis,History,Universiteit van Amsterdam,56034,1001O5820,4281c43a-8eb8-4521-8ed2-020eba1807f4,VOLTIJD,NLD,Amsterdam,http://www.uva.nl/ba-geschiedenis,Geschiedenis | History,1
Global Communication Science,Communicatiewetenschap,Communication Science,Universiteit van Amsterdam,56615,1001O5959,e28df739-fd5a-4962-8bae-287077a3b259,VOLTIJD,ENG,Amsterdam,http://uva.nl/bsc-communicationscience,Global Communication Science | Communicatiewetenschap | Communication Science,1
Griekse en Latijnse Taal en Cultuur,Griekse en Latijnse Taal en Cultuur,Greek and Latin Language and Culture,Universiteit van Amsterdam,56003,1001O5807,1e60f5ab-3390-453c-8cc1-19338ee1a766,VOLTIJD,NLD,Amsterdam,http://www.uva.nl/ba-grieks-latijn,Griekse en Latijnse Taal en Cultuur | Greek and Latin Language and Culture,1
Hebreeuwse Taal en Cultuur,Hebreeuwse Taal en Cultuur,Hebrew Language and Culture,Universiteit van Amsterdam,50901,1001O5749,496b5025-e2c0-49b5-952f-1a8dcb7c5e5f,VOLTIJD,NLD,Amsterdam,http://www.uva.nl/ba-hebreeuws,Hebreeuwse Taal en Cultuur | Hebrew Language and Culture,1
Informatica,Informatica,Computing Science,Universiteit van Amsterdam,56978,1001O6172,e5ebc562-ca67-42c1-8d8a-6b3cfdadd071,VOLTIJD,NLD,Amsterdam,http://uva.nl/bsc-informatica,Informatica | Computing Science,1
Informatica - vrije opleiding,Informatica,Computing Science,Universiteit van Amsterdam,56978,1001O6172,471bcc5c-8d13-4638-8011-4ed9e23359b3,VOLTIJD,NLD,Amsterdam,http://uva.nl/bsc-informatica,Informatica - vrije opleiding | Informatica | Computing Science | Informatica - open curriculum,1
Informatiekunde,Informatiekunde,Information Science,Universiteit van Amsterdam,56842,1001O6097,8ab1d947-10ed-49e1-be37-cb73de3f8861,VOLTIJD,NLD,Amsterdam,http://uva.nl/bsc-informatiekunde,Informatiekunde | Information Science,1
Informatiekunde - vrije opleiding,Informatiekunde,Information Science,Universiteit van Amsterdam,56842,1001O6097,a03e2629-a352-4eeb-baaf-85f2423695d2,VOLTIJD,NLD,Amsterdam,http://uva.nl/bsc-informatiekunde,Informatiekunde - vrije opleiding | Informatiekunde | Information Science | Informatiekunde - open curriculum,1
Interdisciplinaire Sociale Wetenschap,Interdisciplinaire sociale wetenschap,Interdisciplinary Social Science,Universiteit van Amsterdam,56631,1001O5972,18ecb813-f54b-4902-a6b0-d0bf8d5990ef,VOLTIJD,NLD,Amsterdam,https://www.uva.nl/programmas/bachelors/interdisciplinaire-sociale-wetenschap/interdisciplinaire-sociale-wetenschap.html,Interdisciplinaire Sociale Wetenschap | Interdisciplinaire sociale wetenschap | Interdisciplinary Social Science,1
Italiaanse Taal en Cultuur,Italiaanse Taal en Cultuur,Italian Language and Culture,Universiteit van Amsterdam,56809,1001O6025,963bd95a-ea26-4c79-9a2f-6bc950fef287,VOLTIJD,NLD,Amsterdam,http://www.uva.nl/ba-italiaans,Italiaanse Taal en Cultuur | Italian Language and Culture,1
Kunstgeschiedenis,Kunstgeschiedenis,Art History,Universiteit van Amsterdam,56824,1001O6051,1a3540fa-4167-4946-871b-b03ec1fd65d9,VOLTIJD,NLD,Amsterdam,http://www.uva.nl/ba-kunstgeschiedenis,Kunstgeschiedenis | Art History,1
Kunstmatige Intelligentie,Kunstmatige Intelligentie,Artificial Intelligence,Universiteit van Amsterdam,56981,1001O6184,a3951ff9-296e-41e8-98d3-df49b8de2d15,VOLTIJD,NLD,Amsterdam,http://uva.nl/bsc-kunstmatige-intelligentie,Kunstmatige Intelligentie | Artificial Intelligence,1
Liberal Arts and Sciences - joint degree UvA-VU,Liberal Arts and Sciences (joint degree),Liberal Arts and Sciences (joint degree),Universiteit van Amsterdam,55002,1001O5782,ce9c0cb0-77b0-4c5b-a50e-7774287eb2d5,VOLTIJD,ENG,Amsterdam,http://www.auc.nl/,Liberal Arts and Sciences - joint degree UvA-VU | Liberal Arts and Sciences (joint degree),1
Linguistics,Taalwetenschap,Linguistics,Universiteit van Amsterdam,56803,1001O5995,1d7b2096-f487-4fe0-971a-b3494a180f55,VOLTIJD,ENG,Amsterdam,http://www.uva.nl/ba-linguistics,Linguistics | Taalwetenschap,1
Literary Studies,Literatuurwetenschap,Literary Studies,Universiteit van Amsterdam,56802,1001O5990,ea3a9857-9965-4b32-beb3-77831606d16e,VOLTIJD,ENG,Amsterdam,http://www.uva.nl/ba-literary-and-cultural-analysis,Literary Studies | Literatuurwetenschap,1
Media and Information,Media en informatie,Media and information,Universiteit van Amsterdam,50010,1001O5630,7551ed69-5c79-4646-a8b9-fdd03aad54ae,VOLTIJD,ENG,Amsterdam,http://www.uva.nl/ba-media-and-information,Media and Information | Media en informatie | Media and information,1
Media en Cultuur,Media en Cultuur,Media and Culture,Universiteit van Amsterdam,50906,1001O5759,252f409e-9857-489c-99b0-43a9837b3e1e,VOLTIJD,NLD,Amsterdam,http://www.uva.nl/ba-media,Media en Cultuur | Media and Culture,1
Media en Cultuur,Media en Cultuur,Media and Culture,Universiteit van Amsterdam,50906,1001O5759,27d8e360-40ab-480e-913f-f9c35a7e872c,VOLTIJD,ENG,Amsterdam,http://www.uva.nl/ba-media-and-culture,Media en Cultuur | Media and Culture,1
Medische Informatiekunde,Medische Informatiekunde,Medical Informatics,Universiteit van Amsterdam,56573,1001O5920,7e732b22-cd23-4390-9eb6-671ab0996b19,VOLTIJD,NLD,Amsterdam,http://www.uva.nl/onderwijs/bachelor/bacheloropleidingen/item/medische-informatiekunde.html,Medische Informatiekunde | Medical Informatics,1
Muziekwetenschap,Muziekwetenschap,Musicology,Universiteit van Amsterdam,56700,1001O5976,3b16154b-869b-4095-a06c-6574b9df34bd,VOLTIJD,NLD,Amsterdam,http://www.uva.nl/ba-muziekwetenschap,Muziekwetenschap | Musicology,1
Natuur- en Sterrenkunde - joint degree UvA-VU,Natuur- en Sterrenkunde (joint degree),Physics and Astronomy (joint degree),Universiteit van Amsterdam,55013,1001O5797,2598755b-a567-4722-850b-6d3b0c10bd71,VOLTIJD,NLD,Amsterdam,http://www.uva.nl/programmas/bachelors/natuur--en-sterrenkunde/natuur--en-sterrenkunde.html,Natuur- en Sterrenkunde - joint degree UvA-VU | Natuur- en Sterrenkunde (joint degree) | Physics and Astronomy (joint degree),1
"Natuur- en Sterrenkunde - joint degree UvA-VU, vrije opleiding",Natuur- en Sterrenkunde (joint degree),Physics and Astronomy (joint degree),Universiteit van Amsterdam,55013,1001O5797,4e60cabd-e7d7-43b9-b7d9-b54cf857e71b,VOLTIJD,NLD,Amsterdam,http://www.uva.nl/programmas/bachelors/natuur--en-sterrenkunde/natuur--en-sterrenkunde.html,"Natuur- en Sterrenkunde - joint degree UvA-VU, vrije opleiding | Natuur- en Sterrenkunde (joint degree) | Physics and Astronomy (joint degree) | Natuur- en Sterrenkunde - joint degree UvA-VU, open curriculum",1
Nederlandse Taal en Cultuur,Nederlandse Taal en Cultuur,Dutch Language and Culture,Universiteit van Amsterdam,56804,1001O6001,771b91c4-35a9-46c9-8dc6-d2467c00e82e,VOLTIJD,NLD,Amsterdam,http://www.uva.nl/ba-nederlands,Nederlandse Taal en Cultuur | Dutch Language and Culture,1
Nieuwgriekse Taal en Cultuur,Nieuwgriekse Taal en Cultuur,Modern Greek Language and Culture,Universiteit van Amsterdam,56814,1001O6034,be408e0b-5b6a-4f84-b28a-e9cb5ef922cf,VOLTIJD,NLD,Amsterdam,http://www.uva.nl/ba-nieuwgrieks,Nieuwgriekse Taal en Cultuur | Modern Greek Language and Culture,1
Onderwijswetenschappen,Onderwijswetenschappen,Educational Sciences,Universiteit van Amsterdam,50003,1001O5621,eca2e5cf-22bd-41fb-a37f-8c7025cfbe96,VOLTIJD,NLD,Amsterdam,http://www.uva.nl/programmas/bachelors/onderwijswetenschappen/onderwijswetenschappen.html?origin=QM8V0lIERF2uFhPGbux%2F2g,Onderwijswetenschappen | Educational Sciences,1
Oudheidwetenschappen,Oudheidwetenschappen,Ancient Studies,Universiteit van Amsterdam,56704,1001O5982,83487458-5b66-41a1-a8d3-f8d6aba51d15,VOLTIJD,NLD,Amsterdam,http://www.uva.nl/ba-oudheidwetenschappen,Oudheidwetenschappen | Ancient Studies,1
Oudheidwetenschappen,Oudheidwetenschappen,Ancient Studies,Universiteit van Amsterdam,56704,1001O5982,db6e3afc-535d-477e-932e-3b8b1b7e8090,VOLTIJD,ENG,Amsterdam,http://www.uva.nl/ba-ancient-studies,Oudheidwetenschappen | Ancient Studies,1
Pedagogische Wetenschappen,Pedagogische Wetenschappen,Pedagogical Sciences,Universiteit van Amsterdam,56607,1001O5947,2a94e6ea-bf89-4ba7-b221-7be5c59a3367,VOLTIJD,NLD,Amsterdam,https://www.uva.nl/programmas/bachelors/pedagogische-wetenschappen/pedagogische-wetenschappen.html?origin=QM8V0lIERF2uFhPGbux%2F2g,Pedagogische Wetenschappen | Pedagogical Sciences,1
Pedagogische Wetenschappen - vrije opleiding,Pedagogische Wetenschappen,Pedagogical Sciences,Universiteit van Amsterdam,56607,1001O5947,ad87eb0d-2f14-44a7-bddd-e7aba90a3a2f,VOLTIJD,NLD,Amsterdam,https://www.uva.nl/programmas/bachelors/pedagogische-wetenschappen/pedagogische-wetenschappen.html?origin=QM8V0lIERF2uFhPGbux%2F2g,Pedagogische Wetenschappen - vrije opleiding | Pedagogische Wetenschappen | Pedagogical Sciences | Pedagogische Wetenschappen - open curriculum,1
Politicologie,Politicologie,Political Science,Universiteit van Amsterdam,56606,1001O5940,49a012b7-3c49-4945-8573-2ac9dde76bdc,VOLTIJD,NLD,Amsterdam,http://uva.nl/bsc-politicologie,Politicologie | Political Science,1
Politicologie,Politicologie,Political Science,Universiteit van Amsterdam,56606,1001O5940,c5b405f6-5258-4b20-b3d7-0e2b55bfc8bc,VOLTIJD,ENG,Amsterdam,htp://www.uva.nl/bsc-politicalscience,Politicologie | Political Science,1
"Politics, Psychology, Law and Economics","Politics, Psychology, Law and Economics","Politics, Psychology, Law and Economics",Universiteit van Amsterdam,59312,1001O6228,2de5894c-cefb-4f0c-a197-2a91979c01f1,VOLTIJD,ENG,Amsterdam,http://pple.uva.nl,"Politics, Psychology, Law and Economics",1
Psychobiologie,Psychobiologie,Psychobiology,Universiteit van Amsterdam,50014,1001O5635,6dcb9e94-80c0-459d-93d0-e61a48116f74,VOLTIJD,NLD,Amsterdam,http://uva.nl/bsc-psychobiologie,Psychobiologie | Psychobiology,1
Psychologie,Psychologie,Psychology,Universiteit van Amsterdam,56604,1001O5934,f82c5251-8e40-43e8-9665-f38eabb95cb6,VOLTIJD,NLD,Amsterdam,http://uva.nl/bsc-psychologie,Psychologie | Psychology,1
Psychologie,Psychologie,Psychology,Universiteit van Amsterdam,56604,1001O5934,fa040681-37c6-4aff-b334-f52257f062e8,VOLTIJD,ENG,Amsterdam,http://uva.nl/bsc-psychology,Psychologie | Psychology,1
Rechtsgeleerdheid,Rechtsgeleerdheid,Law,Universiteit van Amsterdam,50700,1001O5729,68ca6bd2-ced4-4c39-b97a-873a9f92afa2,VOLTIJD,NLD,Amsterdam,http://www.uva.nl/llb-rechtsgeleerdheid,Rechtsgeleerdheid | Law,1
Religiewetenschappen,Religiewetenschappen,Religious Studies,Universiteit van Amsterdam,50902,1001O5753,453f0ce2-32d1-4c6e-be8c-9bd987179761,VOLTIJD,NLD,Amsterdam,http://www.uva.nl/ba-religiewetenschappen,Religiewetenschappen | Religious Studies,1
Scandinavische Talen en Culturen,Scandinavische Talen en Culturen,Scandinavian Languages and Cultures,Universiteit van Amsterdam,56807,1001O6017,139aacaa-88bc-470d-8cbf-1a257778263e,VOLTIJD,NLD,Amsterdam,http://www.uva.nl/ba-scandinavisch,Scandinavische Talen en Culturen | Scandinavian Languages and Cultures,1
Scheikunde - joint degree UvA-VU,Scheikunde (joint degree),Chemistry (joint degree),Universiteit van Amsterdam,55012,1001O5795,574bca6e-fdfb-4670-88e0-eef026f06a39,VOLTIJD,NLD,Amsterdam,http://uva.nl/bsc-scheikunde,Scheikunde - joint degree UvA-VU | Scheikunde (joint degree) | Chemistry (joint degree),1
"Scheikunde - joint degree UvA-VU, vrije opleiding",Scheikunde (joint degree),Chemistry (joint degree),Universiteit van Amsterdam,55012,1001O5795,fd9b4604-7567-4e74-bcae-a872e1c6a9c6,VOLTIJD,NLD,Amsterdam,http://uva.nl/bsc-scheikunde,"Scheikunde - joint degree UvA-VU, vrije opleiding | Scheikunde (joint degree) | Chemistry (joint degree) | Scheikunde - joint degree UvA-VU, open curriculum",1
"Science, Technology & Innovation","Science, Technology & Innovation","Science, Technology & Innovation",Universiteit van Amsterdam,50993,1001O8898,6c5eaecb-13e7-4efe-986e-a52b9ae3f8f8,VOLTIJD,NLD,Amsterdam,https://www.uva.nl/programmas/bachelors/science-technology-and-innovation/science-technology-and-innovation.html,"Science, Technology & Innovation",1
Slavische Talen en Culturen,Slavische Talen en Culturen,Slavonic Language and Culture,Universiteit van Amsterdam,56813,1001O6033,6b2a3216-8d29-47c4-97a1-4403f9e02848,VOLTIJD,NLD,Amsterdam,http://www.uva.nl/ba-slavisch,Slavische Talen en Culturen | Slavonic Language and Culture,1
Sociale Geografie en Planologie,Sociale Geografie en Planologie,Human Geography and Planning,Universiteit van Amsterdam,56838,1001O6090,4b74d296-8c7a-462e-8c2b-81464a559e45,VOLTIJD,ENG,Amsterdam,https://www.uva.nl/shared-content/programmas/en/bachelors/human-geography-and-planning/human-geography-and-planning.html,Sociale Geografie en Planologie | Human Geography and Planning,1
Sociale Geografie en Planologie,Sociale Geografie en Planologie,Human Geography and Planning,Universiteit van Amsterdam,56838,1001O6090,e6c6504d-91a8-4dc4-b1de-798cab94a09c,VOLTIJD,NLD,Amsterdam,https://www.uva.nl/programmas/bachelors/sociale-geografie-en-planologie/sociale-geografie-en-planologie.html,Sociale Geografie en Planologie | Human Geography and Planning,1
Sociologie,Sociologie,Sociology,Universiteit van Amsterdam,56601,1001O5924,ba02666c-1cb9-4bc4-a00b-150ed4601cfb,VOLTIJD,ENG,Amsterdam,http://uva.nl/bsc-sociology,Sociologie | Sociology,1
Sociologie,Sociologie,Sociology,Universiteit van Amsterdam,56601,1001O5924,c471d586-ef99-4ee3-ad95-c217eaf7df55,VOLTIJD,NLD,Amsterdam,http://uva.nl/bsc-sociologie,Sociologie | Sociology,1
Spaanse Taal en Cultuur,Spaanse Taal en Cultuur,Spanish Language and Culture,Universiteit van Amsterdam,56810,1001O6027,90ed8c35-6e94-4339-b11c-984272d553d5,VOLTIJD,NLD,Amsterdam,http://www.uva.nl/ba-spaans,Spaanse Taal en Cultuur | Spanish Language and Culture,1
Tandheelkunde,Tandheelkunde,Dentistry,Universiteit van Amsterdam,56560,1001O5916,371d2c94-f513-4138-b6ae-660d90577214,VOLTIJD,NLD,Amsterdam,http://www.uva.nl/bsc-tandheelkunde,Tandheelkunde | Dentistry,1
Theaterwetenschap,Theaterwetenschap,Theatre Studies,Universiteit van Amsterdam,56702,1001O5977,e7a55e85-926f-4944-85a5-86997d885a30,VOLTIJD,NLD,Amsterdam,http://www.uva.nl/ba-theaterwetenschap,Theaterwetenschap | Theatre Studies,1
Wiskunde,Wiskunde,Mathematics,Universiteit van Amsterdam,56980,1001O6179,6fb89557-3029-465f-8b77-f295fa42a157,VOLTIJD,NLD,Amsterdam,http://uva.nl/bsc-wiskunde,Wiskunde | Mathematics,1
Wiskunde - vrije opleiding,Wiskunde,Mathematics,Universiteit van Amsterdam,56980,1001O6179,8dd9af7e-f358-48fd-a806-d029248873af,VOLTIJD,NLD,Amsterdam,http://uva.nl/bsc-wiskunde,Wiskunde - vrije opleiding | Wiskunde | Mathematics | Wiskunde - open curriculum,1
Humanistiek,Humanistiek,Humanistic Studies,Universiteit voor Humanistiek,56105,1001O5853,8df0e92e-4b18-4ff0-a995-25ce46f61de9,VOLTIJD,NLD,Utrecht,,Humanistiek | Humanistic Studies,1
"B Aarde, Economie en Duurzaamheid","Aarde, Economie en Duurzaamheid","Earth Sciences, Economics and Sustainability",VU - Vrije Universiteit Amsterdam,50668,1001O5722,97609a36-3604-454a-a51e-b389d2bfa005,VOLTIJD,NLD,Amsterdam,,"B Aarde, Economie en Duurzaamheid | Aarde, Economie en Duurzaamheid | Earth Sciences, Economics and Sustainability | B Earth Sciences, Economics and Sustain.",1
B Aardwetenschappen,Aardwetenschappen,Earth Sciences,VU - Vrije Universiteit Amsterdam,56986,1001O6196,cd13c113-8eb8-49aa-a380-fb7b999983fb,VOLTIJD,NLD,Amsterdam,,B Aardwetenschappen | Aardwetenschappen | Earth Sciences | B Earth Sciences,1
B Archeologie,Archeologie,Archaeology,VU - Vrije Universiteit Amsterdam,56703,1001O5981,5edccba3-01b4-4e30-b323-84554b6339a9,VOLTIJD,NLD,Amsterdam,,B Archeologie | Archeologie | Archaeology | B Archaeology,1
B Artificial Intelligence,Artificial Intelligence,Artificial Intelligence,VU - Vrije Universiteit Amsterdam,56945,1001O6128,1c27cc8b-ffad-48e4-9ff6-69186f31944d,VOLTIJD,ENG,Amsterdam,,B Artificial Intelligence | Artificial Intelligence,1
B Bedrijfskunde,Bedrijfskunde,Business Administration,VU - Vrije Universiteit Amsterdam,50645,1001O5714,01508adf-22fa-47e1-a7a7-d26506a6344c,VOLTIJD,NLD,Amsterdam,,B Bedrijfskunde | Bedrijfskunde | Business Administration | B Business Administration,1
B Bestuurs- en Organisatiewetenschap,Bestuurs- en Organisatiewetenschap,Public Administration and Organization Science,VU - Vrije Universiteit Amsterdam,50007,1001O5627,baac29d0-a222-4cd1-a028-a8a8c8d06af4,VOLTIJD,NLD,Amsterdam,,B Bestuurs- en Organisatiewetenschap | Bestuurs- en Organisatiewetenschap | Public Administration and Organization Science | B Public Administration and Organization,1
B Bewegingswetenschappen,Bewegingswetenschappen,Human Movement Sciences,VU - Vrije Universiteit Amsterdam,56950,1001O6135,2327073f-1a0a-4cee-8595-2dca36242c0f,VOLTIJD,NLD,Amsterdam,,B Bewegingswetenschappen | Bewegingswetenschappen | Human Movement Sciences | B Human Movement Sciences,1
B Biologie,Biologie,Biology,VU - Vrije Universiteit Amsterdam,56860,1001O6122,8789f120-addb-482e-a0d1-a0bd65411e05,VOLTIJD,NLD,Amsterdam,,B Biologie | Biologie | Biology | B Biology,1
B Biomedical Sciences,Biomedical Sciences,Biomedical Sciences,VU - Vrije Universiteit Amsterdam,59324,1001O6233,ce95e488-4fb0-4673-ad37-593a42a45b6d,VOLTIJD,ENG,Amsterdam,,B Biomedical Sciences | Biomedical Sciences,1
B Business Analytics,Business Analytics,Business Analytics,VU - Vrije Universiteit Amsterdam,56856,1001O6110,82668260-7bb1-4df7-a78e-58e997ad50b5,VOLTIJD,ENG,Amsterdam,,B Business Analytics | Business Analytics,1
B Communicatie & Informatiewetenschappen,Communicatie- en Informatiewetenschappen,Communication and Information Studies,VU - Vrije Universiteit Amsterdam,56826,1001O6058,49da5a24-ec09-4a87-9967-7879ca73da76,VOLTIJD,NLD,Amsterdam,,B Communicatie & Informatiewetenschappen | Communicatie- en Informatiewetenschappen | Communication and Information Studies | B Communication and Information Studies,1
B Communicatiewetenschap,Communicatiewetenschap,Communication Science,VU - Vrije Universiteit Amsterdam,56615,1001O5960,492cf5b7-8a2a-430f-90fe-9485f79d12c4,VOLTIJD,NLD,Amsterdam,,B Communicatiewetenschap | Communicatiewetenschap | Communication Science | B Communication Science (Dutch taught),1
B Communication Science,Communicatiewetenschap,Communication Science,VU - Vrije Universiteit Amsterdam,56615,1001O5960,7fc2e861-5f38-46fb-b85e-4dd564a29527,VOLTIJD,ENG,Amsterdam,,B Communication Science | Communicatiewetenschap | Communication Science,1
B Computer Science,Computer Science,Computer Science,VU - Vrije Universiteit Amsterdam,50426,1001O5694,81223d0d-15f7-4c76-a73f-7dd0abc449e0,VOLTIJD,ENG,Amsterdam,,B Computer Science | Computer Science,1
B Criminologie,Criminologie,Criminology,VU - Vrije Universiteit Amsterdam,56469,1001O5901,abfae861-2119-46ae-8c1f-e12bbaca4f06,VOLTIJD,NLD,Amsterdam,,B Criminologie | Criminologie | Criminology | B Criminology,1
B Cultural Anthropology and Dev. Soc.,Culturele Antropologie en Ontwikkelingssociologie,Cultural Anthropology and Development Sociology,VU - Vrije Universiteit Amsterdam,50035,1001O5654,672aad0c-6c9e-44a6-a731-a75629f4364d,VOLTIJD,ENG,Amsterdam,,B Cultural Anthropology and Dev. Soc. | Culturele Antropologie en Ontwikkelingssociologie | Cultural Anthropology and Development Sociology | Cultural Anthropology and Dev. Soc.,1
B Culturele Antropologie en Ontw. Soc.,Culturele Antropologie en Ontwikkelingssociologie,Cultural Anthropology and Development Sociology,VU - Vrije Universiteit Amsterdam,50035,1001O5654,788cccf7-c0a9-4730-ac05-9037db20c33c,VOLTIJD,NLD,Amsterdam,,B Culturele Antropologie en Ontw. Soc. | Culturele Antropologie en Ontwikkelingssociologie | Cultural Anthropology and Development Sociology | B Cultural Anthropology and Dev. Soc.,1
B Econometrics and Data Science,Econometrics and Data Science,Econometrics and Data Science,VU - Vrije Universiteit Amsterdam,59332,1001O8891,c6d01b42-fe52-491a-96ed-13245079dc31,VOLTIJD,NLD,Amsterdam,,B Econometrics and Data Science | Econometrics and Data Science,1
B Econometrie en Operationele Research,Econometrie en Operationele Research,Econometrics and Operations Research,VU - Vrije Universiteit Amsterdam,56833,1001O6080,1af3b60d-3605-446d-a0b5-ca6daa94a987,VOLTIJD,NLD,Amsterdam,,B Econometrie en Operationele Research | Econometrie en Operationele Research | Econometrics and Operations Research | B Econometrics and Operations Research,1
B Economie en bedrijfseconomie,Economie en Bedrijfseconomie,Economics and Business Economics,VU - Vrije Universiteit Amsterdam,50950,1001O5765,6fad83f4-b1ed-4a6a-8fda-4b55501214de,VOLTIJD,NLD,Amsterdam,,B Economie en bedrijfseconomie | Economie en Bedrijfseconomie | Economics and Business Economics | B Economics and Business Economics,1
B Farmaceutische Wetenschappen,Farmaceutische Wetenschappen,Pharmaceutical Sciences,VU - Vrije Universiteit Amsterdam,56989,1001O6202,949d90e8-8f3d-4e81-a85d-30ccce2d0ac6,VOLTIJD,NLD,Amsterdam,,B Farmaceutische Wetenschappen | Farmaceutische Wetenschappen | Pharmaceutical Sciences | B Pharmaceutical Sciences,1
B Filosofie,Filosofie,Philosophy,VU - Vrije Universiteit Amsterdam,56081,1001O5842,798a0b06-9b15-4570-adf1-c7a67dce0e0c,VOLTIJD,NLD,Amsterdam,,B Filosofie | Filosofie | Philosophy | B Philosophy,1
B Geneeskunde,Geneeskunde,Medicine,VU - Vrije Universiteit Amsterdam,56551,1001O5909,fbb226a6-634b-4f94-b54d-de1f324bd4ed,VOLTIJD,NLD,Amsterdam,,B Geneeskunde | Geneeskunde | Medicine | B Medicine,1
B Geschiedenis,Geschiedenis,History,VU - Vrije Universiteit Amsterdam,56034,1001O5821,1ee5aa6e-d0f6-42dd-bdc1-2e1958f1d2ce,VOLTIJD,NLD,Amsterdam,,B Geschiedenis | Geschiedenis | History | B History,1
B Gezondheid en Leven,Gezondheid en Leven,Health and Life Sciences,VU - Vrije Universiteit Amsterdam,50509,1001O5702,48685113-c28b-469a-82b7-c00d001e5852,VOLTIJD,ENG,Amsterdam,,B Gezondheid en Leven | Gezondheid en Leven | Health and Life Sciences | B Health and Life Sciences,1
B Gezondheidswetenschappen,Gezondheidswetenschappen,Health Sciences,VU - Vrije Universiteit Amsterdam,56553,1001O5914,0ac3ddc1-1440-4048-a3fd-b97b075cf11d,VOLTIJD,NLD,Amsterdam,,B Gezondheidswetenschappen | Gezondheidswetenschappen | Health Sciences | B Health Sciences,1
B Griekse en Latijnse Taal en Cultuur,Griekse en Latijnse Taal en Cultuur,Greek and Latin Languages and Cultures,VU - Vrije Universiteit Amsterdam,56003,1001O5808,dc6b3bf0-d131-480c-82b8-60369d14b576,VOLTIJD,NLD,Amsterdam,,B Griekse en Latijnse Taal en Cultuur | Griekse en Latijnse Taal en Cultuur | Greek and Latin Languages and Cultures | B Greek and Latin Languages and Cultures,1
B International Business Administration,International Business Administration,International Business Administration,VU - Vrije Universiteit Amsterdam,50952,1001O5772,b1c00a7f-44c2-4c52-8577-65f8a2ff74a6,VOLTIJD,ENG,Amsterdam,,B International Business Administration | International Business Administration,1
B Law in Society,Law in Society,Law in Society,VU - Vrije Universiteit Amsterdam,59334,1001O6241,cf47c510-0742-48a4-a988-b2aa491784af,VOLTIJD,ENG,Amsterdam,,B Law in Society | Law in Society,1
B Literatuur en Samenleving,Literatuur en Samenleving,Literature and Society,VU - Vrije Universiteit Amsterdam,55823,1001O5802,e8cddac0-95ea-4733-b318-f664457447c8,VOLTIJD,NLD,Amsterdam,,B Literatuur en Samenleving | Literatuur en Samenleving | Literature and Society | B Literature and Society,1
B Mathematics,Mathematics,Mathematics,VU - Vrije Universiteit Amsterdam,59322,1001O6232,44db7501-62ed-4d02-ace4-95480fd96ef4,VOLTIJD,ENG,Amsterdam,,B Mathematics | Mathematics,1
"B Media, Kunst, Design en Architectuur","Media, Kunst, Design en Architectuur","Media, Art, Design and Architecture",VU - Vrije Universiteit Amsterdam,55822,1001O5801,6f904f64-ad55-4430-8a47-2881f14dd028,VOLTIJD,NLD,Amsterdam,,"B Media, Kunst, Design en Architectuur | Media, Kunst, Design en Architectuur | Media, Art, Design and Architecture | B Media, Art, Design and Architecture",1
B Medische Natuurwetenschappen,Medische Natuurwetenschappen,Medical Natural Sciences,VU - Vrije Universiteit Amsterdam,50800,1001O5745,9c3b380b-9334-458d-bef8-015d7e3fa931,VOLTIJD,NLD,Amsterdam,,B Medische Natuurwetenschappen | Medische Natuurwetenschappen | Medical Natural Sciences | B Medical Natural Sciences,1
B Notarieel recht,Notarieel Recht,Notarial Law,VU - Vrije Universiteit Amsterdam,56828,1001O6070,48816250-821e-4dfd-86b2-6c417e4cb490,VOLTIJD,NLD,Amsterdam,,B Notarieel recht | Notarieel Recht | Notarial Law | B in Notarial Law,1
B Oudheidwetenschappen,Oudheidwetenschappen,Ancient Studies,VU - Vrije Universiteit Amsterdam,56704,1001O5983,d2feb082-cf6c-489d-8628-7397830ab151,VOLTIJD,NLD,Amsterdam,,B Oudheidwetenschappen | Oudheidwetenschappen | Ancient Studies | B Ancient Studies,1
B Pedagogische wetenschappen,Pedagogische Wetenschappen,Pedagogical Sciences,VU - Vrije Universiteit Amsterdam,56607,1001O5948,94b45eb4-070f-4577-a6c3-70b298a3c94e,VOLTIJD,NLD,Amsterdam,,B Pedagogische wetenschappen | Pedagogische Wetenschappen | Pedagogical Sciences | B Education,1
"B Philosophy, Politics and Economics","Philosophy, Politics and Economics","Philosophy, Politics and Economics",VU - Vrije Universiteit Amsterdam,54999,1001O5779,21d5268e-6416-4441-8e93-b47e04d3c94f,VOLTIJD,ENG,Amsterdam,,"B Philosophy, Politics and Economics | Philosophy, Politics and Economics",1
B Political Science,Politicologie,Political Science,VU - Vrije Universiteit Amsterdam,56606,1001O5941,801e07a1-fac2-4d6c-b283-2dc654ccfd2c,VOLTIJD,ENG,Amsterdam,,B Political Science | Politicologie | Political Science,1
B Politicologie,Politicologie,Political Science,VU - Vrije Universiteit Amsterdam,56606,1001O5941,c619837a-5628-4312-b0cf-7fa49962fcc5,VOLTIJD,NLD,Amsterdam,,B Politicologie | Politicologie | Political Science | B Politicologie (Dutch taught),1
B Psychologie,Psychologie,Psychology,VU - Vrije Universiteit Amsterdam,56604,1001O5935,a58a6d57-e4fd-4c0c-9612-dc56d44c01cc,VOLTIJD,NLD,Amsterdam,,B Psychologie | Psychologie | Psychology | B Psychology,1
B Rechtsgeleerdheid,Rechtsgeleerdheid,Law,VU - Vrije Universiteit Amsterdam,50700,1001O5730,83735250-73b2-43ed-99ee-d4d48ac78fab,VOLTIJD,NLD,Amsterdam,,B Rechtsgeleerdheid | Rechtsgeleerdheid | Law | B in Law,1
"B Science, Business & Innovation","Science, Business & Innovation","Science, Business & Innovation",VU - Vrije Universiteit Amsterdam,50670,1001O5723,97aeff04-947f-4585-994c-13cfab50f7a4,VOLTIJD,NLD,Amsterdam,,"B Science, Business & Innovation | Science, Business & Innovation",1
B Sociologie,Sociologie,Sociology,VU - Vrije Universiteit Amsterdam,56601,1001O5925,0269979c-7ce8-424d-8703-8876ada217c9,VOLTIJD,NLD,Amsterdam,,B Sociologie | Sociologie | Sociology | B Sociology,1
B Tandheelkunde,Tandheelkunde,Dentistry,VU - Vrije Universiteit Amsterdam,56560,1001O5917,d7b53240-642a-47d8-afd7-5b3296c30f17,VOLTIJD,NLD,Amsterdam,,B Tandheelkunde | Tandheelkunde | Dentistry | B Dentistry,1
Bachelor Agrotechnologie,Agrotechnologie,Biosystems Engineering,Wageningen University,56831,1001O6075,6c49d7f1-0b98-4704-88a1-55ee7b5c3c93,VOLTIJD,NLD,Wageningen,http://www.wur.nl/bat,Bachelor Agrotechnologie | Agrotechnologie | Biosystems Engineering,1
Bachelor Bedrijfs- en Consumentenwetenschappen,Bedrijfs- en Consumentenwetenschappen,Business and Consumer Studies,Wageningen University,56836,1001O6086,a3d9dae9-3881-48fb-95e1-c01c262ce10d,VOLTIJD,NLD,Wageningen,http://www.wur.nl/bbc,Bachelor Bedrijfs- en Consumentenwetenschappen | Bedrijfs- en Consumentenwetenschappen | Business and Consumer Studies,1
Bachelor Biologie,Biologie,Biology,Wageningen University,56860,1001O6120,5ce23bf5-a164-40ec-860d-9a9e658b2ee1,VOLTIJD,NLD,Wageningen,biologyportal.wur.nl,Bachelor Biologie | Biologie | Biology,1
Bachelor Biotechnologie,Biotechnologie,Biotechnology,Wageningen University,56841,1001O6094,d41d11c9-defb-4ddc-ba36-121833f4c471,VOLTIJD,NLD,Wageningen,http://www.wur.nl/bbt,Bachelor Biotechnologie | Biotechnologie | Biotechnology,1
Bachelor Communicatie en Life Sciences,Communicatie en Life Sciences,Communication and Life Sciences,Wageningen University,50016,1001O5637,0ef5aada-c443-4b30-84a0-44ce7d9f54fa,VOLTIJD,NLD,Wageningen,http://www.wur.nl/bcl,Bachelor Communicatie en Life Sciences | Communicatie en Life Sciences | Communication and Life Sciences,1
Bachelor Economie en Beleid,Economie en Beleid,Economics and Governance,Wageningen University,50101,1001O5657,8c97e2eb-5700-48d3-876d-7cef63ab71fd,VOLTIJD,NLD,Wageningen,http://www.wur.nl/beb,Bachelor Economie en Beleid | Economie en Beleid | Economics and Governance,1
Bachelor Gezondheid en Maatschappij,Gezondheid en Maatschappij,Health and Society,Wageningen University,50018,1001O5641,bd3b3624-ef42-4573-9950-9539e910799f,VOLTIJD,NLD,Wageningen,http://www.wur.nl/bgm,Bachelor Gezondheid en Maatschappij | Gezondheid en Maatschappij | Health and Society,1
Bachelor International Land and Water Management,International Land and Water Management,International Land and Water Management,Wageningen University,50100,1001O5656,5a82bb26-c36a-4c75-aca1-f54a337bbc01,VOLTIJD,ENG,Wageningen,http://www.wur.nl/bil,Bachelor International Land and Water Management | International Land and Water Management,1
Bachelor Internationale Ontwikkelingsstudies,Internationale Ontwikkelingsstudies,International Development Studies,Wageningen University,56837,1001O6087,033ba99f-0891-47ee-9c22-d48254149af9,VOLTIJD,NLD,Wageningen,http://www.wur.nl/bin,Bachelor Internationale Ontwikkelingsstudies | Internationale Ontwikkelingsstudies | International Development Studies,1
Bachelor Landschapsarchitectuur& Ruimtelijke Planning,Landschapsarchitectuur en ruimtelijke planning,Landscape Architecture and Planning,Wageningen University,56848,1001O6102,b648c0d7-7d11-40b8-b0fc-36fef3654dbd,VOLTIJD,NLD,Wageningen,http://www.wur.nl/blp,Bachelor Landschapsarchitectuur& Ruimtelijke Planning | Landschapsarchitectuur en ruimtelijke planning | Landscape Architecture and Planning,1
Bachelor Marine Sciences,Marine Sciences,Marine Sciences,Wageningen University,50859,1001O8838,9bde9a6f-2a0d-4027-baf7-fa310c2d7e6a,VOLTIJD,ENG,Wageningen,,Bachelor Marine Sciences | Marine Sciences,1
Bachelor Moleculaire Levenswetenschappen,Moleculaire Levenswetenschappen,Molecular Life Sciences,Wageningen University,59304,1001O6222,ce928325-faf8-4029-8957-0105cb1989a7,VOLTIJD,NLD,Wageningen,http://www.wur.nl/bml,Bachelor Moleculaire Levenswetenschappen | Moleculaire Levenswetenschappen | Molecular Life Sciences,1
Bachelor Plantenwetenschappen,Plantenwetenschappen,Plant Sciences,Wageningen University,56835,1001O6085,82cea61d-2093-4d3e-8196-48872cae74d3,VOLTIJD,NLD,Wageningen,http://www.wur.nl/bpw,Bachelor Plantenwetenschappen | Plantenwetenschappen | Plant Sciences,1
Bachelor Voeding en Gezondheid,Voeding en Gezondheid,Nutrition and Health,Wageningen University,56868,1001O6124,90cd79fe-16df-43ec-a331-59ee7611b0ac,VOLTIJD,NLD,Wageningen,http://www.wur.nl/bvg,Bachelor Voeding en Gezondheid | Voeding en Gezondheid | Nutrition and Health,1
Bachelor's Animal Sciences,Animal Sciences,Animal Sciences,Wageningen University,56849,1001O6103,b0cafb91-3150-44d8-9669-b8ecdc7178ef,VOLTIJD,ENG,Wageningen,http://www.wur.nl/bdw,Bachelor's Animal Sciences | Animal Sciences,1
Bachelor's Data Science for Global Challenges,Data Science for Global Challenges,Data Science for Global Challenges,Wageningen University,59026,1016O1728,b80cca66-4d2f-414c-a4ed-7b3e2ad60645,VOLTIJD,NLD,Wageningen,,Bachelor's Data Science for Global Challenges | Data Science for Global Challenges,1
Bachelor's Earth System Sciences,"Soil, Water, Atmosphere","Soil, Water, Atmosphere",Wageningen University,56968,1001O6167,3cb0ff99-11d9-4cc5-864f-8adfc16fd1b6,VOLTIJD,ENG,Wageningen,http://www.wur.nl/bbw,"Bachelor's Earth System Sciences | Soil, Water, Atmosphere",1
Bachelor's Environmental Sciences,Environmental Sciences,Environmental Sciences,Wageningen University,56283,1001O5876,c71f245e-cfef-4fac-b4a4-838ef94997fd,VOLTIJD,ENG,Wageningen,http://www.wur.nl/bmw,Bachelor's Environmental Sciences | Environmental Sciences,1
Bachelor's Food Technology,Food Technology,Food Technology,Wageningen University,56973,1001O6168,d1eaeda8-1e1d-4e33-adf1-73704cd48e00,VOLTIJD,ENG,Wageningen,http://www.wur.nl/blt,Bachelor's Food Technology | Food Technology,1
Bachelor's Tourism (joint degree),Tourism (joint degree),Tourism (joint degree),Wageningen University,55001,1001O5780,9d7ec0ba-2e49-4c7b-a244-c3b0a10c3270,VOLTIJD,NLD,Breda,http://www.wur.nl/bto,Bachelor's Tourism (joint degree) | Tourism (joint degree),1
