ONDERWIJSBESTUURID,ONDERWIJSBESTUUR_NAAM,ONDERWIJSAANBIEDERID,ONDERWIJSAANBIEDER_NAAM,SOORT,OPLEIDINGSEENHEIDCODE,ERKENDEOPLEIDINGSCODE,VARIANT_VAN,ERKENNER,NAAM_LANG,INTERNATIONALE_NAAM,BEGINDATUM,EINDDATUM,NIVEAU,GRAAD,STUDIELAST,EQF,NLQF,WAARDEDOCUMENTSOORT,PENVOERDER,EIGENNAAM,EIGENNAAM_DUITS,EIGENNAAM_ENGELS,VORM,VOERTAAL,AANGEBODEN_OPLEIDING_BEGINDATUM,AANGEBODEN_OPLEIDING_EINDDATUM,EERSTE_INSTROOMDATUM,LAATSTE_INSTROOMDATUM,WEBSITE,SAMENWERKEND_MET,BUITENLANDSEPARTNER,DEFICIENTIE,EISEN_WERKZAAMHEDEN,PROPEDEUTISCHE_FASE,STUDIEKEUZECHECK,VERSNELD_TRAJECT,AANGEBODEN_OPLEIDINGCODE,EIGEN_AANGEBODEN_OPLEIDINGSLEUTEL,ONDERWIJSLOCATIECODE,ONDERWIJSLOCATIESTRAAT,ONDERWIJSLOCATIEPLAATS,OMSCHRIJVING
107B448,Rijksuniversiteit Groningen,113A748,Rijksuniversiteit Groningen,OPLEIDING,1001O5642,50019,,NVAO,International Business,International Business,2012-09-01,,WO-BA,BACHELOR,180,6,6,GETUIGSCHRIFT,Rijksuniversiteit Groningen,International Business,,,VOLTIJD,ENG,2012-09-01,,,,,,,GEEN_DEFICIENTIES,GEEN_EISEN,GEEN_PROPEDEUTISCHE_FASE,GEEN_STUDIEKEUZE_CHECK,GEEN_VERSNELD_TRAJECT,0e47b3a5-ccd2-4f65-945c-3af5415fa0e5,0e47b3a5-ccd2-4f65-945c-3af5415fa0e5,114X066,Broerstraat,Groningen,
107B448,Rijksuniversiteit Groningen,113A748,Rijksuniversiteit Groningen,OPLEIDING,1001O5664,50205,,NVAO,Sterrenkunde,Astronomy,2002-09-01,,WO-BA,BACHELOR,180,6,6,GETUIGSCHRIFT,Rijksuniversiteit Groningen,Sterrenkunde,,,VOLTIJD,ENG,2002-09-01,,,,,,,GEEN_DEFICIENTIES,GEEN_EISEN,GEEN_PROPEDEUTISCHE_FASE,STUDIEKEUZE_CHECK_VAN_TOEPASSING,GEEN_VERSNELD_TRAJECT,49ee7fec-702e-4e02-9c34-7b2446790af0,49ee7fec-702e-4e02-9c34-7b2446790af0,114X066,Broerstraat,Groningen,
107B448,Rijksuniversiteit Groningen,113A748,Rijksuniversiteit Groningen,OPLEIDING,1001O5664,50205,,NVAO,Sterrenkunde,Astronomy,2002-09-01,,WO-BA,BACHELOR,180,6,6,GETUIGSCHRIFT,Rijksuniversiteit Groningen,Sterrenkunde,,,VOLTIJD,ENG,2002-09-01,,,,,,,GEEN_DEFICIENTIES,GEEN_EISEN,GEEN_PROPEDEUTISCHE_FASE,STUDIEKEUZE_CHECK_VERPLICHT,GEEN_VERSNELD_TRAJECT,49ee7fec-702e-4e02-9c34-7b2446790af0,49ee7fec-702e-4e02-9c34-7b2446790af0,114X066,Broerstraat,Groningen,
107B448,Rijksuniversiteit Groningen,113A748,Rijksuniversiteit Groningen,OPLEIDING,1001O5666,50206,,NVAO,Natuurkunde,Physics,2002-09-01,,WO-BA,BACHELOR,180,6,6,GETUIGSCHRIFT,Rijksuniversiteit Groningen,Natuurkunde,,,VOLTIJD,ENG,2002-09-01,,,,,,,GEEN_DEFICIENTIES,GEEN_EISEN,GEEN_PROPEDEUTISCHE_FASE,STUDIEKEUZE_CHECK_VAN_TOEPASSING,GEEN_VERSNELD_TRAJECT,c31383d8-c766-4d04-8dc8-7b45c862b083,c31383d8-c766-4d04-8dc8-7b45c862b083,114X066,Broerstraat,Groningen,
107B448,Rijksuniversiteit Groningen,113A748,Rijksuniversiteit Groningen,OPLEIDING,1001O5670,50290,,NVAO,English Language and Culture,English Language and Culture,2013-09-01,,WO-BA,BACHELOR,180,6,6,GETUIGSCHRIFT,Rijksuniversiteit Groningen,English Language and Culture,,,VOLTIJD,ENG,2013-09-01,,,,,,,GEEN_DEFICIENTIES,GEEN_EISEN,GEEN_PROPEDEUTISCHE_FASE,STUDIEKEUZE_CHECK_VAN_TOEPASSING,GEEN_VERSNELD_TRAJECT,30e12bfc-0a6c-4405-b9a4-44d36fc73867,30e12bfc-0a6c-4405-b9a4-44d36fc73867,114X066,Broerstraat,Groningen,
107B448,Rijksuniversiteit Groningen,113A748,Rijksuniversiteit Groningen,OPLEIDING,1001O5680,50393,,NVAO,Liberal Arts and Sciences,Liberal Arts and Sciences,2014-09-01,,WO-BA,BACHELOR,180,6,6,GETUIGSCHRIFT,Rijksuniversiteit Groningen,Liberal Arts and Sciences,,,VOLTIJD,ENG,2014-09-01,,,,,,,GEEN_DEFICIENTIES,GEEN_EISEN,GEEN_PROPEDEUTISCHE_FASE,GEEN_STUDIEKEUZE_CHECK,GEEN_VERSNELD_TRAJECT,fa0baf5c-377f-4622-896c-bfa4e794154c,fa0baf5c-377f-4622-896c-bfa4e794154c,114X066,Broerstraat,Groningen,
107B448,Rijksuniversiteit Groningen,113A748,Rijksuniversiteit Groningen,OPLEIDING,1001O5705,50623,,NVAO,American Studies,American Studies,2002-09-01,,WO-BA,BACHELOR,180,6,6,GETUIGSCHRIFT,Rijksuniversiteit Groningen,American Studies,,,VOLTIJD,ENG,2002-09-01,,,,,,,GEEN_DEFICIENTIES,GEEN_EISEN,GEEN_PROPEDEUTISCHE_FASE,STUDIEKEUZE_CHECK_VAN_TOEPASSING,GEEN_VERSNELD_TRAJECT,be251e98-fb14-450f-ab0a-e6c36074c106,be251e98-fb14-450f-ab0a-e6c36074c106,114X066,Broerstraat,Groningen,
107B448,Rijksuniversiteit Groningen,113A748,Rijksuniversiteit Groningen,OPLEIDING,1001O5706,50627,,NVAO,Internationale Betrekkingen en Internationale Organisatie,International Relations and International Organization,2002-09-01,,WO-BA,BACHELOR,180,6,6,GETUIGSCHRIFT,Rijksuniversiteit Groningen,Internationale Betrekkingen en Internationale Organisatie,,,VOLTIJD,ENG,2002-09-01,,,,,,,GEEN_DEFICIENTIES,GEEN_EISEN,GEEN_PROPEDEUTISCHE_FASE,GEEN_STUDIEKEUZE_CHECK,GEEN_VERSNELD_TRAJECT,0611d762-fbeb-447b-a5d3-94fbd74157a0,0611d762-fbeb-447b-a5d3-94fbd74157a0,114X066,Broerstraat,Groningen,
107B448,Rijksuniversiteit Groningen,113A748,Rijksuniversiteit Groningen,OPLEIDING,1001O5707,50629,,NVAO,"Kunsten, Cultuur en Media","Arts, Culture and Media",2002-09-01,,WO-BA,BACHELOR,180,6,6,GETUIGSCHRIFT,Rijksuniversiteit Groningen,"Kunsten, Cultuur en Media",,,VOLTIJD,ENG,2002-09-01,,,,,,,GEEN_DEFICIENTIES,GEEN_EISEN,GEEN_PROPEDEUTISCHE_FASE,STUDIEKEUZE_CHECK_VAN_TOEPASSING,GEEN_VERSNELD_TRAJECT,a8535621-e4bd-4c12-ae3e-c6f3c9faa529,a8535621-e4bd-4c12-ae3e-c6f3c9faa529,114X066,Broerstraat,Groningen,
107B448,Rijksuniversiteit Groningen,113A748,Rijksuniversiteit Groningen,OPLEIDING,1001O5707,50629,,NVAO,"Kunsten, Cultuur en Media","Arts, Culture and Media",2002-09-01,,WO-BA,BACHELOR,180,6,6,GETUIGSCHRIFT,Rijksuniversiteit Groningen,"Kunsten, Cultuur en Media",,,VOLTIJD,NLD,2002-09-01,,,,,,,GEEN_DEFICIENTIES,GEEN_EISEN,GEEN_PROPEDEUTISCHE_FASE,STUDIEKEUZE_CHECK_VAN_TOEPASSING,GEEN_VERSNELD_TRAJECT,9e23a930-ecf9-4d34-8d18-e67f01e7a0bd,9e23a930-ecf9-4d34-8d18-e67f01e7a0bd,114X066,Broerstraat,Groningen,
107B448,Rijksuniversiteit Groningen,113A748,Rijksuniversiteit Groningen,OPLEIDING,1001O5711,50645,,NVAO,Bedrijfskunde,Business Administration,2002-09-01,,WO-BA,BACHELOR,180,6,6,GETUIGSCHRIFT,Rijksuniversiteit Groningen,Bedrijfskunde,,,VOLTIJD,NLD,2002-09-01,,,,,,,GEEN_DEFICIENTIES,GEEN_EISEN,GEEN_PROPEDEUTISCHE_FASE,STUDIEKEUZE_CHECK_VAN_TOEPASSING,GEEN_VERSNELD_TRAJECT,f25f1b86-400e-4a61-aa61-016f79febb1d,f25f1b86-400e-4a61-aa61-016f79febb1d,114X066,Broerstraat,Groningen,
107B448,Rijksuniversiteit Groningen,113A748,Rijksuniversiteit Groningen,OPLEIDING,1001O5725,50700,,NVAO,Rechtsgeleerdheid,Dutch Law,2009-09-01,,WO-BA,BACHELOR,180,6,6,GETUIGSCHRIFT,Rijksuniversiteit Groningen,Rechtsgeleerdheid,,,VOLTIJD,NLD,2009-09-01,,,,,,,GEEN_DEFICIENTIES,GEEN_EISEN,GEEN_PROPEDEUTISCHE_FASE,STUDIEKEUZE_CHECK_VERPLICHT,GEEN_VERSNELD_TRAJECT,048b86d5-80b4-47c6-b575-2978bc2c9676,048b86d5-80b4-47c6-b575-2978bc2c9676,114X066,Broerstraat,Groningen,
107B448,Rijksuniversiteit Groningen,113A748,Rijksuniversiteit Groningen,OPLEIDING,1001O5725,50700,,NVAO,Rechtsgeleerdheid,Dutch Law,2009-09-01,,WO-BA,BACHELOR,180,6,6,GETUIGSCHRIFT,Rijksuniversiteit Groningen,Rechtsgeleerdheid,,,VOLTIJD,NLD,2009-09-01,,,,,,,GEEN_DEFICIENTIES,GEEN_EISEN,GEEN_PROPEDEUTISCHE_FASE,STUDIEKEUZE_CHECK_VERPLICHT,GEEN_VERSNELD_TRAJECT,9b40f5fa-8bae-4ebc-a6dd-7fef966024ff,9b40f5fa-8bae-4ebc-a6dd-7fef966024ff,114X067,Wirdumerdijk,Leeuwarden,
107B448,Rijksuniversiteit Groningen,113A748,Rijksuniversiteit Groningen,OPLEIDING,1001O5751,50902,,NVAO,Religiewetenschappen,Religious Studies,2014-09-01,,WO-BA,BACHELOR,180,6,6,GETUIGSCHRIFT,Rijksuniversiteit Groningen,Religiewetenschappen,,,VOLTIJD,ENG,2014-09-01,,,,,,,GEEN_DEFICIENTIES,GEEN_EISEN,GEEN_PROPEDEUTISCHE_FASE,STUDIEKEUZE_CHECK_VAN_TOEPASSING,GEEN_VERSNELD_TRAJECT,1ae42d82-855c-4125-8003-9e75ec2d1418,1ae42d82-855c-4125-8003-9e75ec2d1418,114X066,Broerstraat,Groningen,
107B448,Rijksuniversiteit Groningen,113A748,Rijksuniversiteit Groningen,OPLEIDING,1001O5751,50902,,NVAO,Religiewetenschappen,Religious Studies,2014-09-01,,WO-BA,BACHELOR,180,6,6,GETUIGSCHRIFT,Rijksuniversiteit Groningen,Religiewetenschappen,,,VOLTIJD,NLD,2014-09-01,,,,,,,GEEN_DEFICIENTIES,GEEN_EISEN,GEEN_PROPEDEUTISCHE_FASE,STUDIEKEUZE_CHECK_VAN_TOEPASSING,GEEN_VERSNELD_TRAJECT,e8c968b9-ccc9-4d44-9583-ec3d6611faf4,e8c968b9-ccc9-4d44-9583-ec3d6611faf4,114X066,Broerstraat,Groningen,
107B448,Rijksuniversiteit Groningen,113A748,Rijksuniversiteit Groningen,OPLEIDING,1001O5757,50906,,NVAO,Media en Cultuur,Media Studies,2015-03-31,,WO-BA,BACHELOR,180,6,6,GETUIGSCHRIFT,Rijksuniversiteit Groningen,Media en Cultuur,,,VOLTIJD,ENG,2015-03-31,,,,,,,GEEN_DEFICIENTIES,GEEN_EISEN,GEEN_PROPEDEUTISCHE_FASE,STUDIEKEUZE_CHECK_VAN_TOEPASSING,GEEN_VERSNELD_TRAJECT,046b499c-6c6e-406e-a89d-7b12857ebf4d,046b499c-6c6e-406e-a89d-7b12857ebf4d,114X066,Broerstraat,Groningen,
107B448,Rijksuniversiteit Groningen,113A748,Rijksuniversiteit Groningen,OPLEIDING,1001O5761,50950,,NVAO,Economie en Bedrijfseconomie,Economics and Business Economics,2009-09-01,,WO-BA,BACHELOR,180,6,6,GETUIGSCHRIFT,Rijksuniversiteit Groningen,Economie en Bedrijfseconomie,,,VOLTIJD,ENG,2009-09-01,,,,,,,GEEN_DEFICIENTIES,GEEN_EISEN,GEEN_PROPEDEUTISCHE_FASE,STUDIEKEUZE_CHECK_VAN_TOEPASSING,GEEN_VERSNELD_TRAJECT,a4d4cf7e-8e74-41fc-a8a3-4c66cc26b871,a4d4cf7e-8e74-41fc-a8a3-4c66cc26b871,114X066,Broerstraat,Groningen,
107B448,Rijksuniversiteit Groningen,113A748,Rijksuniversiteit Groningen,OPLEIDING,1001O5774,50974,,NVAO,Human Geography and Planning,Human Geography and Planning,2020-09-01,,WO-BA,BACHELOR,180,6,6,GETUIGSCHRIFT,Rijksuniversiteit Groningen,Human Geography and Planning,,,VOLTIJD,ENG,2020-09-01,,,,,,,GEEN_DEFICIENTIES,GEEN_EISEN,GEEN_PROPEDEUTISCHE_FASE,STUDIEKEUZE_CHECK_VAN_TOEPASSING,GEEN_VERSNELD_TRAJECT,3c9ac13b-3f3a-40f7-93d4-277ac2b1ba0a,3c9ac13b-3f3a-40f7-93d4-277ac2b1ba0a,114X066,Broerstraat,Groningen,
107B448,Rijksuniversiteit Groningen,113A748,Rijksuniversiteit Groningen,OPLEIDING,1001O5806,56003,,NVAO,Griekse en Latijnse Taal en Cultuur,Classics,2002-09-01,,WO-BA,BACHELOR,180,6,6,GETUIGSCHRIFT,Rijksuniversiteit Groningen,Griekse en Latijnse Taal en Cultuur,,,VOLTIJD,NLD,2002-09-01,,,,,,,GEEN_DEFICIENTIES,GEEN_EISEN,GEEN_PROPEDEUTISCHE_FASE,STUDIEKEUZE_CHECK_VAN_TOEPASSING,GEEN_VERSNELD_TRAJECT,732193a9-b696-4e7b-a9a0-58d9a21d9cb0,732193a9-b696-4e7b-a9a0-58d9a21d9cb0,114X066,Broerstraat,Groningen,
107B448,Rijksuniversiteit Groningen,113A748,Rijksuniversiteit Groningen,OPLEIDING,1001O5810,56012,,NVAO,Minorities & Multilingualism,Minorities & Multilingualism,2002-09-01,2031-09-01,WO-BA,BACHELOR,180,6,6,GETUIGSCHRIFT,Rijksuniversiteit Groningen,Minorities & Multilingualism,,,VOLTIJD,ENG,2002-09-01,2030-09-01,,2026-09-01,,,,GEEN_DEFICIENTIES,GEEN_EISEN,GEEN_PROPEDEUTISCHE_FASE,STUDIEKEUZE_CHECK_VAN_TOEPASSING,GEEN_VERSNELD_TRAJECT,d3f89b01-47e8-45a6-9784-af4673f05905,d3f89b01-47e8-45a6-9784-af4673f05905,114X066,Broerstraat,Groningen,
107B448,Rijksuniversiteit Groningen,113A748,Rijksuniversiteit Groningen,OPLEIDING,1001O5817,56034,,NVAO,Geschiedenis,History,2002-09-01,,WO-BA,BACHELOR,180,6,6,GETUIGSCHRIFT,Rijksuniversiteit Groningen,Geschiedenis,,,VOLTIJD,ENG,2002-09-01,,,,,,,GEEN_DEFICIENTIES,GEEN_EISEN,GEEN_PROPEDEUTISCHE_FASE,STUDIEKEUZE_CHECK_VAN_TOEPASSING,GEEN_VERSNELD_TRAJECT,b49220e3-6bad-4151-bc7b-26353b11b190,b49220e3-6bad-4151-bc7b-26353b11b190,114X066,Broerstraat,Groningen,
107B448,Rijksuniversiteit Groningen,113A748,Rijksuniversiteit Groningen,OPLEIDING,1001O5817,56034,,NVAO,Geschiedenis,History,2002-09-01,,WO-BA,BACHELOR,180,6,6,GETUIGSCHRIFT,Rijksuniversiteit Groningen,Geschiedenis,,,VOLTIJD,NLD,2002-09-01,,,,,,,GEEN_DEFICIENTIES,GEEN_EISEN,GEEN_PROPEDEUTISCHE_FASE,STUDIEKEUZE_CHECK_VAN_TOEPASSING,GEEN_VERSNELD_TRAJECT,bca85496-aabf-4684-a7c9-c8f94ad39a36,bca85496-aabf-4684-a7c9-c8f94ad39a36,114X066,Broerstraat,Groningen,
107B448,Rijksuniversiteit Groningen,113A748,Rijksuniversiteit Groningen,OPLEIDING,1001O5838,56081,,NVAO,Filosofie,Philosophy,2002-09-01,,WO-BA,BACHELOR,180,6,6,GETUIGSCHRIFT,Rijksuniversiteit Groningen,Filosofie,,,VOLTIJD,NLD,2002-09-01,,,,,,,GEEN_DEFICIENTIES,GEEN_EISEN,GEEN_PROPEDEUTISCHE_FASE,STUDIEKEUZE_CHECK_VAN_TOEPASSING,GEEN_VERSNELD_TRAJECT,c2a1f8aa-50aa-4915-9af1-b8737d4efa4b,c2a1f8aa-50aa-4915-9af1-b8737d4efa4b,114X066,Broerstraat,Groningen,
107B448,Rijksuniversiteit Groningen,113A748,Rijksuniversiteit Groningen,OPLEIDING,1001O5847,56098,,NVAO,Midden-Oostenstudies,Middle Eastern Studies,2012-09-01,,WO-BA,BACHELOR,180,6,6,GETUIGSCHRIFT,Rijksuniversiteit Groningen,Midden-Oostenstudies,,,VOLTIJD,NLD,2012-09-01,,,,,,,GEEN_DEFICIENTIES,GEEN_EISEN,GEEN_PROPEDEUTISCHE_FASE,STUDIEKEUZE_CHECK_VAN_TOEPASSING,GEEN_VERSNELD_TRAJECT,682fe0e8-824a-4092-86e4-60eddcb11fe5,682fe0e8-824a-4092-86e4-60eddcb11fe5,114X066,Broerstraat,Groningen,
107B448,Rijksuniversiteit Groningen,113A748,Rijksuniversiteit Groningen,OPLEIDING,1001O5855,56109,,NVAO,Theologie,Theology,2007-09-01,,WO-BA,BACHELOR,180,6,6,GETUIGSCHRIFT,Rijksuniversiteit Groningen,Theologie,,,VOLTIJD,NLD,2007-09-01,,,,,,,GEEN_DEFICIENTIES,GEEN_EISEN,GEEN_PROPEDEUTISCHE_FASE,STUDIEKEUZE_CHECK_VAN_TOEPASSING,GEEN_VERSNELD_TRAJECT,28e85f49-4d08-4793-b0e8-70c2c7d6db09,28e85f49-4d08-4793-b0e8-70c2c7d6db09,114X066,Broerstraat,Groningen,
107B448,Rijksuniversiteit Groningen,113A748,Rijksuniversiteit Groningen,OPLEIDING,1001O5866,56124,,NVAO,Europese Talen en Culturen,European Languages and Cultures,2013-09-01,,WO-BA,BACHELOR,180,6,6,GETUIGSCHRIFT,Rijksuniversiteit Groningen,Europese Talen en Culturen,,,VOLTIJD,ENG,2013-09-01,,,,,,,GEEN_DEFICIENTIES,GEEN_EISEN,GEEN_PROPEDEUTISCHE_FASE,STUDIEKEUZE_CHECK_VAN_TOEPASSING,GEEN_VERSNELD_TRAJECT,82208812-6628-4218-9bc3-75899aa22507,82208812-6628-4218-9bc3-75899aa22507,114X066,Broerstraat,Groningen,
107B448,Rijksuniversiteit Groningen,113A748,Rijksuniversiteit Groningen,OPLEIDING,1001O5866,56124,,NVAO,Europese Talen en Culturen,European Languages and Cultures,2013-09-01,,WO-BA,BACHELOR,180,6,6,GETUIGSCHRIFT,Rijksuniversiteit Groningen,Europese Talen en Culturen,,,VOLTIJD,NLD,2013-09-01,,,,,,,GEEN_DEFICIENTIES,GEEN_EISEN,GEEN_PROPEDEUTISCHE_FASE,STUDIEKEUZE_CHECK_VAN_TOEPASSING,GEEN_VERSNELD_TRAJECT,ae66d52f-a2cd-4901-a3d9-758d1def7154,ae66d52f-a2cd-4901-a3d9-758d1def7154,114X066,Broerstraat,Groningen,
107B448,Rijksuniversiteit Groningen,113A748,Rijksuniversiteit Groningen,OPLEIDING,1001O5867,56157,,NVAO,Farmacie,Pharmacy,2002-09-01,,WO-BA,BACHELOR,180,6,6,GETUIGSCHRIFT,Rijksuniversiteit Groningen,Farmacie,,,VOLTIJD,NLD,2025-09-01,,,,,,,GEEN_DEFICIENTIES,GEEN_EISEN,GEEN_PROPEDEUTISCHE_FASE,STUDIEKEUZE_CHECK_VAN_TOEPASSING,GEEN_VERSNELD_TRAJECT,2de276ca-433d-4a84-babe-b435e9555aab,2de276ca-433d-4a84-babe-b435e9555aab,114X066,Broerstraat,Groningen,
107B448,Rijksuniversiteit Groningen,113A748,Rijksuniversiteit Groningen,OPLEIDING,1001O5869,56194,,NVAO,Spatial Planning and Design,Spatial Planning and Design,2002-09-01,,WO-BA,BACHELOR,180,6,6,GETUIGSCHRIFT,Rijksuniversiteit Groningen,Spatial Planning and Design,,,VOLTIJD,ENG,2002-09-01,,,,,,,GEEN_DEFICIENTIES,GEEN_EISEN,GEEN_PROPEDEUTISCHE_FASE,STUDIEKEUZE_CHECK_VAN_TOEPASSING,GEEN_VERSNELD_TRAJECT,72204c16-0a8f-45c5-af36-dbb02f13ce44,72204c16-0a8f-45c5-af36-dbb02f13ce44,114X066,Broerstraat,Groningen,
107B448,Rijksuniversiteit Groningen,113A748,Rijksuniversiteit Groningen,OPLEIDING,1001O5869,56194,,NVAO,Spatial Planning and Design,Spatial Planning and Design,2002-09-01,,WO-BA,BACHELOR,180,6,6,GETUIGSCHRIFT,Rijksuniversiteit Groningen,Spatial Planning and Design,,,VOLTIJD,ENG,2002-09-01,,,,,,,GEEN_DEFICIENTIES,GEEN_EISEN,GEEN_PROPEDEUTISCHE_FASE,STUDIEKEUZE_CHECK_VERPLICHT,GEEN_VERSNELD_TRAJECT,72204c16-0a8f-45c5-af36-dbb02f13ce44,72204c16-0a8f-45c5-af36-dbb02f13ce44,114X066,Broerstraat,Groningen,
107B448,Rijksuniversiteit Groningen,113A748,Rijksuniversiteit Groningen,OPLEIDING,1001O5871,56226,,NVAO,Biomedische Technologie,Biomedical Engineering,2020-09-01,,WO-BA,BACHELOR,180,6,6,GETUIGSCHRIFT,Rijksuniversiteit Groningen,Biomedische Technologie,,,VOLTIJD,ENG,2020-09-01,,,,,,,GEEN_DEFICIENTIES,GEEN_EISEN,GEEN_PROPEDEUTISCHE_FASE,STUDIEKEUZE_CHECK_VAN_TOEPASSING,GEEN_VERSNELD_TRAJECT,d9269d1a-3824-4c3e-995b-4cccca0e0d5f,d9269d1a-3824-4c3e-995b-4cccca0e0d5f,114X066,Broerstraat,Groningen,
107B448,Rijksuniversiteit Groningen,113A748,Rijksuniversiteit Groningen,OPLEIDING,1001O5871,56226,,NVAO,Biomedische Technologie,Biomedical Engineering,2020-09-01,,WO-BA,BACHELOR,180,6,6,GETUIGSCHRIFT,Rijksuniversiteit Groningen,Biomedische Technologie,,,VOLTIJD,ENG,2020-09-01,,,,,,,GEEN_DEFICIENTIES,GEEN_EISEN,GEEN_PROPEDEUTISCHE_FASE,STUDIEKEUZE_CHECK_VERPLICHT,GEEN_VERSNELD_TRAJECT,d9269d1a-3824-4c3e-995b-4cccca0e0d5f,d9269d1a-3824-4c3e-995b-4cccca0e0d5f,114X066,Broerstraat,Groningen,
107B448,Rijksuniversiteit Groningen,113A748,Rijksuniversiteit Groningen,OPLEIDING,1001O5878,56286,,NVAO,Life Science and Technology,Life Science and Technology,2002-09-01,,WO-BA,BACHELOR,180,6,6,GETUIGSCHRIFT,Rijksuniversiteit Groningen,Life Science and Technology,,,VOLTIJD,ENG,2002-09-01,,,,,,,GEEN_DEFICIENTIES,GEEN_EISEN,GEEN_PROPEDEUTISCHE_FASE,STUDIEKEUZE_CHECK_VAN_TOEPASSING,GEEN_VERSNELD_TRAJECT,9f4f3fca-05c4-424b-a789-30599628e4fe,9f4f3fca-05c4-424b-a789-30599628e4fe,114X066,Broerstraat,Groningen,
107B448,Rijksuniversiteit Groningen,113A748,Rijksuniversiteit Groningen,OPLEIDING,1001O5878,56286,,NVAO,Life Science and Technology,Life Science and Technology,2002-09-01,,WO-BA,BACHELOR,180,6,6,GETUIGSCHRIFT,Rijksuniversiteit Groningen,Life Science and Technology,,,VOLTIJD,ENG,2002-09-01,,,,,,,GEEN_DEFICIENTIES,GEEN_EISEN,GEEN_PROPEDEUTISCHE_FASE,STUDIEKEUZE_CHECK_VERPLICHT,GEEN_VERSNELD_TRAJECT,9f4f3fca-05c4-424b-a789-30599628e4fe,9f4f3fca-05c4-424b-a789-30599628e4fe,114X066,Broerstraat,Groningen,
107B448,Rijksuniversiteit Groningen,113A748,Rijksuniversiteit Groningen,OPLEIDING,1001O5904,56551,,NVAO,Geneeskunde,Medicine,2003-09-01,,WO-BA,BACHELOR,180,6,6,GETUIGSCHRIFT,Rijksuniversiteit Groningen,Geneeskunde,,,VOLTIJD,NLD,2003-09-01,,,,,,,GEEN_DEFICIENTIES,GEEN_EISEN,GEEN_PROPEDEUTISCHE_FASE,GEEN_STUDIEKEUZE_CHECK,GEEN_VERSNELD_TRAJECT,f3168827-5498-49fe-b6a3-de8e1d1770fd,f3168827-5498-49fe-b6a3-de8e1d1770fd,114X066,Broerstraat,Groningen,
107B448,Rijksuniversiteit Groningen,113A748,Rijksuniversiteit Groningen,OPLEIDING,1001O5915,56560,,NVAO,Tandheelkunde,Dentistry,2004-09-01,,WO-BA,BACHELOR,180,6,6,GETUIGSCHRIFT,Rijksuniversiteit Groningen,Tandheelkunde,,,VOLTIJD,NLD,2004-09-01,,,,,,,GEEN_DEFICIENTIES,GEEN_EISEN,GEEN_PROPEDEUTISCHE_FASE,GEEN_STUDIEKEUZE_CHECK,GEEN_VERSNELD_TRAJECT,6e8348de-66e7-4c14-a350-eaf7036dc9fe,6e8348de-66e7-4c14-a350-eaf7036dc9fe,114X066,Broerstraat,Groningen,
107B448,Rijksuniversiteit Groningen,113A748,Rijksuniversiteit Groningen,OPLEIDING,1001O5921,56601,,NVAO,Sociologie,Sociology,2002-09-01,,WO-BA,BACHELOR,180,6,6,GETUIGSCHRIFT,Rijksuniversiteit Groningen,Sociologie,,,VOLTIJD,NLD,2002-09-01,,,,,,,GEEN_DEFICIENTIES,GEEN_EISEN,GEEN_PROPEDEUTISCHE_FASE,STUDIEKEUZE_CHECK_VERPLICHT,GEEN_VERSNELD_TRAJECT,4f52b521-015b-4986-80e1-14fa94119715,4f52b521-015b-4986-80e1-14fa94119715,114X066,Broerstraat,Groningen,
107B448,Rijksuniversiteit Groningen,113A748,Rijksuniversiteit Groningen,OPLEIDING,1001O5929,56604,,NVAO,Psychologie,Psychology,2002-09-01,,WO-BA,BACHELOR,180,6,6,GETUIGSCHRIFT,Rijksuniversiteit Groningen,Psychologie,,,VOLTIJD,ENG,2002-09-01,,,,,,,GEEN_DEFICIENTIES,GEEN_EISEN,GEEN_PROPEDEUTISCHE_FASE,GEEN_STUDIEKEUZE_CHECK,GEEN_VERSNELD_TRAJECT,4ab3b08b-8e82-4cb5-ac50-8e55c3a64810,4ab3b08b-8e82-4cb5-ac50-8e55c3a64810,114X066,Broerstraat,Groningen,
107B448,Rijksuniversiteit Groningen,113A748,Rijksuniversiteit Groningen,OPLEIDING,1001O5929,56604,,NVAO,Psychologie,Psychology,2002-09-01,,WO-BA,BACHELOR,180,6,6,GETUIGSCHRIFT,Rijksuniversiteit Groningen,Psychologie,,,VOLTIJD,NLD,2002-09-01,,,,,,,GEEN_DEFICIENTIES,GEEN_EISEN,GEEN_PROPEDEUTISCHE_FASE,GEEN_STUDIEKEUZE_CHECK,GEEN_VERSNELD_TRAJECT,6f88b5d5-d5af-4775-b07a-87773fd3535b,6f88b5d5-d5af-4775-b07a-87773fd3535b,114X066,Broerstraat,Groningen,
107B448,Rijksuniversiteit Groningen,113A748,Rijksuniversiteit Groningen,OPLEIDING,1001O5944,56607,,NVAO,Pedagogische Wetenschappen,Pedagogical Sciences,2002-09-01,,WO-BA,BACHELOR,180,6,6,GETUIGSCHRIFT,Rijksuniversiteit Groningen,Pedagogische Wetenschappen,,,VOLTIJD,NLD,2002-09-01,,,,,,,GEEN_DEFICIENTIES,GEEN_EISEN,GEEN_PROPEDEUTISCHE_FASE,STUDIEKEUZE_CHECK_VAN_TOEPASSING,GEEN_VERSNELD_TRAJECT,e97b8534-977e-42e8-880e-a0ee0544879c,e97b8534-977e-42e8-880e-a0ee0544879c,114X066,Broerstraat,Groningen,
107B448,Rijksuniversiteit Groningen,113A748,Rijksuniversiteit Groningen,OPLEIDING,1001O5979,56703,,NVAO,Archeologie,Archaeology,2002-09-01,,WO-BA,BACHELOR,180,6,6,GETUIGSCHRIFT,Rijksuniversiteit Groningen,Archeologie,,,VOLTIJD,NLD,2002-09-01,,,,,,,GEEN_DEFICIENTIES,GEEN_EISEN,GEEN_PROPEDEUTISCHE_FASE,STUDIEKEUZE_CHECK_VAN_TOEPASSING,GEEN_VERSNELD_TRAJECT,1b7b9120-8520-4517-aa6a-0fa9cfa88a93,1b7b9120-8520-4517-aa6a-0fa9cfa88a93,114X066,Broerstraat,Groningen,
107B448,Rijksuniversiteit Groningen,113A748,Rijksuniversiteit Groningen,OPLEIDING,1001O5993,56803,,NVAO,Taalwetenschap,Linguistics,2007-09-01,,WO-BA,BACHELOR,180,6,6,GETUIGSCHRIFT,Rijksuniversiteit Groningen,Taalwetenschap,,,VOLTIJD,NLD,2007-09-01,,,,,,,GEEN_DEFICIENTIES,GEEN_EISEN,GEEN_PROPEDEUTISCHE_FASE,STUDIEKEUZE_CHECK_VAN_TOEPASSING,GEEN_VERSNELD_TRAJECT,86479170-43cd-40ad-8474-91de4abf6db7,86479170-43cd-40ad-8474-91de4abf6db7,114X066,Broerstraat,Groningen,
107B448,Rijksuniversiteit Groningen,113A748,Rijksuniversiteit Groningen,OPLEIDING,1001O5999,56804,,NVAO,Nederlandse Taal en Cultuur,Dutch Language and Culture,2002-09-01,2026-09-01,WO-BA,BACHELOR,180,6,6,GETUIGSCHRIFT,Rijksuniversiteit Groningen,Nederlandse Taal en Cultuur,,,VOLTIJD,NLD,2002-09-01,2026-09-01,,,,,,GEEN_DEFICIENTIES,GEEN_EISEN,GEEN_PROPEDEUTISCHE_FASE,STUDIEKEUZE_CHECK_VAN_TOEPASSING,GEEN_VERSNELD_TRAJECT,0a7af361-bc30-4c15-8bf4-0e56c08fa50b,0a7af361-bc30-4c15-8bf4-0e56c08fa50b,114X066,Broerstraat,Groningen,
107B448,Rijksuniversiteit Groningen,113A748,Rijksuniversiteit Groningen,OPLEIDING,1001O6049,56824,,NVAO,Kunstgeschiedenis,Art History,2002-09-01,,WO-BA,BACHELOR,180,6,6,GETUIGSCHRIFT,Rijksuniversiteit Groningen,Kunstgeschiedenis,,,VOLTIJD,ENG,2002-09-01,,,,,,,GEEN_DEFICIENTIES,GEEN_EISEN,GEEN_PROPEDEUTISCHE_FASE,STUDIEKEUZE_CHECK_VAN_TOEPASSING,GEEN_VERSNELD_TRAJECT,1e81842f-4493-4002-9e06-0969c894d7bb,1e81842f-4493-4002-9e06-0969c894d7bb,114X066,Broerstraat,Groningen,
107B448,Rijksuniversiteit Groningen,113A748,Rijksuniversiteit Groningen,OPLEIDING,1001O6056,56826,,NVAO,Communicatie- en Informatiewetenschappen,Communication and Information Studies,2002-09-01,,WO-BA,BACHELOR,180,6,6,GETUIGSCHRIFT,Rijksuniversiteit Groningen,Communicatie- en Informatiewetenschappen,,,VOLTIJD,ENG,2002-09-01,,,,,,,GEEN_DEFICIENTIES,GEEN_EISEN,GEEN_PROPEDEUTISCHE_FASE,STUDIEKEUZE_CHECK_VAN_TOEPASSING,GEEN_VERSNELD_TRAJECT,9a7d3271-edc5-4cb6-b9d6-c0961afb1eb7,9a7d3271-edc5-4cb6-b9d6-c0961afb1eb7,114X066,Broerstraat,Groningen,
107B448,Rijksuniversiteit Groningen,113A748,Rijksuniversiteit Groningen,OPLEIDING,1001O6056,56826,,NVAO,Communicatie- en Informatiewetenschappen,Communication and Information Studies,2002-09-01,,WO-BA,BACHELOR,180,6,6,GETUIGSCHRIFT,Rijksuniversiteit Groningen,Communicatie- en Informatiewetenschappen,,,VOLTIJD,NLD,2002-09-01,,,,,,,GEEN_DEFICIENTIES,GEEN_EISEN,GEEN_PROPEDEUTISCHE_FASE,STUDIEKEUZE_CHECK_VAN_TOEPASSING,GEEN_VERSNELD_TRAJECT,d5f3bff1-0da9-493b-8fdb-de0f2e57ce8a,d5f3bff1-0da9-493b-8fdb-de0f2e57ce8a,114X066,Broerstraat,Groningen,
107B448,Rijksuniversiteit Groningen,113A748,Rijksuniversiteit Groningen,OPLEIDING,1001O6072,56829,,NVAO,International and European Law,International and European Law,2002-09-01,,WO-BA,BACHELOR,180,6,6,GETUIGSCHRIFT,Rijksuniversiteit Groningen,International and European Law,,,VOLTIJD,ENG,2002-09-01,,,,,,,GEEN_DEFICIENTIES,GEEN_EISEN,GEEN_PROPEDEUTISCHE_FASE,STUDIEKEUZE_CHECK_VERPLICHT,GEEN_VERSNELD_TRAJECT,06bd2460-2125-4500-b1ec-430a1c182b3f,06bd2460-2125-4500-b1ec-430a1c182b3f,114X066,Broerstraat,Groningen,
107B448,Rijksuniversiteit Groningen,113A748,Rijksuniversiteit Groningen,OPLEIDING,1001O6076,56833,,NVAO,Econometrie en Operationele Research,Econometrics and Operations Research,2009-09-01,,WO-BA,BACHELOR,180,6,6,GETUIGSCHRIFT,Rijksuniversiteit Groningen,Econometrie en Operationele Research,,,VOLTIJD,ENG,2009-09-01,,,,,,,GEEN_DEFICIENTIES,GEEN_EISEN,GEEN_PROPEDEUTISCHE_FASE,STUDIEKEUZE_CHECK_VAN_TOEPASSING,GEEN_VERSNELD_TRAJECT,1c629a16-101a-4443-ab12-892186c9947b,1c629a16-101a-4443-ab12-892186c9947b,114X066,Broerstraat,Groningen,
107B448,Rijksuniversiteit Groningen,113A748,Rijksuniversiteit Groningen,OPLEIDING,1001O6095,56842,,NVAO,Informatiekunde,Information Science,2002-09-01,,WO-BA,BACHELOR,180,6,6,GETUIGSCHRIFT,Rijksuniversiteit Groningen,Informatiekunde,,,VOLTIJD,NLD,2002-09-01,2030-09-01,,2027-09-01,,,,GEEN_DEFICIENTIES,GEEN_EISEN,GEEN_PROPEDEUTISCHE_FASE,STUDIEKEUZE_CHECK_VAN_TOEPASSING,GEEN_VERSNELD_TRAJECT,2094d140-1f9f-4c1b-97dc-24e7fe031ce7,2094d140-1f9f-4c1b-97dc-24e7fe031ce7,114X066,Broerstraat,Groningen,
107B448,Rijksuniversiteit Groningen,113A748,Rijksuniversiteit Groningen,OPLEIDING,1001O6112,56857,,NVAO,Scheikunde,Chemistry,2002-09-01,,WO-BA,BACHELOR,180,6,6,GETUIGSCHRIFT,Rijksuniversiteit Groningen,Scheikunde,,,VOLTIJD,ENG,2002-09-01,,,,,,,GEEN_DEFICIENTIES,GEEN_EISEN,GEEN_PROPEDEUTISCHE_FASE,STUDIEKEUZE_CHECK_VAN_TOEPASSING,GEEN_VERSNELD_TRAJECT,b278c846-17eb-40fc-b4dc-2c5fe409e4ff,b278c846-17eb-40fc-b4dc-2c5fe409e4ff,114X066,Broerstraat,Groningen,
107B448,Rijksuniversiteit Groningen,113A748,Rijksuniversiteit Groningen,OPLEIDING,1001O6118,56860,,NVAO,Biologie,Biology,2002-09-01,,WO-BA,BACHELOR,180,6,6,GETUIGSCHRIFT,Rijksuniversiteit Groningen,Biologie,,,VOLTIJD,ENG,2002-09-01,,,,,,,GEEN_DEFICIENTIES,GEEN_EISEN,GEEN_PROPEDEUTISCHE_FASE,STUDIEKEUZE_CHECK_VAN_TOEPASSING,GEEN_VERSNELD_TRAJECT,260beda1-04c1-467a-abb5-477579bd5850,260beda1-04c1-467a-abb5-477579bd5850,114X066,Broerstraat,Groningen,
107B448,Rijksuniversiteit Groningen,113A748,Rijksuniversiteit Groningen,OPLEIDING,1001O6134,56950,,NVAO,Bewegingswetenschappen,Human Movement Sciences,2003-09-01,,WO-BA,BACHELOR,180,6,6,GETUIGSCHRIFT,Rijksuniversiteit Groningen,Bewegingswetenschappen,,,VOLTIJD,NLD,2003-09-01,,,,,,,GEEN_DEFICIENTIES,GEEN_EISEN,GEEN_PROPEDEUTISCHE_FASE,STUDIEKEUZE_CHECK_VERPLICHT,GEEN_VERSNELD_TRAJECT,e2f255c1-67be-4d9e-a23a-519afc6c6258,e2f255c1-67be-4d9e-a23a-519afc6c6258,114X066,Broerstraat,Groningen,
107B448,Rijksuniversiteit Groningen,113A748,Rijksuniversiteit Groningen,OPLEIDING,1001O6149,56960,,NVAO,Scheikundige Technologie,Chemical Engineering,2002-09-01,,WO-BA,BACHELOR,180,6,6,GETUIGSCHRIFT,Rijksuniversiteit Groningen,Scheikundige Technologie,,,VOLTIJD,ENG,2002-09-01,,,,,,,GEEN_DEFICIENTIES,GEEN_EISEN,GEEN_PROPEDEUTISCHE_FASE,STUDIEKEUZE_CHECK_VAN_TOEPASSING,GEEN_VERSNELD_TRAJECT,9aeec357-869f-4b56-8a9b-d04c4fb71643,9aeec357-869f-4b56-8a9b-d04c4fb71643,114X066,Broerstraat,Groningen,
107B448,Rijksuniversiteit Groningen,113A748,Rijksuniversiteit Groningen,OPLEIDING,1001O6152,56962,,NVAO,Technische Natuurkunde,Applied Physics,2002-09-01,,WO-BA,BACHELOR,180,6,6,GETUIGSCHRIFT,Rijksuniversiteit Groningen,Technische Natuurkunde,,,VOLTIJD,ENG,2002-09-01,,,,,,,GEEN_DEFICIENTIES,GEEN_EISEN,GEEN_PROPEDEUTISCHE_FASE,STUDIEKEUZE_CHECK_VAN_TOEPASSING,GEEN_VERSNELD_TRAJECT,58bd2539-41a9-4207-bbdf-4fa471f7d6d0,58bd2539-41a9-4207-bbdf-4fa471f7d6d0,114X066,Broerstraat,Groningen,
107B448,Rijksuniversiteit Groningen,113A748,Rijksuniversiteit Groningen,OPLEIDING,1001O6160,56965,,NVAO,Technische Wiskunde,Applied Mathematics,2002-09-01,,WO-BA,BACHELOR,180,6,6,GETUIGSCHRIFT,Rijksuniversiteit Groningen,Technische Wiskunde,,,VOLTIJD,ENG,2002-09-01,,,,,,,GEEN_DEFICIENTIES,GEEN_EISEN,GEEN_PROPEDEUTISCHE_FASE,STUDIEKEUZE_CHECK_VAN_TOEPASSING,GEEN_VERSNELD_TRAJECT,bb901d8a-76d9-4e7c-9b49-689fba25f0c2,bb901d8a-76d9-4e7c-9b49-689fba25f0c2,114X066,Broerstraat,Groningen,
107B448,Rijksuniversiteit Groningen,113A748,Rijksuniversiteit Groningen,OPLEIDING,1001O6170,56978,,NVAO,Informatica,Computing Science,2002-09-01,,WO-BA,BACHELOR,180,6,6,GETUIGSCHRIFT,Rijksuniversiteit Groningen,Informatica,,,VOLTIJD,ENG,2002-09-01,,,,,,,GEEN_DEFICIENTIES,GEEN_EISEN,GEEN_PROPEDEUTISCHE_FASE,STUDIEKEUZE_CHECK_VAN_TOEPASSING,GEEN_VERSNELD_TRAJECT,4ff92595-5040-4b1d-99dc-1db05424ff79,4ff92595-5040-4b1d-99dc-1db05424ff79,114X066,Broerstraat,Groningen,
107B448,Rijksuniversiteit Groningen,113A748,Rijksuniversiteit Groningen,OPLEIDING,1001O6170,56978,,NVAO,Informatica,Computing Science,2002-09-01,,WO-BA,BACHELOR,180,6,6,GETUIGSCHRIFT,Rijksuniversiteit Groningen,Informatica,,,VOLTIJD,ENG,2002-09-01,,,,,,,GEEN_DEFICIENTIES,GEEN_EISEN,GEEN_PROPEDEUTISCHE_FASE,STUDIEKEUZE_CHECK_VERPLICHT,GEEN_VERSNELD_TRAJECT,4ff92595-5040-4b1d-99dc-1db05424ff79,4ff92595-5040-4b1d-99dc-1db05424ff79,114X066,Broerstraat,Groningen,
107B448,Rijksuniversiteit Groningen,113A748,Rijksuniversiteit Groningen,OPLEIDING,1001O6177,56980,,NVAO,Wiskunde,Mathematics,2002-09-01,,WO-BA,BACHELOR,180,6,6,GETUIGSCHRIFT,Rijksuniversiteit Groningen,Wiskunde,,,VOLTIJD,ENG,2002-09-01,,,,,,,GEEN_DEFICIENTIES,GEEN_EISEN,GEEN_PROPEDEUTISCHE_FASE,STUDIEKEUZE_CHECK_VAN_TOEPASSING,GEEN_VERSNELD_TRAJECT,ee1d0182-8a04-4521-a377-8d18c941594a,ee1d0182-8a04-4521-a377-8d18c941594a,114X066,Broerstraat,Groningen,
107B448,Rijksuniversiteit Groningen,113A748,Rijksuniversiteit Groningen,OPLEIDING,1001O6182,56981,,NVAO,Kunstmatige Intelligentie,Artificial Intelligence,2002-09-01,,WO-BA,BACHELOR,180,6,6,GETUIGSCHRIFT,Rijksuniversiteit Groningen,Kunstmatige Intelligentie,,,VOLTIJD,ENG,2002-09-01,,,,,,,GEEN_DEFICIENTIES,GEEN_EISEN,GEEN_PROPEDEUTISCHE_FASE,STUDIEKEUZE_CHECK_VAN_TOEPASSING,GEEN_VERSNELD_TRAJECT,4b74ef4f-fecd-4f5b-8d01-03ea19860504,4b74ef4f-fecd-4f5b-8d01-03ea19860504,114X066,Broerstraat,Groningen,
107B448,Rijksuniversiteit Groningen,113A748,Rijksuniversiteit Groningen,OPLEIDING,1001O6182,56981,,NVAO,Kunstmatige Intelligentie,Artificial Intelligence,2002-09-01,,WO-BA,BACHELOR,180,6,6,GETUIGSCHRIFT,Rijksuniversiteit Groningen,Kunstmatige Intelligentie,,,VOLTIJD,ENG,2002-09-01,,,,,,,GEEN_DEFICIENTIES,GEEN_EISEN,GEEN_PROPEDEUTISCHE_FASE,STUDIEKEUZE_CHECK_VERPLICHT,GEEN_VERSNELD_TRAJECT,4b74ef4f-fecd-4f5b-8d01-03ea19860504,4b74ef4f-fecd-4f5b-8d01-03ea19860504,114X066,Broerstraat,Groningen,
107B448,Rijksuniversiteit Groningen,113A748,Rijksuniversiteit Groningen,OPLEIDING,1001O6210,56994,,NVAO,Technische Bedrijfskunde,Industrial Engineering & Management,2002-09-01,,WO-BA,BACHELOR,180,6,6,GETUIGSCHRIFT,Rijksuniversiteit Groningen,Technische Bedrijfskunde,,,VOLTIJD,ENG,2002-09-01,,,,,,,GEEN_DEFICIENTIES,GEEN_EISEN,GEEN_PROPEDEUTISCHE_FASE,STUDIEKEUZE_CHECK_VAN_TOEPASSING,GEEN_VERSNELD_TRAJECT,2e3fcbfe-87d1-459e-8e76-1ca4e72334d0,2e3fcbfe-87d1-459e-8e76-1ca4e72334d0,114X066,Broerstraat,Groningen,
107B448,Rijksuniversiteit Groningen,113A748,Rijksuniversiteit Groningen,OPLEIDING,1001O6210,56994,,NVAO,Technische Bedrijfskunde,Industrial Engineering & Management,2002-09-01,,WO-BA,BACHELOR,180,6,6,GETUIGSCHRIFT,Rijksuniversiteit Groningen,Technische Bedrijfskunde,,,VOLTIJD,ENG,2002-09-01,,,,,,,GEEN_DEFICIENTIES,GEEN_EISEN,GEEN_PROPEDEUTISCHE_FASE,STUDIEKEUZE_CHECK_VERPLICHT,GEEN_VERSNELD_TRAJECT,2e3fcbfe-87d1-459e-8e76-1ca4e72334d0,2e3fcbfe-87d1-459e-8e76-1ca4e72334d0,114X066,Broerstraat,Groningen,
107B448,Rijksuniversiteit Groningen,113A748,Rijksuniversiteit Groningen,OPLEIDING,1001O6236,59327,,NVAO,Global Responsibility and Leadership,Global Responsibility and Leadership,2018-09-01,,WO-BA,BACHELOR,180,6,6,GETUIGSCHRIFT,Rijksuniversiteit Groningen,Global Responsibility and Leadership,,,VOLTIJD,ENG,2018-09-01,,,,,,,GEEN_DEFICIENTIES,GEEN_EISEN,GEEN_PROPEDEUTISCHE_FASE,GEEN_STUDIEKEUZE_CHECK,GEEN_VERSNELD_TRAJECT,f41491f0-8793-4090-affb-54b5d73e445a,f41491f0-8793-4090-affb-54b5d73e445a,114X067,Wirdumerdijk,Leeuwarden,
107B448,Rijksuniversiteit Groningen,113A748,Rijksuniversiteit Groningen,OPLEIDING,1001O8744,50982,,NVAO,Data Science and Society,Data Science and Society,2022-09-01,,WO-BA,BACHELOR,180,6,6,GETUIGSCHRIFT,Rijksuniversiteit Groningen,Data Science and Society,,,VOLTIJD,ENG,2022-09-01,,,,,,,GEEN_DEFICIENTIES,GEEN_EISEN,GEEN_PROPEDEUTISCHE_FASE,STUDIEKEUZE_CHECK_VAN_TOEPASSING,GEEN_VERSNELD_TRAJECT,e105b951-f50c-47d6-b509-65bdf8c9c351,e105b951-f50c-47d6-b509-65bdf8c9c351,114X067,Wirdumerdijk,Leeuwarden,
107B448,Rijksuniversiteit Groningen,113A748,Rijksuniversiteit Groningen,VARIANT,1016O0156,,57084,NVAO,Economische en Sociale Wetenschappen,Economic and Social Sciences,,,WO-BA,BACHELOR,180,6,6,GETUIGSCHRIFT,Rijksuniversiteit Groningen,Economische en Sociale Wetenschappen,,,VOLTIJD,ENG,2002-09-01,,,,,,,GEEN_DEFICIENTIES,GEEN_EISEN,GEEN_PROPEDEUTISCHE_FASE,GEEN_STUDIEKEUZE_CHECK,GEEN_VERSNELD_TRAJECT,569ea016-9cbd-48bc-a8e1-0267c100a505,569ea016-9cbd-48bc-a8e1-0267c100a505,114X066,Broerstraat,Groningen,
107B448,Rijksuniversiteit Groningen,113A748,Rijksuniversiteit Groningen,VARIANT,1016O0157,,57084,NVAO,Geschiedwetenschap,History,,,WO-BA,BACHELOR,180,6,6,GETUIGSCHRIFT,Rijksuniversiteit Groningen,Geschiedwetenschap,,,VOLTIJD,ENG,2002-09-01,,,,,,,GEEN_DEFICIENTIES,GEEN_EISEN,GEEN_PROPEDEUTISCHE_FASE,GEEN_STUDIEKEUZE_CHECK,GEEN_VERSNELD_TRAJECT,9289061f-cb9e-4003-8fd4-e53b7ed6b88b,9289061f-cb9e-4003-8fd4-e53b7ed6b88b,114X066,Broerstraat,Groningen,
107B448,Rijksuniversiteit Groningen,113A748,Rijksuniversiteit Groningen,VARIANT,1016O0158,,57084,NVAO,Natuurwetenschappen,Natural Sciences,,,WO-BA,BACHELOR,180,6,6,GETUIGSCHRIFT,Rijksuniversiteit Groningen,Natuurwetenschappen,,,VOLTIJD,ENG,2002-09-01,,,,,,,GEEN_DEFICIENTIES,GEEN_EISEN,GEEN_PROPEDEUTISCHE_FASE,GEEN_STUDIEKEUZE_CHECK,GEEN_VERSNELD_TRAJECT,921d7c62-e005-4455-9392-5a3e24598c8a,921d7c62-e005-4455-9392-5a3e24598c8a,114X066,Broerstraat,Groningen,
107B448,Rijksuniversiteit Groningen,113A748,Rijksuniversiteit Groningen,VARIANT,1016O0159,,57084,NVAO,Kunst- en Cultuurwetenschappen,Art and the Cultural Studies,,,WO-BA,BACHELOR,180,6,6,GETUIGSCHRIFT,Rijksuniversiteit Groningen,Kunst- en Cultuurwetenschappen,,,VOLTIJD,ENG,2002-09-01,,,,,,,GEEN_DEFICIENTIES,GEEN_EISEN,GEEN_PROPEDEUTISCHE_FASE,GEEN_STUDIEKEUZE_CHECK,GEEN_VERSNELD_TRAJECT,612ec857-e93e-4a78-a707-b298d080a090,612ec857-e93e-4a78-a707-b298d080a090,114X066,Broerstraat,Groningen,
107B448,Rijksuniversiteit Groningen,113A748,Rijksuniversiteit Groningen,VARIANT,1016O0160,,57084,NVAO,Cognitiewetenschappen,Cognitive Sciences,,,WO-BA,BACHELOR,180,6,6,GETUIGSCHRIFT,Rijksuniversiteit Groningen,Cognitiewetenschappen,,,VOLTIJD,ENG,2002-09-01,,,,,,,GEEN_DEFICIENTIES,GEEN_EISEN,GEEN_PROPEDEUTISCHE_FASE,GEEN_STUDIEKEUZE_CHECK,GEEN_VERSNELD_TRAJECT,904dec2c-bde4-407c-a49c-2392218523a3,904dec2c-bde4-407c-a49c-2392218523a3,114X066,Broerstraat,Groningen,
107B448,Rijksuniversiteit Groningen,113A748,Rijksuniversiteit Groningen,VARIANT,1016O0161,,57084,NVAO,Levenswetenschappen,Life Sciences,,,WO-BA,BACHELOR,180,6,6,GETUIGSCHRIFT,Rijksuniversiteit Groningen,Levenswetenschappen,,,VOLTIJD,ENG,2002-09-01,,,,,,,GEEN_DEFICIENTIES,GEEN_EISEN,GEEN_PROPEDEUTISCHE_FASE,GEEN_STUDIEKEUZE_CHECK,GEEN_VERSNELD_TRAJECT,936d4c47-fac3-4bf0-b9ac-723961578f55,936d4c47-fac3-4bf0-b9ac-723961578f55,114X066,Broerstraat,Groningen,
107B448,Rijksuniversiteit Groningen,113A748,Rijksuniversiteit Groningen,VARIANT,1016O0162,,57084,NVAO,Politieke Wetenschappen,Political Science,,,WO-BA,BACHELOR,180,6,6,GETUIGSCHRIFT,Rijksuniversiteit Groningen,Politieke Wetenschappen,,,VOLTIJD,ENG,2002-09-01,,,,,,,GEEN_DEFICIENTIES,GEEN_EISEN,GEEN_PROPEDEUTISCHE_FASE,GEEN_STUDIEKEUZE_CHECK,GEEN_VERSNELD_TRAJECT,047bc658-35b9-4fe7-8477-cc514a91542c,047bc658-35b9-4fe7-8477-cc514a91542c,114X066,Broerstraat,Groningen,
107B449,Universiteit Utrecht,112A764,Universiteit Utrecht,OPLEIDING,1001O5626,50007,,NVAO,Bestuurs- en Organisatiewetenschap,Public Administration and Organisation Science,2009-09-01,,WO-BA,BACHELOR,180,6,6,GETUIGSCHRIFT,Universiteit Utrecht,Bestuurs- en organisatiewetenschap,,Bestuurs- en organisatiewetenschap,VOLTIJD,NLD,2009-09-01,,2022-09-01,,,,,GEEN_DEFICIENTIES,GEEN_EISEN,GEEN_PROPEDEUTISCHE_FASE,GEEN_STUDIEKEUZE_CHECK,GEEN_VERSNELD_TRAJECT,3e86db3b-cb74-4ba7-b9ba-9c0c00002ff6,3e86db3b-cb74-4ba7-b9ba-9c0c00002ff6,,,,Bestuurs- en organisatiewetenschap
107B449,Universiteit Utrecht,112A764,Universiteit Utrecht,OPLEIDING,1001O5726,50700,,NVAO,Rechtsgeleerdheid,,2002-09-01,,WO-BA,BACHELOR,180,6,6,GETUIGSCHRIFT,Universiteit Utrecht,Rechtsgeleerdheid,,Rechtsgeleerdheid,VOLTIJD,NLD,2002-09-01,,2022-09-01,,,,,GEEN_DEFICIENTIES,GEEN_EISEN,GEEN_PROPEDEUTISCHE_FASE,STUDIEKEUZE_CHECK_VERPLICHT,GEEN_VERSNELD_TRAJECT,0c3c8996-f323-6c8e-e063-6f41a8c067fb,0c3c8996-f323-6c8e-e063-6f41a8c067fb,,,,Rechtsgeleerdheid
107B449,Universiteit Utrecht,112A764,Universiteit Utrecht,OPLEIDING,1001O5758,50906,,NVAO,Media en Cultuur,Media and Culture,2015-09-01,,WO-BA,BACHELOR,180,6,6,GETUIGSCHRIFT,Universiteit Utrecht,Media en cultuur,,Media en cultuur,VOLTIJD,NLD,2015-09-01,,2022-09-01,,,,,GEEN_DEFICIENTIES,GEEN_EISEN,GEEN_PROPEDEUTISCHE_FASE,STUDIEKEUZE_CHECK_VERPLICHT,GEEN_VERSNELD_TRAJECT,c3dbc751-ba80-49f7-a55a-17ab1554d6a7,c3dbc751-ba80-49f7-a55a-17ab1554d6a7,,,,Media en cultuur
107B449,Universiteit Utrecht,112A764,Universiteit Utrecht,OPLEIDING,1001O5777,50981,,NVAO,"Zorg, Gezondheid & Samenleving",Clinical Sciences,2022-09-01,,WO-BA,BACHELOR,180,6,6,GETUIGSCHRIFT,Universiteit Utrecht,"Zorg, Gezondheid & Samenleving",,"Zorg, Gezondheid & Samenleving",VOLTIJD,NLD,2022-09-01,,2022-09-01,,,,,GEEN_DEFICIENTIES,GEEN_EISEN,GEEN_PROPEDEUTISCHE_FASE,GEEN_STUDIEKEUZE_CHECK,GEEN_VERSNELD_TRAJECT,0c3cf58d-c2d9-5959-e063-6f41a8c03f22,0c3cf58d-c2d9-5959-e063-6f41a8c03f22,,,,"Zorg, Gezondheid & Samenleving"
107B449,Universiteit Utrecht,112A764,Universiteit Utrecht,OPLEIDING,1001O5778,54999,,NVAO,"Philosophy, Politics and Economics","Philosophy, Politics and Economics",2018-09-01,,WO-BA,BACHELOR,180,6,6,GETUIGSCHRIFT,Universiteit Utrecht,"Philosophy, Politics and Economics",,"Philosophy, Politics and Economics",VOLTIJD,ENG,2018-09-01,,2022-09-01,,,,,GEEN_DEFICIENTIES,GEEN_EISEN,GEEN_PROPEDEUTISCHE_FASE,GEEN_STUDIEKEUZE_CHECK,GEEN_VERSNELD_TRAJECT,0c3c8996-f245-6c8e-e063-6f41a8c067fb,0c3c8996-f245-6c8e-e063-6f41a8c067fb,,,,"Philosophy, Politics and Economics"
107B449,Universiteit Utrecht,112A764,Universiteit Utrecht,OPLEIDING,1001O5804,55825,,NVAO,Molecular and Biophysical Life Sciences,Molecular and Biophysical Life Sciences,2021-09-01,,WO-BA,BACHELOR,180,6,6,GETUIGSCHRIFT,Universiteit Utrecht,Molecular and Biophysical Life Sciences,,Molecular and Biophysical Life Sciences,VOLTIJD,ENG,2021-09-01,,2022-09-01,,,,,GEEN_DEFICIENTIES,GEEN_EISEN,GEEN_PROPEDEUTISCHE_FASE,STUDIEKEUZE_CHECK_VERPLICHT,GEEN_VERSNELD_TRAJECT,0c3c8996-f175-6c8e-e063-6f41a8c067fb,0c3c8996-f175-6c8e-e063-6f41a8c067fb,,,,Molecular and Biophysical Life Sciences
107B449,Universiteit Utrecht,112A764,Universiteit Utrecht,OPLEIDING,1001O5905,56551,,NVAO,Geneeskunde,Medicine,2006-09-01,,WO-BA,BACHELOR,180,6,6,GETUIGSCHRIFT,Universiteit Utrecht,Geneeskunde,,Geneeskunde,VOLTIJD,NLD,2006-09-01,,2022-09-01,,,,,GEEN_DEFICIENTIES,GEEN_EISEN,GEEN_PROPEDEUTISCHE_FASE,GEEN_STUDIEKEUZE_CHECK,GEEN_VERSNELD_TRAJECT,0c3c8996-f027-6c8e-e063-6f41a8c067fb,0c3c8996-f027-6c8e-e063-6f41a8c067fb,,,,Geneeskunde
107B449,Universiteit Utrecht,112A764,Universiteit Utrecht,OPLEIDING,1001O5919,56570,,NVAO,Diergeneeskunde,Veterinary Medicine,2007-09-01,,WO-BA,BACHELOR,180,6,6,GETUIGSCHRIFT,Universiteit Utrecht,Diergeneeskunde,,Diergeneeskunde,VOLTIJD,NLD,2007-09-01,,2022-09-01,,,,,GEEN_DEFICIENTIES,GEEN_EISEN,GEEN_PROPEDEUTISCHE_FASE,GEEN_STUDIEKEUZE_CHECK,GEEN_VERSNELD_TRAJECT,0c3c8996-ef47-6c8e-e063-6f41a8c067fb,0c3c8996-ef47-6c8e-e063-6f41a8c067fb,,,,Diergeneeskunde
107B449,Universiteit Utrecht,112A764,Universiteit Utrecht,OPLEIDING,1001O5975,56700,,NVAO,Muziekwetenschap,Musicology,2002-09-01,,WO-BA,BACHELOR,180,6,6,GETUIGSCHRIFT,Universiteit Utrecht,Muziekwetenschap,,Muziekwetenschap,VOLTIJD,NLD,2002-09-01,,2022-09-01,,,,,GEEN_DEFICIENTIES,GEEN_EISEN,GEEN_PROPEDEUTISCHE_FASE,STUDIEKEUZE_CHECK_VERPLICHT,GEEN_VERSNELD_TRAJECT,0c3c8996-f1a5-6c8e-e063-6f41a8c067fb,0c3c8996-f1a5-6c8e-e063-6f41a8c067fb,,,,Muziekwetenschap
107B449,Universiteit Utrecht,112A764,Universiteit Utrecht,OPLEIDING,1001O5989,56802,,NVAO,Literatuurwetenschap,Literary Studies,2002-09-01,,WO-BA,BACHELOR,180,6,6,GETUIGSCHRIFT,Universiteit Utrecht,Literatuurwetenschap,,Literatuurwetenschap,VOLTIJD,NLD,2002-09-01,,2022-09-01,,,,,GEEN_DEFICIENTIES,GEEN_EISEN,GEEN_PROPEDEUTISCHE_FASE,STUDIEKEUZE_CHECK_VERPLICHT,GEEN_VERSNELD_TRAJECT,0c3c8996-f145-6c8e-e063-6f41a8c067fb,0c3c8996-f145-6c8e-e063-6f41a8c067fb,,,,Literatuurwetenschap
107B449,Universiteit Utrecht,112A764,Universiteit Utrecht,OPLEIDING,1001O5994,56803,,NVAO,Taalwetenschap,Linguistics,2002-09-01,,WO-BA,BACHELOR,180,6,6,GETUIGSCHRIFT,Universiteit Utrecht,Taalwetenschap,,Taalwetenschap,VOLTIJD,NLD,2002-09-01,,2022-09-01,,,,,GEEN_DEFICIENTIES,GEEN_EISEN,GEEN_PROPEDEUTISCHE_FASE,STUDIEKEUZE_CHECK_VERPLICHT,GEEN_VERSNELD_TRAJECT,0c3cf58d-c319-5959-e063-6f41a8c03f22,0c3cf58d-c319-5959-e063-6f41a8c03f22,,,,Taalwetenschap
107B449,Universiteit Utrecht,112A764,Universiteit Utrecht,OPLEIDING,1001O6050,56824,,NVAO,Kunstgeschiedenis,Art History,2002-09-01,,WO-BA,BACHELOR,180,6,6,GETUIGSCHRIFT,Universiteit Utrecht,Kunstgeschiedenis,,Kunstgeschiedenis,VOLTIJD,NLD,2002-09-01,,2022-09-01,,,,,GEEN_DEFICIENTIES,GEEN_EISEN,GEEN_PROPEDEUTISCHE_FASE,STUDIEKEUZE_CHECK_VERPLICHT,GEEN_VERSNELD_TRAJECT,0c3c8996-f12f-6c8e-e063-6f41a8c067fb,0c3c8996-f12f-6c8e-e063-6f41a8c067fb,,,,Kunstgeschiedenis
107B449,Universiteit Utrecht,112A764,Universiteit Utrecht,OPLEIDING,1001O6057,56826,,NVAO,Communicatie- en Informatiewetenschappen,Communication and Information Studies,2002-09-01,,WO-BA,BACHELOR,180,6,6,GETUIGSCHRIFT,Universiteit Utrecht,Communicatie- en informatiewetenschappen,,Communicatie- en informatiewetenschappen,VOLTIJD,NLD,2002-09-01,,2022-09-01,,,,,GEEN_DEFICIENTIES,GEEN_EISEN,GEEN_PROPEDEUTISCHE_FASE,STUDIEKEUZE_CHECK_VERPLICHT,GEEN_VERSNELD_TRAJECT,0c3c8996-eeef-6c8e-e063-6f41a8c067fb,0c3c8996-eeef-6c8e-e063-6f41a8c067fb,,,,Communicatie- en informatiewetenschappen
107B449,Universiteit Utrecht,112A764,Universiteit Utrecht,OPLEIDING,1001O6183,56981,,NVAO,Kunstmatige Intelligentie,Artificial Intelligence,2002-09-01,,WO-BA,BACHELOR,180,6,6,GETUIGSCHRIFT,Universiteit Utrecht,Kunstmatige Intelligentie,,Kunstmatige Intelligentie,VOLTIJD,NLD,2002-09-01,,2022-09-01,,,,,GEEN_DEFICIENTIES,GEEN_EISEN,GEEN_PROPEDEUTISCHE_FASE,STUDIEKEUZE_CHECK_VERPLICHT,GEEN_VERSNELD_TRAJECT,0c3c8996-eeff-6c8e-e063-6f41a8c067fb,0c3c8996-eeff-6c8e-e063-6f41a8c067fb,,,,Kunstmatige Intelligentie
107B449,Universiteit Utrecht,112A764,Universiteit Utrecht,OPLEIDING,1001O6204,56990,,NVAO,Biomedische Wetenschappen,Biomedical Sciences,2002-09-01,,WO-BA,BACHELOR,180,6,6,GETUIGSCHRIFT,Universiteit Utrecht,Biomedische wetenschappen,,Biomedische wetenschappen,VOLTIJD,NLD,2002-09-01,,2022-09-01,,,,,GEEN_DEFICIENTIES,GEEN_EISEN,GEEN_PROPEDEUTISCHE_FASE,GEEN_STUDIEKEUZE_CHECK,GEEN_VERSNELD_TRAJECT,0c3c8996-eeaf-6c8e-e063-6f41a8c067fb,0c3c8996-eeaf-6c8e-e063-6f41a8c067fb,,,,Biomedische wetenschappen
107B449,Universiteit Utrecht,112A764,Universiteit Utrecht,VARIANT,1015O5101,,56986,NVAO,Aardwetenschappen,Earth Sciences,,,WO-BA,BACHELOR,180,6,6,DIPLOMA,Universiteit Utrecht,Aardwetenschappen,,Earth Sciences,VOLTIJD,NLD,2002-09-01,,2022-09-01,,,,,GEEN_DEFICIENTIES,GEEN_EISEN,GEEN_PROPEDEUTISCHE_FASE,STUDIEKEUZE_CHECK_VERPLICHT,GEEN_VERSNELD_TRAJECT,bf2e8c3d-6ced-4a33-a739-621d58dbf237,bf2e8c3d-6ced-4a33-a739-621d58dbf237,,,,Aardwetenschappen
107B449,Universiteit Utrecht,112A764,Universiteit Utrecht,VARIANT,1015O5635,,56986,NVAO,Educatieve Module Aardrijkskunde,,,,WO-BA,BACHELOR,180,6,6,GEEN_OFFICIEEL_DOCUMENT,Universiteit Utrecht,Educatieve Module Aardrijkskunde,,,VOLTIJD,NLD,2017-09-01,,2022-09-01,,,,,GEEN_DEFICIENTIES,GEEN_EISEN,GEEN_PROPEDEUTISCHE_FASE,GEEN_STUDIEKEUZE_CHECK,GEEN_VERSNELD_TRAJECT,0c3c8996-ee29-6c8e-e063-6f41a8c067fb,0c3c8996-ee29-6c8e-e063-6f41a8c067fb,,,,Educatieve Module Aardrijkskunde
107B449,Universiteit Utrecht,112A764,Universiteit Utrecht,VARIANT,1015O5636,,56986,NVAO,premaster Aardwetenschappen,premaster Earth Sciences,,,WO-BA,BACHELOR,180,6,6,GEEN_OFFICIEEL_DOCUMENT,Universiteit Utrecht,premaster Aardwetenschappen,,premaster Earth Sciences,VOLTIJD,NLD,2011-09-01,,2022-09-01,,,,,GEEN_DEFICIENTIES,GEEN_EISEN,GEEN_PROPEDEUTISCHE_FASE,GEEN_STUDIEKEUZE_CHECK,GEEN_VERSNELD_TRAJECT,0c3c8996-f24d-6c8e-e063-6f41a8c067fb,0c3c8996-f24d-6c8e-e063-6f41a8c067fb,,,,premaster Aardwetenschappen
107B449,Universiteit Utrecht,112A764,Universiteit Utrecht,VARIANT,1015O5638,,50003,NVAO,Academische lerarenopleiding primair onderwijs,Academische lerarenopleiding primair onderwijs,,,WO-BA,BACHELOR,180,6,6,DIPLOMA,Universiteit Utrecht,Academische lerarenopleiding primair onderwijs,,Academische lerarenopleiding primair onderwijs,VOLTIJD,NLD,2018-09-01,,2022-09-01,,,,,GEEN_DEFICIENTIES,GEEN_EISEN,GEEN_PROPEDEUTISCHE_FASE,STUDIEKEUZE_CHECK_VERPLICHT,GEEN_VERSNELD_TRAJECT,7ade0e47-c1a5-4241-b016-819cf8955377,7ade0e47-c1a5-4241-b016-819cf8955377,,,,Academische lerarenopleiding primair onderwijs
107B449,Universiteit Utrecht,112A764,Universiteit Utrecht,VARIANT,1015O5639,,50003,NVAO,premaster Onderwijswetenschappen,premaster Onderwijswetenschappen,,,WO-BA,BACHELOR,180,6,6,DIPLOMA,Universiteit Utrecht,premaster Onderwijswetenschappen,,premaster Onderwijswetenschappen,VOLTIJD,NLD,2018-09-01,,2022-09-01,,,,,GEEN_DEFICIENTIES,GEEN_EISEN,GEEN_PROPEDEUTISCHE_FASE,GEEN_STUDIEKEUZE_CHECK,GEEN_VERSNELD_TRAJECT,65a8de3d-adda-4986-baae-234b36e9c25c,65a8de3d-adda-4986-baae-234b36e9c25c,,,,premaster Onderwijswetenschappen
107B449,Universiteit Utrecht,112A764,Universiteit Utrecht,VARIANT,1015O5670,,56805,NVAO,Educatieve Module Duits,,,,WO-BA,BACHELOR,180,6,6,GEEN_OFFICIEEL_DOCUMENT,Universiteit Utrecht,Educatieve Module Duits,,Educatieve Module Duits,VOLTIJD,NLD,2017-09-01,2030-08-31,2022-09-01,2029-09-01,,,,GEEN_DEFICIENTIES,GEEN_EISEN,GEEN_PROPEDEUTISCHE_FASE,GEEN_STUDIEKEUZE_CHECK,GEEN_VERSNELD_TRAJECT,0bed4708-61a3-3c94-e063-6f41a8c083f1,0bed4708-61a3-3c94-e063-6f41a8c083f1,,,,Educatieve Module Duits
107B449,Universiteit Utrecht,112A764,Universiteit Utrecht,VARIANT,1015O5681,,56804,NVAO,Nederlandse taal en cultuur,Dutch Language and Culture,,,WO-BA,BACHELOR,180,6,6,DIPLOMA,Universiteit Utrecht,Nederlandse taal en cultuur,,Dutch Language and Culture,VOLTIJD,NLD,2002-09-01,,2022-09-01,,,,,GEEN_DEFICIENTIES,GEEN_EISEN,GEEN_PROPEDEUTISCHE_FASE,STUDIEKEUZE_CHECK_VERPLICHT,GEEN_VERSNELD_TRAJECT,0c38e9ed-b7a6-7689-e063-6f41a8c02adf,0c38e9ed-b7a6-7689-e063-6f41a8c02adf,,,,Nederlandse taal en cultuur
107B449,Universiteit Utrecht,112A764,Universiteit Utrecht,VARIANT,1015O5682,,56804,NVAO,Educatieve Module Nederlands,,,,WO-BA,BACHELOR,180,6,6,GEEN_OFFICIEEL_DOCUMENT,Universiteit Utrecht,Educatieve Module Nederlands,,,VOLTIJD,NLD,2017-09-01,,2022-09-01,,,,,GEEN_DEFICIENTIES,GEEN_EISEN,GEEN_PROPEDEUTISCHE_FASE,GEEN_STUDIEKEUZE_CHECK,GEEN_VERSNELD_TRAJECT,0c38e9ed-b7ae-7689-e063-6f41a8c02adf,0c38e9ed-b7ae-7689-e063-6f41a8c02adf,,,,Educatieve Module Nederlands
107B449,Universiteit Utrecht,112A764,Universiteit Utrecht,VARIANT,1015O5733,,56631,NVAO,Interdisciplinaire sociale wetenschap,Interdisciplinary Social Science,,,WO-BA,BACHELOR,180,6,6,DIPLOMA,Universiteit Utrecht,Interdisciplinaire sociale wetenschap,,Interdisciplinary Social Science,VOLTIJD,NLD,2002-09-01,,2022-09-01,,,,,GEEN_DEFICIENTIES,GEEN_EISEN,GEEN_PROPEDEUTISCHE_FASE,STUDIEKEUZE_CHECK_VERPLICHT,GEEN_VERSNELD_TRAJECT,0c3c8996-ee67-6c8e-e063-6f41a8c067fb,0c3c8996-ee67-6c8e-e063-6f41a8c067fb,,,,Interdisciplinaire sociale wetenschap
107B449,Universiteit Utrecht,112A764,Universiteit Utrecht,VARIANT,1015O5740,,56860,NVAO,Biologie,Biology,,,WO-BA,BACHELOR,180,6,6,DIPLOMA,Universiteit Utrecht,Biologie,,Biology,VOLTIJD,NLD,2002-09-01,,2022-09-01,,,,,GEEN_DEFICIENTIES,GEEN_EISEN,GEEN_PROPEDEUTISCHE_FASE,STUDIEKEUZE_CHECK_VERPLICHT,GEEN_VERSNELD_TRAJECT,0c3c8996-ee9f-6c8e-e063-6f41a8c067fb,0c3c8996-ee9f-6c8e-e063-6f41a8c067fb,,,,Biologie
107B449,Universiteit Utrecht,112A764,Universiteit Utrecht,VARIANT,1015O5741,,56860,NVAO,Educatieve Module Biologie,,,,WO-BA,BACHELOR,180,6,6,GEEN_OFFICIEEL_DOCUMENT,Universiteit Utrecht,Educatieve Module Biologie,,,VOLTIJD,NLD,2016-09-01,,2022-09-01,,,,,GEEN_DEFICIENTIES,GEEN_EISEN,GEEN_PROPEDEUTISCHE_FASE,GEEN_STUDIEKEUZE_CHECK,GEEN_VERSNELD_TRAJECT,0c3c8996-eea7-6c8e-e063-6f41a8c067fb,0c3c8996-eea7-6c8e-e063-6f41a8c067fb,,,,Educatieve Module Biologie
107B449,Universiteit Utrecht,112A764,Universiteit Utrecht,VARIANT,1015O5756,,56980,NVAO,Educatieve Module Wiskunde,,,,WO-BA,BACHELOR,180,6,6,DIPLOMA,Universiteit Utrecht,Educatieve Module Wiskunde,,,VOLTIJD,NLD,2017-09-01,,2022-09-01,,,,,GEEN_DEFICIENTIES,GEEN_EISEN,GEEN_PROPEDEUTISCHE_FASE,GEEN_STUDIEKEUZE_CHECK,GEEN_VERSNELD_TRAJECT,0c3cf58d-c2f1-5959-e063-6f41a8c03f22,0c3cf58d-c2f1-5959-e063-6f41a8c03f22,,,,Educatieve Module Wiskunde
107B449,Universiteit Utrecht,112A764,Universiteit Utrecht,VARIANT,1015O5757,,56980,NVAO,Wiskunde,Mathematics,,,WO-BA,BACHELOR,180,6,6,DIPLOMA,Universiteit Utrecht,Wiskunde,,Mathematics,VOLTIJD,NLD,2002-09-01,,2022-09-01,,,,,GEEN_DEFICIENTIES,GEEN_EISEN,GEEN_PROPEDEUTISCHE_FASE,STUDIEKEUZE_CHECK_VERPLICHT,GEEN_VERSNELD_TRAJECT,0c3cf58d-c2f9-5959-e063-6f41a8c03f22,0c3cf58d-c2f9-5959-e063-6f41a8c03f22,,,,Wiskunde
107B449,Universiteit Utrecht,112A764,Universiteit Utrecht,VARIANT,1015O5768,,50950,NVAO,Economics and Business Economics,Economics and Business Economics,,,WO-BA,BACHELOR,180,6,6,DIPLOMA,Universiteit Utrecht,Economics and Business Economics,,Economics and Business Economics,VOLTIJD,ENG,2010-09-01,,2022-09-01,,,,,GEEN_DEFICIENTIES,GEEN_EISEN,GEEN_PROPEDEUTISCHE_FASE,STUDIEKEUZE_CHECK_VERPLICHT,GEEN_VERSNELD_TRAJECT,0c3c8996-ef67-6c8e-e063-6f41a8c067fb,0c3c8996-ef67-6c8e-e063-6f41a8c067fb,,,,Economics and Business Economics
107B449,Universiteit Utrecht,112A764,Universiteit Utrecht,VARIANT,1015O5769,,50950,NVAO,Educatieve Module Economie,,,,WO-BA,BACHELOR,180,6,6,GEEN_OFFICIEEL_DOCUMENT,Universiteit Utrecht,Educatieve Module Economie,,,VOLTIJD,NLD,2017-09-01,,2022-09-01,,,,,GEEN_DEFICIENTIES,GEEN_EISEN,GEEN_PROPEDEUTISCHE_FASE,GEEN_STUDIEKEUZE_CHECK,GEEN_VERSNELD_TRAJECT,0c3c8996-ef6f-6c8e-e063-6f41a8c067fb,0c3c8996-ef6f-6c8e-e063-6f41a8c067fb,,,,Educatieve Module Economie
107B449,Universiteit Utrecht,112A764,Universiteit Utrecht,VARIANT,1015O5772,,56081,NVAO,Filosofie,Philosophy,,,WO-BA,BACHELOR,180,6,6,DIPLOMA,Universiteit Utrecht,Filosofie,,Philosophy,VOLTIJD,NLD,2002-09-01,,2022-09-01,,,,,GEEN_DEFICIENTIES,GEEN_EISEN,GEEN_PROPEDEUTISCHE_FASE,STUDIEKEUZE_CHECK_VERPLICHT,GEEN_VERSNELD_TRAJECT,0c3cf58d-c301-5959-e063-6f41a8c03f22,0c3cf58d-c301-5959-e063-6f41a8c03f22,,,,Filosofie
107B449,Universiteit Utrecht,112A764,Universiteit Utrecht,VARIANT,1015O5773,,56081,NVAO,Educatieve Module Filosofie,,,,WO-BA,BACHELOR,180,6,6,DIPLOMA,Universiteit Utrecht,Educatieve Module Filosofie,,,VOLTIJD,NLD,2019-09-01,,2022-09-01,,,,,GEEN_DEFICIENTIES,GEEN_EISEN,GEEN_PROPEDEUTISCHE_FASE,GEEN_STUDIEKEUZE_CHECK,GEEN_VERSNELD_TRAJECT,0c3cf58d-c309-5959-e063-6f41a8c03f22,0c3cf58d-c309-5959-e063-6f41a8c03f22,,,,Educatieve Module Filosofie
107B449,Universiteit Utrecht,112A764,Universiteit Utrecht,VARIANT,1015O5782,,56157,NVAO,Farmacie,Pharmacy,,,WO-BA,BACHELOR,180,6,6,DIPLOMA,Universiteit Utrecht,Farmacie,,Pharmacy,VOLTIJD,NLD,2002-09-01,,2022-09-01,,,,,GEEN_DEFICIENTIES,GEEN_EISEN,GEEN_PROPEDEUTISCHE_FASE,GEEN_STUDIEKEUZE_CHECK,GEEN_VERSNELD_TRAJECT,0c3c8996-efcf-6c8e-e063-6f41a8c067fb,0c3c8996-efcf-6c8e-e063-6f41a8c067fb,,,,Farmacie
107B449,Universiteit Utrecht,112A764,Universiteit Utrecht,VARIANT,1015O5787,,56808,NVAO,Educatieve Module Frans,,,,WO-BA,BACHELOR,180,6,6,GEEN_OFFICIEEL_DOCUMENT,Universiteit Utrecht,Educatieve Module Frans,,Educatieve Module Frans,VOLTIJD,NLD,2017-09-01,2030-08-31,2022-09-01,2029-09-01,,,,GEEN_DEFICIENTIES,GEEN_EISEN,GEEN_PROPEDEUTISCHE_FASE,GEEN_STUDIEKEUZE_CHECK,GEEN_VERSNELD_TRAJECT,0c3c8996-eff7-6c8e-e063-6f41a8c067fb,0c3c8996-eff7-6c8e-e063-6f41a8c067fb,,,,Educatieve Module Frans
107B449,Universiteit Utrecht,112A764,Universiteit Utrecht,VARIANT,1015O5790,,56034,NVAO,Geschiedenis,History,,,WO-BA,BACHELOR,180,6,6,DIPLOMA,Universiteit Utrecht,Geschiedenis,,History,VOLTIJD,NLD,2002-09-01,,2022-09-01,,,,,GEEN_DEFICIENTIES,GEEN_EISEN,GEEN_PROPEDEUTISCHE_FASE,STUDIEKEUZE_CHECK_VERPLICHT,GEEN_VERSNELD_TRAJECT,0c3c8996-f00f-6c8e-e063-6f41a8c067fb,0c3c8996-f00f-6c8e-e063-6f41a8c067fb,,,,Geschiedenis
107B449,Universiteit Utrecht,112A764,Universiteit Utrecht,VARIANT,1015O5791,,56034,NVAO,Educatieve Module Geschiedenis,,,,WO-BA,BACHELOR,180,6,6,GEEN_OFFICIEEL_DOCUMENT,Universiteit Utrecht,Educatieve Module Geschiedenis,,,VOLTIJD,NLD,2017-09-01,,2022-09-01,,,,,GEEN_DEFICIENTIES,GEEN_EISEN,GEEN_PROPEDEUTISCHE_FASE,GEEN_STUDIEKEUZE_CHECK,GEEN_VERSNELD_TRAJECT,0c3c8996-f017-6c8e-e063-6f41a8c067fb,0c3c8996-f017-6c8e-e063-6f41a8c067fb,,,,Educatieve Module Geschiedenis
107B449,Universiteit Utrecht,112A764,Universiteit Utrecht,VARIANT,1015O5795,,56987,NVAO,Global Sustainability Science,Global Sustainability Science,,,WO-BA,BACHELOR,180,6,6,DIPLOMA,Universiteit Utrecht,Global Sustainability Science,,Global Sustainability Science,VOLTIJD,ENG,2016-09-01,,2022-09-01,,,,,GEEN_DEFICIENTIES,GEEN_EISEN,GEEN_PROPEDEUTISCHE_FASE,STUDIEKEUZE_CHECK_VERPLICHT,GEEN_VERSNELD_TRAJECT,0c3c8996-f037-6c8e-e063-6f41a8c067fb,0c3c8996-f037-6c8e-e063-6f41a8c067fb,,,,Global Sustainability Science
107B449,Universiteit Utrecht,112A764,Universiteit Utrecht,VARIANT,1015O5802,,56034,NVAO,History,History,,,WO-BA,BACHELOR,180,6,6,DIPLOMA,Universiteit Utrecht,History,,History,VOLTIJD,ENG,2018-09-01,,2022-09-01,,,,,GEEN_DEFICIENTIES,GEEN_EISEN,GEEN_PROPEDEUTISCHE_FASE,STUDIEKEUZE_CHECK_VERPLICHT,GEEN_VERSNELD_TRAJECT,0c3c8996-f077-6c8e-e063-6f41a8c067fb,0c3c8996-f077-6c8e-e063-6f41a8c067fb,,,,History
107B449,Universiteit Utrecht,112A764,Universiteit Utrecht,VARIANT,1015O5812,,56978,NVAO,Informatica,Computer Science,,,WO-BA,BACHELOR,180,6,6,DIPLOMA,Universiteit Utrecht,Informatica,,Computer Science,VOLTIJD,NLD,2002-09-01,,2022-09-01,,,,,GEEN_DEFICIENTIES,GEEN_EISEN,GEEN_PROPEDEUTISCHE_FASE,STUDIEKEUZE_CHECK_VERPLICHT,GEEN_VERSNELD_TRAJECT,0c3c8996-f0cf-6c8e-e063-6f41a8c067fb,0c3c8996-f0cf-6c8e-e063-6f41a8c067fb,,,,Informatica
107B449,Universiteit Utrecht,112A764,Universiteit Utrecht,VARIANT,1015O5813,,56978,NVAO,Educatieve Module Informatica,,,,WO-BA,BACHELOR,180,6,6,GEEN_OFFICIEEL_DOCUMENT,Universiteit Utrecht,Educatieve Module Informatica,,,VOLTIJD,NLD,2016-09-01,,2022-09-01,,,,,GEEN_DEFICIENTIES,GEEN_EISEN,GEEN_PROPEDEUTISCHE_FASE,GEEN_STUDIEKEUZE_CHECK,GEEN_VERSNELD_TRAJECT,0c3c8996-f0d7-6c8e-e063-6f41a8c067fb,0c3c8996-f0d7-6c8e-e063-6f41a8c067fb,,,,Educatieve Module Informatica
107B449,Universiteit Utrecht,112A764,Universiteit Utrecht,VARIANT,1015O5814,,56842,NVAO,Informatiekunde,Information Science,,,WO-BA,BACHELOR,180,6,6,DIPLOMA,Universiteit Utrecht,Informatiekunde,,Information Science,VOLTIJD,NLD,2002-09-01,,2022-09-01,,,,,GEEN_DEFICIENTIES,GEEN_EISEN,GEEN_PROPEDEUTISCHE_FASE,STUDIEKEUZE_CHECK_VERPLICHT,GEEN_VERSNELD_TRAJECT,0c3c8996-f0df-6c8e-e063-6f41a8c067fb,0c3c8996-f0df-6c8e-e063-6f41a8c067fb,,,,Informatiekunde
107B449,Universiteit Utrecht,112A764,Universiteit Utrecht,VARIANT,1015O5816,,56982,NVAO,Natuurwetenschap en Innovatiemanagement,Science and Innovation Management,,,WO-BA,BACHELOR,180,6,6,DIPLOMA,Universiteit Utrecht,Natuurwetenschap en Innovatiemanagement,,Science and Innovation Management,VOLTIJD,NLD,2002-09-01,,2022-09-01,,,,,GEEN_DEFICIENTIES,GEEN_EISEN,GEEN_PROPEDEUTISCHE_FASE,STUDIEKEUZE_CHECK_VERPLICHT,GEEN_VERSNELD_TRAJECT,0c3c8996-f0ef-6c8e-e063-6f41a8c067fb,0c3c8996-f0ef-6c8e-e063-6f41a8c067fb,,,,Natuurwetenschap en Innovatiemanagement
107B449,Universiteit Utrecht,112A764,Universiteit Utrecht,VARIANT,1015O5824,,50393,NVAO,Liberal Arts and Sciences,Liberal Arts and Sciences,,,WO-BA,BACHELOR,180,6,6,DIPLOMA,Universiteit Utrecht,Liberal Arts and Sciences,,Liberal Arts and Sciences,VOLTIJD,NLD,2004-09-01,,2022-09-01,,,,,GEEN_DEFICIENTIES,GEEN_EISEN,GEEN_PROPEDEUTISCHE_FASE,STUDIEKEUZE_CHECK_VERPLICHT,GEEN_VERSNELD_TRAJECT,0c3c8996-f137-6c8e-e063-6f41a8c067fb,0c3c8996-f137-6c8e-e063-6f41a8c067fb,,,,Liberal Arts and Sciences
107B449,Universiteit Utrecht,112A764,Universiteit Utrecht,VARIANT,1015O5825,,50393,NVAO,UCR Liberal Arts and Sciences,UCR Liberal Arts and Sciences,,,WO-BA,BACHELOR,180,6,6,DIPLOMA,Universiteit Utrecht,UCR Liberal Arts and Sciences,,UCR Liberal Arts and Sciences,VOLTIJD,ENG,2006-09-01,,2022-09-01,,,,,GEEN_DEFICIENTIES,GEEN_EISEN,GEEN_PROPEDEUTISCHE_FASE,GEEN_STUDIEKEUZE_CHECK,GEEN_VERSNELD_TRAJECT,0a457f9d-c678-219f-e063-6f41a8c003e4,0a457f9d-c678-219f-e063-6f41a8c003e4,,,,UCR Liberal Arts and Sciences
107B449,Universiteit Utrecht,112A764,Universiteit Utrecht,VARIANT,1015O5826,,50393,NVAO,UCU Liberal Arts and Sciences,UCU Liberal Arts and Sciences,,,WO-BA,BACHELOR,180,6,6,DIPLOMA,Universiteit Utrecht,UCU Liberal Arts and Sciences,,UCU Liberal Arts and Sciences,VOLTIJD,ENG,2004-09-01,,2022-09-01,,,,,GEEN_DEFICIENTIES,GEEN_EISEN,GEEN_PROPEDEUTISCHE_FASE,GEEN_STUDIEKEUZE_CHECK,GEEN_VERSNELD_TRAJECT,0a457f9d-c680-219f-e063-6f41a8c003e4,0a457f9d-c680-219f-e063-6f41a8c003e4,,,,UCU Liberal Arts and Sciences
107B449,Universiteit Utrecht,112A764,Universiteit Utrecht,VARIANT,1015O5828,,56801,NVAO,Taal- en cultuurstudies,Taal- en cultuurstudies,,,WO-BA,BACHELOR,180,6,6,DIPLOMA,Universiteit Utrecht,Taal- en cultuurstudies,,Language and Culture Studies,VOLTIJD,NLD,2002-09-01,,2022-09-01,,,,,GEEN_DEFICIENTIES,GEEN_EISEN,GEEN_PROPEDEUTISCHE_FASE,STUDIEKEUZE_CHECK_VERPLICHT,GEEN_VERSNELD_TRAJECT,0c3cf58d-c321-5959-e063-6f41a8c03f22,0c3cf58d-c321-5959-e063-6f41a8c03f22,,,,Taal- en cultuurstudies
107B449,Universiteit Utrecht,112A764,Universiteit Utrecht,VARIANT,1015O5840,,56984,NVAO,Natuur- en Sterrenkunde,Physics & Astronomy,,,WO-BA,BACHELOR,180,6,6,DIPLOMA,Universiteit Utrecht,Natuur- en Sterrenkunde,,Physics & Astronomy,VOLTIJD,NLD,2002-09-01,,2022-09-01,,,,,GEEN_DEFICIENTIES,GEEN_EISEN,GEEN_PROPEDEUTISCHE_FASE,STUDIEKEUZE_CHECK_VERPLICHT,GEEN_VERSNELD_TRAJECT,0c3c8996-f1b5-6c8e-e063-6f41a8c067fb,0c3c8996-f1b5-6c8e-e063-6f41a8c067fb,,,,Natuur- en Sterrenkunde
107B449,Universiteit Utrecht,112A764,Universiteit Utrecht,VARIANT,1015O5841,,56984,NVAO,Educatieve Module Natuurkunde,,,,WO-BA,BACHELOR,180,6,6,GEEN_OFFICIEEL_DOCUMENT,Universiteit Utrecht,Educatieve Module Natuurkunde,,,VOLTIJD,NLD,2017-09-01,,2022-09-01,,,,,GEEN_DEFICIENTIES,GEEN_EISEN,GEEN_PROPEDEUTISCHE_FASE,GEEN_STUDIEKEUZE_CHECK,GEEN_VERSNELD_TRAJECT,0c3c8996-f1bd-6c8e-e063-6f41a8c067fb,0c3c8996-f1bd-6c8e-e063-6f41a8c067fb,,,,Educatieve Module Natuurkunde
107B449,Universiteit Utrecht,112A764,Universiteit Utrecht,VARIANT,1015O5854,,56607,NVAO,Pedagogische Wetenschappen,Pedagogical Sciences,,,WO-BA,BACHELOR,180,6,6,DIPLOMA,Universiteit Utrecht,Pedagogische Wetenschappen,,Pedagogical Sciences,VOLTIJD,NLD,2002-09-01,,2022-09-01,,,,,GEEN_DEFICIENTIES,GEEN_EISEN,GEEN_PROPEDEUTISCHE_FASE,STUDIEKEUZE_CHECK_VERPLICHT,GEEN_VERSNELD_TRAJECT,0c3c8996-f225-6c8e-e063-6f41a8c067fb,0c3c8996-f225-6c8e-e063-6f41a8c067fb,,,,Pedagogische Wetenschappen
107B449,Universiteit Utrecht,112A764,Universiteit Utrecht,VARIANT,1015O5865,,56601,NVAO,premaster Sociology: Contemporary Social Problems,premaster Sociology: Contemporary Social Problems,,,WO-BA,BACHELOR,180,6,6,GEEN_OFFICIEEL_DOCUMENT,Universiteit Utrecht,premaster Sociology: Contemporary Social Problems,,premaster Sociology: Contemporary Social Problems,VOLTIJD,NLD,2017-09-01,,2022-09-01,,,,,GEEN_DEFICIENTIES,GEEN_EISEN,GEEN_PROPEDEUTISCHE_FASE,GEEN_STUDIEKEUZE_CHECK,GEEN_VERSNELD_TRAJECT,0c3c8996-f253-6c8e-e063-6f41a8c067fb,0c3c8996-f253-6c8e-e063-6f41a8c067fb,,,,premaster Sociology: Contemporary Social Problems
107B449,Universiteit Utrecht,112A764,Universiteit Utrecht,VARIANT,1015O5866,,56631,NVAO,"premaster Social Challenges, Policies and Interventions","premaster Social Challenges, Policies and Interventions",,,WO-BA,BACHELOR,180,6,6,DIPLOMA,Universiteit Utrecht,"premaster Social Challenges, Policies and Interventions",,"premaster Social Challenges, Policies and Interventions",VOLTIJD,NLD,2017-09-01,,2022-09-01,,,,,GEEN_DEFICIENTIES,GEEN_EISEN,GEEN_PROPEDEUTISCHE_FASE,GEEN_STUDIEKEUZE_CHECK,GEEN_VERSNELD_TRAJECT,0c3c8996-f25b-6c8e-e063-6f41a8c067fb,0c3c8996-f25b-6c8e-e063-6f41a8c067fb,,,,"premaster Social Challenges, Policies and Interventions"
107B449,Universiteit Utrecht,112A764,Universiteit Utrecht,VARIANT,1015O5867,,56860,NVAO,premaster Biologie,premaster Biology,,,WO-BA,BACHELOR,180,6,6,GEEN_OFFICIEEL_DOCUMENT,Universiteit Utrecht,premaster Biologie,,premaster Biology,VOLTIJD,NLD,2011-09-01,,2022-09-01,,,,,GEEN_DEFICIENTIES,GEEN_EISEN,GEEN_PROPEDEUTISCHE_FASE,GEEN_STUDIEKEUZE_CHECK,GEEN_VERSNELD_TRAJECT,0c3c8996-f263-6c8e-e063-6f41a8c067fb,0c3c8996-f263-6c8e-e063-6f41a8c067fb,,,,premaster Biologie
107B449,Universiteit Utrecht,112A764,Universiteit Utrecht,VARIANT,1015O5869,,56607,NVAO,premaster Orthopedagogiek,"premaster Clinical Child, Family and Education Studies",,,WO-BA,BACHELOR,180,6,6,DIPLOMA,Universiteit Utrecht,premaster Orthopedagogiek,,"premaster Clinical Child, Family and Education Studies",VOLTIJD,NLD,2017-09-01,,2022-09-01,,,,,GEEN_DEFICIENTIES,GEEN_EISEN,GEEN_PROPEDEUTISCHE_FASE,GEEN_STUDIEKEUZE_CHECK,GEEN_VERSNELD_TRAJECT,0c3c8996-f273-6c8e-e063-6f41a8c067fb,0c3c8996-f273-6c8e-e063-6f41a8c067fb,,,,premaster Orthopedagogiek
107B449,Universiteit Utrecht,112A764,Universiteit Utrecht,VARIANT,1015O5870,,50950,NVAO,premaster Economics,premaster Economics and Business Economics,,,WO-BA,BACHELOR,180,6,6,GEEN_OFFICIEEL_DOCUMENT,Universiteit Utrecht,premaster Economics,,premaster Economics and Business Economics,VOLTIJD,NLD,2011-09-01,,2022-09-01,,,,,GEEN_DEFICIENTIES,GEEN_EISEN,GEEN_PROPEDEUTISCHE_FASE,GEEN_STUDIEKEUZE_CHECK,GEEN_VERSNELD_TRAJECT,0c3c8996-f27b-6c8e-e063-6f41a8c067fb,0c3c8996-f27b-6c8e-e063-6f41a8c067fb,,,,premaster Economics
107B449,Universiteit Utrecht,112A764,Universiteit Utrecht,VARIANT,1015O5871,,56157,NVAO,premaster Farmacie,premaster Pharmacy,,,WO-BA,BACHELOR,180,6,6,GEEN_OFFICIEEL_DOCUMENT,Universiteit Utrecht,premaster Farmacie,,premaster Pharmacy,VOLTIJD,NLD,2011-09-01,,2022-09-01,,,,,GEEN_DEFICIENTIES,GEEN_EISEN,GEEN_PROPEDEUTISCHE_FASE,GEEN_STUDIEKEUZE_CHECK,GEEN_VERSNELD_TRAJECT,0c3c8996-f283-6c8e-e063-6f41a8c067fb,0c3c8996-f283-6c8e-e063-6f41a8c067fb,,,,premaster Farmacie
107B449,Universiteit Utrecht,112A764,Universiteit Utrecht,VARIANT,1015O5872,,56987,NVAO,premaster Global Sustainability Science,premaster Global Sustainability Science,,,WO-BA,BACHELOR,180,6,6,GEEN_OFFICIEEL_DOCUMENT,Universiteit Utrecht,premaster Global Sustainability Science,,premaster Global Sustainability Science,VOLTIJD,NLD,2017-09-01,,2022-09-01,,,,,GEEN_DEFICIENTIES,GEEN_EISEN,GEEN_PROPEDEUTISCHE_FASE,GEEN_STUDIEKEUZE_CHECK,GEEN_VERSNELD_TRAJECT,0c3c8996-f28b-6c8e-e063-6f41a8c067fb,0c3c8996-f28b-6c8e-e063-6f41a8c067fb,,,,premaster Global Sustainability Science
107B449,Universiteit Utrecht,112A764,Universiteit Utrecht,VARIANT,1015O5875,,56801,NVAO,premaster Geesteswetenschappen,premaster Geesteswetenschappen,,,WO-BA,BACHELOR,180,6,6,DIPLOMA,Universiteit Utrecht,premaster Geesteswetenschappen,,premaster Humanities,VOLTIJD,NLD,2017-09-01,,2022-09-01,,,,,GEEN_DEFICIENTIES,GEEN_EISEN,GEEN_PROPEDEUTISCHE_FASE,GEEN_STUDIEKEUZE_CHECK,GEEN_VERSNELD_TRAJECT,0c3c8996-f293-6c8e-e063-6f41a8c067fb,0c3c8996-f293-6c8e-e063-6f41a8c067fb,,,,premaster Geesteswetenschappen
107B449,Universiteit Utrecht,112A764,Universiteit Utrecht,VARIANT,1015O5876,,56978,NVAO,premaster Informatica,premaster Computer Science,,,WO-BA,BACHELOR,180,6,6,GEEN_OFFICIEEL_DOCUMENT,Universiteit Utrecht,premaster Informatica,,premaster Computer Science,VOLTIJD,NLD,2011-09-01,,2022-09-01,,,,,GEEN_DEFICIENTIES,GEEN_EISEN,GEEN_PROPEDEUTISCHE_FASE,GEEN_STUDIEKEUZE_CHECK,GEEN_VERSNELD_TRAJECT,0c3c8996-f29b-6c8e-e063-6f41a8c067fb,0c3c8996-f29b-6c8e-e063-6f41a8c067fb,,,,premaster Informatica
107B449,Universiteit Utrecht,112A764,Universiteit Utrecht,VARIANT,1015O5877,,56842,NVAO,premaster Informatiekunde,premaster Information science,,,WO-BA,BACHELOR,180,6,6,GEEN_OFFICIEEL_DOCUMENT,Universiteit Utrecht,premaster Informatiekunde,,premaster Information science,VOLTIJD,NLD,2011-09-01,,2022-09-01,,,,,GEEN_DEFICIENTIES,GEEN_EISEN,GEEN_PROPEDEUTISCHE_FASE,GEEN_STUDIEKEUZE_CHECK,GEEN_VERSNELD_TRAJECT,0c3c8996-f2a3-6c8e-e063-6f41a8c067fb,0c3c8996-f2a3-6c8e-e063-6f41a8c067fb,,,,premaster Informatiekunde
107B449,Universiteit Utrecht,112A764,Universiteit Utrecht,VARIANT,1015O5878,,56982,NVAO,premaster Natuurwetenschap en Innovatiemanagement,premaster Science and Innovation Management,,,WO-BA,BACHELOR,180,6,6,GEEN_OFFICIEEL_DOCUMENT,Universiteit Utrecht,premaster Natuurwetenschap en Innovatiemanagement,,premaster Science and Innovation Management,VOLTIJD,NLD,2011-09-01,,2022-09-01,,,,,GEEN_DEFICIENTIES,GEEN_EISEN,GEEN_PROPEDEUTISCHE_FASE,GEEN_STUDIEKEUZE_CHECK,GEEN_VERSNELD_TRAJECT,0c3c8996-f2ab-6c8e-e063-6f41a8c067fb,0c3c8996-f2ab-6c8e-e063-6f41a8c067fb,,,,premaster Natuurwetenschap en Innovatiemanagement
107B449,Universiteit Utrecht,112A764,Universiteit Utrecht,VARIANT,1015O5879,,56631,NVAO,premaster LVHO Mens- en Maatschappijwetenschappen,premaster Teaching Social Sciences and Humanities in SE,,,WO-BA,BACHELOR,180,6,6,GEEN_OFFICIEEL_DOCUMENT,Universiteit Utrecht,premaster LVHO Mens- en Maatschappijwetenschappen,,premaster Teaching Social Sciences and Humanities in SE,VOLTIJD,NLD,2019-09-01,,2022-09-01,,,,,GEEN_DEFICIENTIES,GEEN_EISEN,GEEN_PROPEDEUTISCHE_FASE,GEEN_STUDIEKEUZE_CHECK,GEEN_VERSNELD_TRAJECT,0c3c8996-f2b3-6c8e-e063-6f41a8c067fb,0c3c8996-f2b3-6c8e-e063-6f41a8c067fb,,,,premaster LVHO Mens- en Maatschappijwetenschappen
107B449,Universiteit Utrecht,112A764,Universiteit Utrecht,VARIANT,1015O5880,,56984,NVAO,premaster Natuur- en Sterrenkunde,premaster Physics & Astronomy,,,WO-BA,BACHELOR,180,6,6,GEEN_OFFICIEEL_DOCUMENT,Universiteit Utrecht,premaster Natuur- en Sterrenkunde,,premaster Physics & Astronomy,VOLTIJD,NLD,2011-09-01,,2022-09-01,,,,,GEEN_DEFICIENTIES,GEEN_EISEN,GEEN_PROPEDEUTISCHE_FASE,GEEN_STUDIEKEUZE_CHECK,GEEN_VERSNELD_TRAJECT,0c3c8996-f2bb-6c8e-e063-6f41a8c067fb,0c3c8996-f2bb-6c8e-e063-6f41a8c067fb,,,,premaster Natuur- en Sterrenkunde
107B449,Universiteit Utrecht,112A764,Universiteit Utrecht,VARIANT,1015O5881,,56604,NVAO,premaster Psychologie,premaster Psychology,,,WO-BA,BACHELOR,180,6,6,GEEN_OFFICIEEL_DOCUMENT,Universiteit Utrecht,premaster Psychologie,,premaster Psychology,VOLTIJD,NLD,2011-09-01,,2022-09-01,,,,,GEEN_DEFICIENTIES,GEEN_EISEN,GEEN_PROPEDEUTISCHE_FASE,GEEN_STUDIEKEUZE_CHECK,GEEN_VERSNELD_TRAJECT,0c3c8996-f2c3-6c8e-e063-6f41a8c067fb,0c3c8996-f2c3-6c8e-e063-6f41a8c067fb,,,,premaster Psychologie
107B449,Universiteit Utrecht,112A764,Universiteit Utrecht,VARIANT,1015O5882,,56857,NVAO,premaster Scheikunde,premaster Chemistry,,,WO-BA,BACHELOR,180,6,6,GEEN_OFFICIEEL_DOCUMENT,Universiteit Utrecht,premaster Scheikunde,,premaster Chemistry,VOLTIJD,NLD,2011-09-01,,2022-09-01,,,,,GEEN_DEFICIENTIES,GEEN_EISEN,GEEN_PROPEDEUTISCHE_FASE,GEEN_STUDIEKEUZE_CHECK,GEEN_VERSNELD_TRAJECT,0c3c8996-f2cb-6c8e-e063-6f41a8c067fb,0c3c8996-f2cb-6c8e-e063-6f41a8c067fb,,,,premaster Scheikunde
107B449,Universiteit Utrecht,112A764,Universiteit Utrecht,VARIANT,1015O5883,,56838,NVAO,premaster Sociale geografie en planologie,premaster Human Geography and Planning,,,WO-BA,BACHELOR,180,6,6,GEEN_OFFICIEEL_DOCUMENT,Universiteit Utrecht,premaster Sociale geografie en planologie,,premaster Human Geography and Planning,VOLTIJD,NLD,2011-09-01,,2022-09-01,,,,,GEEN_DEFICIENTIES,GEEN_EISEN,GEEN_PROPEDEUTISCHE_FASE,GEEN_STUDIEKEUZE_CHECK,GEEN_VERSNELD_TRAJECT,0c3c8996-f2db-6c8e-e063-6f41a8c067fb,0c3c8996-f2db-6c8e-e063-6f41a8c067fb,,,,premaster Sociale geografie en planologie
107B449,Universiteit Utrecht,112A764,Universiteit Utrecht,VARIANT,1015O5884,,56980,NVAO,premaster Wiskunde,premaster Mathematics,,,WO-BA,BACHELOR,180,6,6,GEEN_OFFICIEEL_DOCUMENT,Universiteit Utrecht,premaster Wiskunde,,premaster Mathematics,VOLTIJD,NLD,2011-09-01,,2022-09-01,,,,,GEEN_DEFICIENTIES,GEEN_EISEN,GEEN_PROPEDEUTISCHE_FASE,GEEN_STUDIEKEUZE_CHECK,GEEN_VERSNELD_TRAJECT,0c3c8996-f2e3-6c8e-e063-6f41a8c067fb,0c3c8996-f2e3-6c8e-e063-6f41a8c067fb,,,,premaster Wiskunde
107B449,Universiteit Utrecht,112A764,Universiteit Utrecht,VARIANT,1015O5885,,56607,NVAO,"premaster Youth, Education and Society","premaster Youth, Education and Society",,,WO-BA,BACHELOR,180,6,6,DIPLOMA,Universiteit Utrecht,"premaster Youth, Education and Society",,"premaster Youth, Education and Society",VOLTIJD,NLD,2017-09-01,,2022-09-01,,,,,GEEN_DEFICIENTIES,GEEN_EISEN,GEEN_PROPEDEUTISCHE_FASE,GEEN_STUDIEKEUZE_CHECK,GEEN_VERSNELD_TRAJECT,0c3c8996-f2eb-6c8e-e063-6f41a8c067fb,0c3c8996-f2eb-6c8e-e063-6f41a8c067fb,,,,"premaster Youth, Education and Society"
107B449,Universiteit Utrecht,112A764,Universiteit Utrecht,VARIANT,1015O5886,,56631,NVAO,premaster Youth Development and Social Change,premaster Youth Development and Social Change,,,WO-BA,BACHELOR,180,6,6,GEEN_OFFICIEEL_DOCUMENT,Universiteit Utrecht,premaster Youth Development and Social Change,,premaster Youth Development and Social Change,VOLTIJD,NLD,2017-09-01,,2022-09-01,,,,,GEEN_DEFICIENTIES,GEEN_EISEN,GEEN_PROPEDEUTISCHE_FASE,GEEN_STUDIEKEUZE_CHECK,GEEN_VERSNELD_TRAJECT,0c3c8996-f2f3-6c8e-e063-6f41a8c067fb,0c3c8996-f2f3-6c8e-e063-6f41a8c067fb,,,,premaster Youth Development and Social Change
107B449,Universiteit Utrecht,112A764,Universiteit Utrecht,VARIANT,1015O5888,,56604,NVAO,Psychologie,Psychology,,,WO-BA,BACHELOR,180,6,6,DIPLOMA,Universiteit Utrecht,Psychologie,,Psychology,VOLTIJD,NLD,2002-09-01,,2022-09-01,,,,,GEEN_DEFICIENTIES,GEEN_EISEN,GEEN_PROPEDEUTISCHE_FASE,GEEN_STUDIEKEUZE_CHECK,GEEN_VERSNELD_TRAJECT,0c3c8996-f30b-6c8e-e063-6f41a8c067fb,0c3c8996-f30b-6c8e-e063-6f41a8c067fb,,,,Psychologie
107B449,Universiteit Utrecht,112A764,Universiteit Utrecht,VARIANT,1015O5896,,56810,NVAO,Spaanse taal en cultuur,Spanish Language and Culture,,,WO-BA,BACHELOR,180,6,6,DIPLOMA,Universiteit Utrecht,Spaanse taal en cultuur,,Spanish Language and Culture,VOLTIJD,NLD,2002-09-01,,2022-09-01,,,,,GEEN_DEFICIENTIES,GEEN_EISEN,GEEN_PROPEDEUTISCHE_FASE,STUDIEKEUZE_CHECK_VERPLICHT,GEEN_VERSNELD_TRAJECT,0c3cf58d-c351-5959-e063-6f41a8c03f22,0c3cf58d-c351-5959-e063-6f41a8c03f22,,,,Spaanse taal en cultuur
107B449,Universiteit Utrecht,112A764,Universiteit Utrecht,VARIANT,1015O5897,,56810,NVAO,Educatieve Module Spaans,,,,WO-BA,BACHELOR,180,6,6,DIPLOMA,Universiteit Utrecht,Educatieve Module Spaans,,,VOLTIJD,NLD,2017-09-01,,2022-09-01,,,,,GEEN_DEFICIENTIES,GEEN_EISEN,GEEN_PROPEDEUTISCHE_FASE,GEEN_STUDIEKEUZE_CHECK,GEEN_VERSNELD_TRAJECT,0c3cf58d-c359-5959-e063-6f41a8c03f22,0c3cf58d-c359-5959-e063-6f41a8c03f22,,,,Educatieve Module Spaans
107B449,Universiteit Utrecht,112A764,Universiteit Utrecht,VARIANT,1015O5898,,56601,NVAO,Sociologie,Sociology,,,WO-BA,BACHELOR,180,6,6,DIPLOMA,Universiteit Utrecht,Sociologie,,Sociology,VOLTIJD,NLD,2002-09-01,,2022-09-01,,,,,GEEN_DEFICIENTIES,GEEN_EISEN,GEEN_PROPEDEUTISCHE_FASE,STUDIEKEUZE_CHECK_VERPLICHT,GEEN_VERSNELD_TRAJECT,0c3c8996-f3b9-6c8e-e063-6f41a8c067fb,0c3c8996-f3b9-6c8e-e063-6f41a8c067fb,,,,Sociologie
107B449,Universiteit Utrecht,112A764,Universiteit Utrecht,VARIANT,1015O5901,,56838,NVAO,Sociale geografie en planologie,Human Geography and Planning,,,WO-BA,BACHELOR,180,6,6,DIPLOMA,Universiteit Utrecht,Sociale geografie en planologie,,Human Geography and Planning,VOLTIJD,NLD,2002-09-01,,2022-09-01,,,,,GEEN_DEFICIENTIES,GEEN_EISEN,GEEN_PROPEDEUTISCHE_FASE,STUDIEKEUZE_CHECK_VERPLICHT,GEEN_VERSNELD_TRAJECT,0c3c8996-f3d1-6c8e-e063-6f41a8c067fb,0c3c8996-f3d1-6c8e-e063-6f41a8c067fb,,,,Sociale geografie en planologie
107B449,Universiteit Utrecht,112A764,Universiteit Utrecht,VARIANT,1015O5904,,56857,NVAO,Scheikunde,Chemistry,,,WO-BA,BACHELOR,180,6,6,DIPLOMA,Universiteit Utrecht,Scheikunde,,Chemistry,VOLTIJD,NLD,2002-09-01,,2022-09-01,,,,,GEEN_DEFICIENTIES,GEEN_EISEN,GEEN_PROPEDEUTISCHE_FASE,STUDIEKEUZE_CHECK_VERPLICHT,GEEN_VERSNELD_TRAJECT,0c3c8996-f3f9-6c8e-e063-6f41a8c067fb,0c3c8996-f3f9-6c8e-e063-6f41a8c067fb,,,,Scheikunde
107B449,Universiteit Utrecht,112A764,Universiteit Utrecht,VARIANT,1015O5905,,56857,NVAO,Educatieve Module Scheikunde,,,,WO-BA,BACHELOR,180,6,6,DIPLOMA,Universiteit Utrecht,Educatieve Module Scheikunde,,,VOLTIJD,NLD,2016-09-01,,2022-09-01,,,,,GEEN_DEFICIENTIES,GEEN_EISEN,GEEN_PROPEDEUTISCHE_FASE,GEEN_STUDIEKEUZE_CHECK,GEEN_VERSNELD_TRAJECT,0c3c8996-f401-6c8e-e063-6f41a8c067fb,0c3c8996-f401-6c8e-e063-6f41a8c067fb,,,,Educatieve Module Scheikunde
107B449,Universiteit Utrecht,112A764,Universiteit Utrecht,VARIANT,1015O8890,,,,Educatieve Module Interdisciplinary Social Science (ba),,,,WO-BA,BACHELOR,,6,6,CERTIFICAAT,Universiteit Utrecht,Educatieve Module Interdisciplinary Social Science (ba),,,VOLTIJD,NLD,2024-07-10,,2024-09-01,,,,,GEEN_DEFICIENTIES,GEEN_EISEN,GEEN_PROPEDEUTISCHE_FASE,GEEN_STUDIEKEUZE_CHECK,GEEN_VERSNELD_TRAJECT,9a5131d8-ecbe-4da7-aeaa-e0b567425844,9a5131d8-ecbe-4da7-aeaa-e0b567425844,,,,Educatieve Module Interdisciplinary Social Sciences (bachelor)
107B449,Universiteit Utrecht,112A764,Universiteit Utrecht,VARIANT,1015O8896,,,,Educatieve Module Kunstmatige Intelligentie (bachelor),,,,WO-BA,BACHELOR,,6,6,CERTIFICAAT,Universiteit Utrecht,Educatieve Module Kunstmatige Intelligentie (bachelor),,,VOLTIJD,NLD,2024-07-10,,2024-09-01,,,,,GEEN_DEFICIENTIES,GEEN_EISEN,GEEN_PROPEDEUTISCHE_FASE,GEEN_STUDIEKEUZE_CHECK,GEEN_VERSNELD_TRAJECT,c1babbb4-11fc-4095-bde5-f3f737c4138c,c1babbb4-11fc-4095-bde5-f3f737c4138c,,,,Educatieve Module Kunstmatige Intelligentie (bachelor)
107B449,Universiteit Utrecht,112A764,Universiteit Utrecht,VARIANT,1015O8899,,56601,NVAO,Educatieve Module Maatschappijleer,,,,WO-BA,BACHELOR,180,6,6,DIPLOMA,Universiteit Utrecht,Educatieve Module Maatschappijleer,,,VOLTIJD,NLD,2024-03-13,,2024-09-01,,,,,GEEN_DEFICIENTIES,GEEN_EISEN,GEEN_PROPEDEUTISCHE_FASE,GEEN_STUDIEKEUZE_CHECK,GEEN_VERSNELD_TRAJECT,89b0b8a4-63b7-4ef2-ba74-4624401ea509,89b0b8a4-63b7-4ef2-ba74-4624401ea509,,,,Educatieve Module Maatschappijleer
107B449,Universiteit Utrecht,112A764,Universiteit Utrecht,VARIANT,1016O4381,,50035,NVAO,Culturele antropologie en ontwikkelingssociologie,Cultural Anthropology and Development Sociology,,,WO-BA,BACHELOR,180,6,6,DIPLOMA,Universiteit Utrecht,Culturele antropologie en ontwikkelingssociologie,,Culturele antropologie en ontwikkelingssociologie,VOLTIJD,NLD,2009-09-01,,2022-09-01,,,,,GEEN_DEFICIENTIES,GEEN_EISEN,GEEN_PROPEDEUTISCHE_FASE,STUDIEKEUZE_CHECK_VERPLICHT,GEEN_VERSNELD_TRAJECT,61868f1f-281a-4642-97e9-f4adcf9166e3,61868f1f-281a-4642-97e9-f4adcf9166e3,,,,Culturele antropologie en ontwikkelingssociologie
107B449,Universiteit Utrecht,112A764,Universiteit Utrecht,VARIANT,1016O8404,,50950,NVAO,Economie en bedrijfseconomie,Economie en bedrijfseconomie,,,WO-BA,BACHELOR,180,6,6,DIPLOMA,Universiteit Utrecht,Economie en bedrijfseconomie,,Economie en bedrijfseconomie,VOLTIJD,NLD,2026-07-09,,2027-09-01,,,,,GEEN_DEFICIENTIES,GEEN_EISEN,GEEN_PROPEDEUTISCHE_FASE,STUDIEKEUZE_CHECK_VERPLICHT,GEEN_VERSNELD_TRAJECT,82ab0b48-f8fa-4dc3-a6d1-3f8f26efacdf,82ab0b48-f8fa-4dc3-a6d1-3f8f26efacdf,,,,Economie en bedrijfseconomie
107B449,Universiteit Utrecht,112A764,Universiteit Utrecht,VARIANT,1016O8472,,50003,NVAO,Onderwijswetenschappen,Onderwijswetenschappen,,,WO-BA,BACHELOR,180,6,6,DIPLOMA,Universiteit Utrecht,Onderwijswetenschappen,,Onderwijswetenschappen,VOLTIJD,NLD,2018-09-01,,2022-09-01,,,,,GEEN_DEFICIENTIES,GEEN_EISEN,GEEN_PROPEDEUTISCHE_FASE,STUDIEKEUZE_CHECK_VERPLICHT,GEEN_VERSNELD_TRAJECT,0c38e9ed-b766-7689-e063-6f41a8c02adf,0c38e9ed-b766-7689-e063-6f41a8c02adf,,,,Onderwijswetenschappen
107B449,Universiteit Utrecht,112A764,Universiteit Utrecht,VARIANT,1016O8474,,50902,NVAO,Religiewetenschappen,Religiewetenschappen,,,WO-BA,BACHELOR,180,6,6,DIPLOMA,Universiteit Utrecht,"Politiek, cultuur en religie",,"Politiek, cultuur en religie",VOLTIJD,NLD,2014-09-01,,2022-09-01,,,,,GEEN_DEFICIENTIES,GEEN_EISEN,GEEN_PROPEDEUTISCHE_FASE,STUDIEKEUZE_CHECK_VERPLICHT,GEEN_VERSNELD_TRAJECT,a57b71a2-0ac3-416f-bc6a-17d0cfccc6e9,a57b71a2-0ac3-416f-bc6a-17d0cfccc6e9,,,,Religiewetenschappen
107B449,Universiteit Utrecht,112A764,Universiteit Utrecht,VARIANT,1016O8474,,50902,NVAO,Religiewetenschappen,Religiewetenschappen,,,WO-BA,BACHELOR,180,6,6,DIPLOMA,Universiteit Utrecht,Religiewetenschappen,,Religiewetenschappen,VOLTIJD,NLD,2014-09-01,,2022-09-01,,,,,GEEN_DEFICIENTIES,GEEN_EISEN,GEEN_PROPEDEUTISCHE_FASE,STUDIEKEUZE_CHECK_VERPLICHT,GEEN_VERSNELD_TRAJECT,a57b71a2-0ac3-416f-bc6a-17d0cfccc6e9,a57b71a2-0ac3-416f-bc6a-17d0cfccc6e9,,,,Religiewetenschappen
107B449,Universiteit Utrecht,112A764,Universiteit Utrecht,VARIANT,1016O8475,,50902,NVAO,Educatieve Module Godsdienst en Levensbeschouwing,Educatieve Module Godsdienst en Levensbeschouwing,,,WO-BA,BACHELOR,180,6,6,DIPLOMA,Universiteit Utrecht,Educatieve Module Godsdienst en Levensbeschouwing,,Educatieve Module Godsdienst en Levensbeschouwing,VOLTIJD,NLD,2017-09-01,,2022-09-01,,,,,GEEN_DEFICIENTIES,GEEN_EISEN,GEEN_PROPEDEUTISCHE_FASE,GEEN_STUDIEKEUZE_CHECK,GEEN_VERSNELD_TRAJECT,e5b1d8c4-e253-4f07-a24e-0f7634e85b21,e5b1d8c4-e253-4f07-a24e-0f7634e85b21,,,,Educatieve Module Godsdienst en Levensbeschouwing
107B449,Universiteit Utrecht,112A764,Universiteit Utrecht,VARIANT,1016O8875,,50035,NVAO,premaster Cultural Anthropology: Sustainable Citizenship,premaster Cultural Anthropology: Sustainable Citizenship,,,WO-BA,BACHELOR,180,6,6,DIPLOMA,Universiteit Utrecht,premaster Cultural Anthropology: Sustainable Citizenship,,premaster Cultural Anthropology: Sustainable Citizenship,VOLTIJD,NLD,2017-09-01,,2022-09-01,,,,,GEEN_DEFICIENTIES,GEEN_EISEN,GEEN_PROPEDEUTISCHE_FASE,GEEN_STUDIEKEUZE_CHECK,GEEN_VERSNELD_TRAJECT,88065d56-965a-4d73-af6b-2ae200adbc66,88065d56-965a-4d73-af6b-2ae200adbc66,,,,premaster Cultural Anthropology: Sustainable Citizenship
107B449,Universiteit Utrecht,112A764,Universiteit Utrecht,VARIANT,1016O8883,,50290,NVAO,English Language and Culture,English Language and Culture,,,WO-BA,BACHELOR,180,6,6,DIPLOMA,Universiteit Utrecht,English Language and Culture,,English Language and Culture,VOLTIJD,ENG,2020-09-01,,2022-09-01,,,,,GEEN_DEFICIENTIES,GEEN_EISEN,GEEN_PROPEDEUTISCHE_FASE,STUDIEKEUZE_CHECK_VERPLICHT,GEEN_VERSNELD_TRAJECT,6a92998f-ff9a-421b-bc5f-828673b5720f,6a92998f-ff9a-421b-bc5f-828673b5720f,,,,English Language and Culture
107B449,Universiteit Utrecht,112A764,Universiteit Utrecht,VARIANT,1016O8884,,50290,NVAO,Educatieve Module Engels,Educatieve Module Engels,,,WO-BA,BACHELOR,180,6,6,GEEN_OFFICIEEL_DOCUMENT,Universiteit Utrecht,Educatieve Module Engels,,Educatieve Module Engels,VOLTIJD,NLD,2020-09-01,,2022-09-01,,,,,GEEN_DEFICIENTIES,GEEN_EISEN,GEEN_PROPEDEUTISCHE_FASE,GEEN_STUDIEKEUZE_CHECK,GEEN_VERSNELD_TRAJECT,75da3137-cb6d-402e-a473-98faba635f4a,75da3137-cb6d-402e-a473-98faba635f4a,,,,Educatieve Module Engels
107B450,Technische Universiteit Eindhoven,114A734,Technische Universiteit Eindhoven,VARIANT,1015O5087,,50441,NVAO,Industrial Design,Industrial Design,,,WO-BA,BACHELOR,180,6,6,DIPLOMA,Technische Universiteit Eindhoven,Industrial Design,,Industrial Design,VOLTIJD,ENG,2020-09-10,,2023-09-01,,,,,GEEN_DEFICIENTIES,GEEN_EISEN,GEEN_PROPEDEUTISCHE_FASE,STUDIEKEUZE_CHECK_VERPLICHT,GEEN_VERSNELD_TRAJECT,0e8344bc-a27d-0ae7-e063-6f2ba8c0a89a,0e8344bc-a27d-0ae7-e063-6f2ba8c0a89a,114X284,Groene Loper,Eindhoven,Industrial Design
107B450,Technische Universiteit Eindhoven,114A734,Technische Universiteit Eindhoven,VARIANT,1015O5091,,55824,NVAO,Psychology & Technology,Psychology & Technology,,,WO-BA,BACHELOR,180,6,6,DIPLOMA,Technische Universiteit Eindhoven,Psychology & Technology,,Psychology & Technology,VOLTIJD,ENG,2020-09-10,,2023-09-01,,,,,GEEN_DEFICIENTIES,GEEN_EISEN,PROPEDEUTISCHE_FASE_ZONDER_EXAMEN,STUDIEKEUZE_CHECK_VERPLICHT,GEEN_VERSNELD_TRAJECT,0a98fccb-3c4b-5417-e063-6f2ba8c09422,0a98fccb-3c4b-5417-e063-6f2ba8c09422,114X284,Groene Loper,Eindhoven,
107B450,Technische Universiteit Eindhoven,114A734,Technische Universiteit Eindhoven,VARIANT,1015O6204,,56226,NVAO,Biomedische Technologie,Biomedical Engineering,,,WO-BA,BACHELOR,180,6,6,DIPLOMA,Technische Universiteit Eindhoven,Biomedische Technologie,,Biomedical Engineering,VOLTIJD,ENG,2020-09-10,,2023-09-01,,,,,GEEN_DEFICIENTIES,GEEN_EISEN,PROPEDEUTISCHE_FASE_ZONDER_EXAMEN,STUDIEKEUZE_CHECK_VERPLICHT,GEEN_VERSNELD_TRAJECT,0cde291f-bcea-09a6-e063-6f2ba8c0ea9a,0cde291f-bcea-09a6-e063-6f2ba8c0ea9a,114X284,Groene Loper,Eindhoven,
107B450,Technische Universiteit Eindhoven,114A734,Technische Universiteit Eindhoven,VARIANT,1015O6205,,56226,NVAO,Medische Wetenschappen en Technologie,Medical Sciences and Engineering,,,WO-BA,BACHELOR,180,6,6,DIPLOMA,Technische Universiteit Eindhoven,Medische Wetenschappen en Technologie,,Medical Sciences and Engineering,VOLTIJD,NLD,2020-09-10,,2023-09-01,,,,,GEEN_DEFICIENTIES,GEEN_EISEN,PROPEDEUTISCHE_FASE_ZONDER_EXAMEN,STUDIEKEUZE_CHECK_VERPLICHT,GEEN_VERSNELD_TRAJECT,0cde291f-bcf2-09a6-e063-6f2ba8c0ea9a,0cde291f-bcf2-09a6-e063-6f2ba8c0ea9a,114X284,Groene Loper,Eindhoven,
107B450,Technische Universiteit Eindhoven,114A734,Technische Universiteit Eindhoven,VARIANT,1015O6206,,56226,NVAO,Pre-master Biomedical Engineering,Pre-master Biomedical Engineering,,,WO-BA,BACHELOR,180,6,6,DIPLOMA,Technische Universiteit Eindhoven,Pre-master Biomedical Engineering,,Pre-master Biomedical Engineering,VOLTIJD,ENG,2020-09-10,,2023-09-01,,,,,GEEN_DEFICIENTIES,GEEN_EISEN,GEEN_PROPEDEUTISCHE_FASE,STUDIEKEUZE_CHECK_VAN_TOEPASSING,GEEN_VERSNELD_TRAJECT,0cde291f-bcfa-09a6-e063-6f2ba8c0ea9a,0cde291f-bcfa-09a6-e063-6f2ba8c0ea9a,114X284,Groene Loper,Eindhoven,Biomedical Engineering
107B450,Technische Universiteit Eindhoven,114A734,Technische Universiteit Eindhoven,VARIANT,1015O6208,,56951,NVAO,Pre-master Architecture Building and Planning,Pre-master Architecture Building and Planning,,,WO-BA,BACHELOR,180,6,6,DIPLOMA,Technische Universiteit Eindhoven,Pre-master Architecture Building and Planning,,Pre-master Architecture Building and Planning,VOLTIJD,ENG,2020-09-10,,2023-09-01,,,,,GEEN_DEFICIENTIES,GEEN_EISEN,GEEN_PROPEDEUTISCHE_FASE,STUDIEKEUZE_CHECK_VAN_TOEPASSING,GEEN_VERSNELD_TRAJECT,0cde291f-bd02-09a6-e063-6f2ba8c0ea9a,0cde291f-bd02-09a6-e063-6f2ba8c0ea9a,114X284,Groene Loper,Eindhoven,Pre-master Architecture Building and Planning
107B450,Technische Universiteit Eindhoven,114A734,Technische Universiteit Eindhoven,VARIANT,1015O6209,,56951,NVAO,Bouwkunde,"Architecture, Urbanism and Building Sciences",,,WO-BA,BACHELOR,180,6,6,DIPLOMA,Technische Universiteit Eindhoven,Bouwkunde,,"Architecture, Urbanism and Building Sciences",VOLTIJD,ENG,2020-09-10,,2023-09-01,,,,,GEEN_DEFICIENTIES,GEEN_EISEN,PROPEDEUTISCHE_FASE_ZONDER_EXAMEN,GEEN_STUDIEKEUZE_CHECK,GEEN_VERSNELD_TRAJECT,0cde291f-bd0a-09a6-e063-6f2ba8c0ea9a,0cde291f-bd0a-09a6-e063-6f2ba8c0ea9a,114X284,Groene Loper,Eindhoven,
107B450,Technische Universiteit Eindhoven,114A734,Technische Universiteit Eindhoven,VARIANT,1015O6210,,56951,NVAO,Pre-master Construction Management and Engineering,Pre-master Construction Management and Engineering,,,WO-BA,BACHELOR,180,6,6,DIPLOMA,Technische Universiteit Eindhoven,Pre-master Construction Management and Engineering,,Pre-master Construction Management and Engineering,VOLTIJD,ENG,2020-09-10,,2023-09-01,,,,,GEEN_DEFICIENTIES,GEEN_EISEN,GEEN_PROPEDEUTISCHE_FASE,STUDIEKEUZE_CHECK_VAN_TOEPASSING,GEEN_VERSNELD_TRAJECT,0cde291f-bd12-09a6-e063-6f2ba8c0ea9a,0cde291f-bd12-09a6-e063-6f2ba8c0ea9a,114X284,Groene Loper,Eindhoven,Pre-master Construction Management and Engineering
107B450,Technische Universiteit Eindhoven,114A734,Technische Universiteit Eindhoven,VARIANT,1015O6276,,56953,NVAO,Pre-master Artificial Intelligence & Engineering Systems,Pre-master Artificial Intelligence & Engineering Systems,,,WO-BA,BACHELOR,180,6,6,DIPLOMA,Technische Universiteit Eindhoven,Pre-master Artificial Intelligence & Engineering Systems,,Pre-master Artificial Intelligence & Engineering Systems,VOLTIJD,ENG,2022-04-07,,2023-09-01,,,,,GEEN_DEFICIENTIES,GEEN_EISEN,GEEN_PROPEDEUTISCHE_FASE,STUDIEKEUZE_CHECK_VAN_TOEPASSING,GEEN_VERSNELD_TRAJECT,0e0bba73-9a80-76e4-e063-6f2ba8c08759,0e0bba73-9a80-76e4-e063-6f2ba8c08759,114X284,Groene Loper,Eindhoven,Pre-master Artificial Intelligence & Engineering Systems
107B450,Technische Universiteit Eindhoven,114A734,Technische Universiteit Eindhoven,VARIANT,1015O6277,,56953,NVAO,Automotive Technology,Automotive Technology,,,WO-BA,BACHELOR,180,6,6,DIPLOMA,Technische Universiteit Eindhoven,Automotive Technology,,Automotive Technology,VOLTIJD,ENG,2020-09-10,,2023-09-01,,,,,GEEN_DEFICIENTIES,GEEN_EISEN,PROPEDEUTISCHE_FASE_ZONDER_EXAMEN,STUDIEKEUZE_CHECK_VERPLICHT,GEEN_VERSNELD_TRAJECT,0e0bba73-9a88-76e4-e063-6f2ba8c08759,0e0bba73-9a88-76e4-e063-6f2ba8c08759,114X284,Groene Loper,Eindhoven,
107B450,Technische Universiteit Eindhoven,114A734,Technische Universiteit Eindhoven,VARIANT,1015O6278,,56953,NVAO,Electrical Engineering,Electrical Engineering,,,WO-BA,BACHELOR,180,6,6,DIPLOMA,Technische Universiteit Eindhoven,Electrical Engineering,,Electrical Engineering,VOLTIJD,ENG,2020-09-10,,2023-09-01,,,,,GEEN_DEFICIENTIES,GEEN_EISEN,PROPEDEUTISCHE_FASE_ZONDER_EXAMEN,STUDIEKEUZE_CHECK_VERPLICHT,GEEN_VERSNELD_TRAJECT,0e0bba73-9a90-76e4-e063-6f2ba8c08759,0e0bba73-9a90-76e4-e063-6f2ba8c08759,114X284,Groene Loper,Eindhoven,
107B450,Technische Universiteit Eindhoven,114A734,Technische Universiteit Eindhoven,VARIANT,1015O6279,,56953,NVAO,Pre-master Electrical Engineering,Pre-master Electrical Engineering,,,WO-BA,BACHELOR,180,6,6,DIPLOMA,Technische Universiteit Eindhoven,Pre-master Electrical Engineering,,Pre-master Electrical Engineering,VOLTIJD,ENG,2020-09-10,,2023-09-01,,,,,GEEN_DEFICIENTIES,GEEN_EISEN,GEEN_PROPEDEUTISCHE_FASE,STUDIEKEUZE_CHECK_VAN_TOEPASSING,GEEN_VERSNELD_TRAJECT,0e0bba73-9a98-76e4-e063-6f2ba8c08759,0e0bba73-9a98-76e4-e063-6f2ba8c08759,114X284,Groene Loper,Eindhoven,Electrical Engineering
107B450,Technische Universiteit Eindhoven,114A734,Technische Universiteit Eindhoven,VARIANT,1015O6280,,56960,NVAO,Scheikundige Technologie,Chemical Engineering and Chemistry,,,WO-BA,BACHELOR,180,6,6,DIPLOMA,Technische Universiteit Eindhoven,Scheikundige Technologie,,Chemical Engineering and Chemistry,VOLTIJD,ENG,2020-09-10,,2023-09-01,,,,,GEEN_DEFICIENTIES,GEEN_EISEN,PROPEDEUTISCHE_FASE_ZONDER_EXAMEN,STUDIEKEUZE_CHECK_VERPLICHT,GEEN_VERSNELD_TRAJECT,0e0bba73-9aa0-76e4-e063-6f2ba8c08759,0e0bba73-9aa0-76e4-e063-6f2ba8c08759,114X284,Groene Loper,Eindhoven,
107B450,Technische Universiteit Eindhoven,114A734,Technische Universiteit Eindhoven,VARIANT,1015O6281,,56960,NVAO,Pre-master MCE Chemical and Process Technology,Pre-master MCE Chemical and Process Technology,,,WO-BA,BACHELOR,180,6,6,DIPLOMA,Technische Universiteit Eindhoven,Pre-master MCE Chemical and Process Technology,,Pre-master MCE Chemical and Process Technology,VOLTIJD,ENG,2020-09-10,,2023-09-01,,,,,GEEN_DEFICIENTIES,GEEN_EISEN,GEEN_PROPEDEUTISCHE_FASE,STUDIEKEUZE_CHECK_VAN_TOEPASSING,GEEN_VERSNELD_TRAJECT,0e0bba73-9aa8-76e4-e063-6f2ba8c08759,0e0bba73-9aa8-76e4-e063-6f2ba8c08759,114X284,Groene Loper,Eindhoven,MCE Chemical and Process Technology
107B450,Technische Universiteit Eindhoven,114A734,Technische Universiteit Eindhoven,VARIANT,1015O6282,,56960,NVAO,Pre-master MCE Molecular Syst.& Materials Chemistry,Pre-master MCE Molecular Syst.& Materials Chemistry,,,WO-BA,BACHELOR,180,6,6,DIPLOMA,Technische Universiteit Eindhoven,Pre-master MCE Molecular Syst.& Materials Chemistry,,Pre-master MCE Molecular Syst.& Materials Chemistry,VOLTIJD,ENG,2020-09-10,,2023-09-01,,,,,GEEN_DEFICIENTIES,GEEN_EISEN,GEEN_PROPEDEUTISCHE_FASE,STUDIEKEUZE_CHECK_VAN_TOEPASSING,GEEN_VERSNELD_TRAJECT,0e0bba73-9ab0-76e4-e063-6f2ba8c08759,0e0bba73-9ab0-76e4-e063-6f2ba8c08759,114X284,Groene Loper,Eindhoven,MCE Molecular Syst.& Materials Chemistry
107B450,Technische Universiteit Eindhoven,114A734,Technische Universiteit Eindhoven,VARIANT,1015O6283,,56960,NVAO,Pre-master SE Chemistry Teacher,Pre-master SE Chemistry Teacher,,,WO-BA,BACHELOR,180,6,6,DIPLOMA,Technische Universiteit Eindhoven,Pre-master SE Chemistry Teacher,,Pre-master SE Chemistry Teacher,VOLTIJD,ENG,2020-09-10,,2023-09-01,,,,,GEEN_DEFICIENTIES,GEEN_EISEN,GEEN_PROPEDEUTISCHE_FASE,STUDIEKEUZE_CHECK_VAN_TOEPASSING,GEEN_VERSNELD_TRAJECT,0e0bba73-9ab8-76e4-e063-6f2ba8c08759,0e0bba73-9ab8-76e4-e063-6f2ba8c08759,114X284,Groene Loper,Eindhoven,SEC Leraar vho Scheikunde
107B450,Technische Universiteit Eindhoven,114A734,Technische Universiteit Eindhoven,VARIANT,1015O6284,,56962,NVAO,Pre-master Applied Physics,Pre-master Applied Physics,,,WO-BA,BACHELOR,180,6,6,DIPLOMA,Technische Universiteit Eindhoven,Pre-master Applied Physics,,Pre-master Applied Physics,VOLTIJD,ENG,2020-09-10,,2023-09-01,,,,,GEEN_DEFICIENTIES,GEEN_EISEN,GEEN_PROPEDEUTISCHE_FASE,STUDIEKEUZE_CHECK_VAN_TOEPASSING,GEEN_VERSNELD_TRAJECT,0e0bba73-9ac0-76e4-e063-6f2ba8c08759,0e0bba73-9ac0-76e4-e063-6f2ba8c08759,114X284,Groene Loper,Eindhoven,Applied Physics
107B450,Technische Universiteit Eindhoven,114A734,Technische Universiteit Eindhoven,VARIANT,1015O6285,,56962,NVAO,Technische Natuurkunde,Applied Physics,,,WO-BA,BACHELOR,180,6,6,DIPLOMA,Technische Universiteit Eindhoven,Technische Natuurkunde,,Applied Physics,VOLTIJD,ENG,2020-09-10,,2023-09-01,,,,,GEEN_DEFICIENTIES,GEEN_EISEN,PROPEDEUTISCHE_FASE_ZONDER_EXAMEN,STUDIEKEUZE_CHECK_VERPLICHT,GEEN_VERSNELD_TRAJECT,0e0bba73-9ac8-76e4-e063-6f2ba8c08759,0e0bba73-9ac8-76e4-e063-6f2ba8c08759,114X284,Groene Loper,Eindhoven,
107B450,Technische Universiteit Eindhoven,114A734,Technische Universiteit Eindhoven,VARIANT,1015O6286,,56962,NVAO,Pre-master SE Physics Teacher,Pre-master SE Physics Teacher,,,WO-BA,BACHELOR,180,6,6,DIPLOMA,Technische Universiteit Eindhoven,Pre-master SE Physics Teacher,,Pre-master SE Physics Teacher,VOLTIJD,ENG,2020-09-10,,2023-09-01,,,,,GEEN_DEFICIENTIES,GEEN_EISEN,GEEN_PROPEDEUTISCHE_FASE,STUDIEKEUZE_CHECK_VAN_TOEPASSING,GEEN_VERSNELD_TRAJECT,0e0bba73-9ad0-76e4-e063-6f2ba8c08759,0e0bba73-9ad0-76e4-e063-6f2ba8c08759,114X284,Groene Loper,Eindhoven,SEC Leraar vho Natuurkunde
107B450,Technische Universiteit Eindhoven,114A734,Technische Universiteit Eindhoven,VARIANT,1015O6287,,56964,NVAO,Computer Science and Engineering,Computer Science and Engineering,,,WO-BA,BACHELOR,180,6,6,DIPLOMA,Technische Universiteit Eindhoven,Computer Science and Engineering,,Computer Science and Engineering,VOLTIJD,ENG,2020-09-10,,2023-09-01,,,,,GEEN_DEFICIENTIES,GEEN_EISEN,PROPEDEUTISCHE_FASE_ZONDER_EXAMEN,GEEN_STUDIEKEUZE_CHECK,GEEN_VERSNELD_TRAJECT,0e0bba73-9ad8-76e4-e063-6f2ba8c08759,0e0bba73-9ad8-76e4-e063-6f2ba8c08759,114X284,Groene Loper,Eindhoven,
107B450,Technische Universiteit Eindhoven,114A734,Technische Universiteit Eindhoven,VARIANT,1015O6290,,56964,NVAO,Pre-master Computer Science and Engineering,Pre-master Computer Science and Engineering,,,WO-BA,BACHELOR,180,6,6,DIPLOMA,Technische Universiteit Eindhoven,Pre-master Computer Science and Engineering,,Pre-master Computer Science and Engineering,VOLTIJD,ENG,2020-09-10,,2023-09-01,,,,,GEEN_DEFICIENTIES,GEEN_EISEN,GEEN_PROPEDEUTISCHE_FASE,STUDIEKEUZE_CHECK_VAN_TOEPASSING,GEEN_VERSNELD_TRAJECT,0e0bba73-9af0-76e4-e063-6f2ba8c08759,0e0bba73-9af0-76e4-e063-6f2ba8c08759,114X284,Groene Loper,Eindhoven,Computer Science and Engineering
107B450,Technische Universiteit Eindhoven,114A734,Technische Universiteit Eindhoven,VARIANT,1015O6291,,56964,NVAO,Pre-master Data Science and Artificial Intelligence,Pre-master Data Science and Artificial Intelligence,,,WO-BA,BACHELOR,180,6,6,DIPLOMA,Technische Universiteit Eindhoven,Pre-master Data Science and Artificial Intelligence,,Pre-master Data Science and Artificial Intelligence,VOLTIJD,ENG,2021-03-30,,2023-09-01,,,,,GEEN_DEFICIENTIES,GEEN_EISEN,GEEN_PROPEDEUTISCHE_FASE,GEEN_STUDIEKEUZE_CHECK,GEEN_VERSNELD_TRAJECT,0e0bba73-9af8-76e4-e063-6f2ba8c08759,0e0bba73-9af8-76e4-e063-6f2ba8c08759,114X284,Groene Loper,Eindhoven,Data Science and Artificial Intelligence
107B450,Technische Universiteit Eindhoven,114A734,Technische Universiteit Eindhoven,VARIANT,1015O6292,,56964,NVAO,Pre-master Embedded Systems,Pre-master Embedded Systems,,,WO-BA,BACHELOR,180,6,6,DIPLOMA,Technische Universiteit Eindhoven,Pre-master Embedded Systems,,Pre-master Embedded Systems,VOLTIJD,ENG,2020-09-10,,2023-09-01,,,,,GEEN_DEFICIENTIES,GEEN_EISEN,GEEN_PROPEDEUTISCHE_FASE,STUDIEKEUZE_CHECK_VAN_TOEPASSING,GEEN_VERSNELD_TRAJECT,0e0bba73-9b00-76e4-e063-6f2ba8c08759,0e0bba73-9b00-76e4-e063-6f2ba8c08759,114X284,Groene Loper,Eindhoven,Embedded Systems
107B450,Technische Universiteit Eindhoven,114A734,Technische Universiteit Eindhoven,VARIANT,1015O6293,,56964,NVAO,Pre-master Information Security Technology,Pre-master Information Security Technology,,,WO-BA,BACHELOR,180,6,6,DIPLOMA,Technische Universiteit Eindhoven,Pre-master Information Security Technology,,Pre-master Information Security Technology,VOLTIJD,ENG,2020-09-10,,2023-09-01,,,,,GEEN_DEFICIENTIES,GEEN_EISEN,GEEN_PROPEDEUTISCHE_FASE,STUDIEKEUZE_CHECK_VAN_TOEPASSING,GEEN_VERSNELD_TRAJECT,0e0bba73-9b08-76e4-e063-6f2ba8c08759,0e0bba73-9b08-76e4-e063-6f2ba8c08759,114X284,Groene Loper,Eindhoven,Information Security Technology
107B450,Technische Universiteit Eindhoven,114A734,Technische Universiteit Eindhoven,VARIANT,1015O6294,,56964,NVAO,Pre-master SE Computer Science Teacher,Pre-master SE Computer Science Teacher,,,WO-BA,BACHELOR,180,6,6,DIPLOMA,Technische Universiteit Eindhoven,Pre-master SE Computer Science Teacher,,Pre-master SE Computer Science Teacher,VOLTIJD,ENG,2020-09-10,,2023-09-01,,,,,GEEN_DEFICIENTIES,GEEN_EISEN,GEEN_PROPEDEUTISCHE_FASE,STUDIEKEUZE_CHECK_VAN_TOEPASSING,GEEN_VERSNELD_TRAJECT,0e0bba73-9b10-76e4-e063-6f2ba8c08759,0e0bba73-9b10-76e4-e063-6f2ba8c08759,114X284,Groene Loper,Eindhoven,SEC Leraar vho Informatica
107B450,Technische Universiteit Eindhoven,114A734,Technische Universiteit Eindhoven,VARIANT,1015O6295,,56965,NVAO,Technische Wiskunde,Applied Mathematics,,,WO-BA,BACHELOR,180,6,6,DIPLOMA,Technische Universiteit Eindhoven,Technische Wiskunde,,Applied Mathematics,VOLTIJD,ENG,2020-09-10,,2023-09-01,,,,,GEEN_DEFICIENTIES,GEEN_EISEN,PROPEDEUTISCHE_FASE_ZONDER_EXAMEN,STUDIEKEUZE_CHECK_VERPLICHT,GEEN_VERSNELD_TRAJECT,0e0bba73-9b18-76e4-e063-6f2ba8c08759,0e0bba73-9b18-76e4-e063-6f2ba8c08759,114X284,Groene Loper,Eindhoven,
107B450,Technische Universiteit Eindhoven,114A734,Technische Universiteit Eindhoven,VARIANT,1015O6296,,56965,NVAO,Pre-master Industrial and Applied Mathematics,Pre-master Industrial and Applied Mathematics,,,WO-BA,BACHELOR,180,6,6,DIPLOMA,Technische Universiteit Eindhoven,Pre-master Industrial and Applied Mathematics,,Pre-master Industrial and Applied Mathematics,VOLTIJD,ENG,2020-09-10,,2023-09-01,,,,,GEEN_DEFICIENTIES,GEEN_EISEN,GEEN_PROPEDEUTISCHE_FASE,STUDIEKEUZE_CHECK_VAN_TOEPASSING,GEEN_VERSNELD_TRAJECT,0e0bba73-9b20-76e4-e063-6f2ba8c08759,0e0bba73-9b20-76e4-e063-6f2ba8c08759,114X284,Groene Loper,Eindhoven,Industrial and Applied Mathematics
107B450,Technische Universiteit Eindhoven,114A734,Technische Universiteit Eindhoven,VARIANT,1015O6297,,56965,NVAO,Pre-master SE Mathematics Teacher,Pre-master SE Mathematics Teacher,,,WO-BA,BACHELOR,180,6,6,DIPLOMA,Technische Universiteit Eindhoven,Pre-master SE Mathematics Teacher,,Pre-master SE Mathematics Teacher,VOLTIJD,ENG,2020-09-10,,2023-09-01,,,,,GEEN_DEFICIENTIES,GEEN_EISEN,GEEN_PROPEDEUTISCHE_FASE,STUDIEKEUZE_CHECK_VAN_TOEPASSING,GEEN_VERSNELD_TRAJECT,0e0bba73-9b28-76e4-e063-6f2ba8c08759,0e0bba73-9b28-76e4-e063-6f2ba8c08759,114X284,Groene Loper,Eindhoven,SEC Leraar vho Wiskunde
107B450,Technische Universiteit Eindhoven,114A734,Technische Universiteit Eindhoven,VARIANT,1015O6303,,56994,NVAO,Technische Bedrijfskunde,Industrial Engineering,,,WO-BA,BACHELOR,180,6,6,DIPLOMA,Technische Universiteit Eindhoven,Technische Bedrijfskunde,,Industrial Engineering,VOLTIJD,ENG,2020-09-10,,2023-09-01,,,,,GEEN_DEFICIENTIES,GEEN_EISEN,PROPEDEUTISCHE_FASE_ZONDER_EXAMEN,STUDIEKEUZE_CHECK_VERPLICHT,GEEN_VERSNELD_TRAJECT,0e0bba73-9b58-76e4-e063-6f2ba8c08759,0e0bba73-9b58-76e4-e063-6f2ba8c08759,114X284,Groene Loper,Eindhoven,
107B450,Technische Universiteit Eindhoven,114A734,Technische Universiteit Eindhoven,VARIANT,1015O6305,,56994,NVAO,Pre-master Innovation Management,Pre-master Innovation Management,,,WO-BA,BACHELOR,180,6,6,DIPLOMA,Technische Universiteit Eindhoven,Pre-master Innovation Management,,Pre-master Innovation Management,VOLTIJD,ENG,2020-09-10,,2023-09-01,,,,,GEEN_DEFICIENTIES,GEEN_EISEN,GEEN_PROPEDEUTISCHE_FASE,STUDIEKEUZE_CHECK_VAN_TOEPASSING,GEEN_VERSNELD_TRAJECT,0e0bba73-9b68-76e4-e063-6f2ba8c08759,0e0bba73-9b68-76e4-e063-6f2ba8c08759,114X284,Groene Loper,Eindhoven,Premaster Innovation Management
107B450,Technische Universiteit Eindhoven,114A734,Technische Universiteit Eindhoven,VARIANT,1015O6306,,56994,NVAO,Pre-master Operations Management and Logistics,Pre-master Operations Management and Logistics,,,WO-BA,BACHELOR,180,6,6,DIPLOMA,Technische Universiteit Eindhoven,Pre-master Operations Management and Logistics,,Pre-master Operations Management and Logistics,VOLTIJD,ENG,2020-09-10,,2023-09-01,,,,,GEEN_DEFICIENTIES,GEEN_EISEN,GEEN_PROPEDEUTISCHE_FASE,STUDIEKEUZE_CHECK_VAN_TOEPASSING,GEEN_VERSNELD_TRAJECT,0e0bba73-9b70-76e4-e063-6f2ba8c08759,0e0bba73-9b70-76e4-e063-6f2ba8c08759,114X284,Groene Loper,Eindhoven,Premaster Operations Management and Logistics
107B450,Technische Universiteit Eindhoven,114A734,Technische Universiteit Eindhoven,VARIANT,1015O6351,,56265,NVAO,Sustainable Innovation,Sustainable Innovation,,,WO-BA,BACHELOR,180,6,6,DIPLOMA,Technische Universiteit Eindhoven,Sustainable Innovation,,Sustainable Innovation,VOLTIJD,ENG,2020-09-10,,2023-09-01,,,,,GEEN_DEFICIENTIES,GEEN_EISEN,PROPEDEUTISCHE_FASE_ZONDER_EXAMEN,STUDIEKEUZE_CHECK_VERPLICHT,GEEN_VERSNELD_TRAJECT,0e31ff3f-ddee-48c4-e063-6f2ba8c0151b,0e31ff3f-ddee-48c4-e063-6f2ba8c0151b,114X284,Groene Loper,Eindhoven,
107B450,Technische Universiteit Eindhoven,114A734,Technische Universiteit Eindhoven,VARIANT,1015O6359,,55018,NVAO,Data Science,Data Science,,,WO-BA,BACHELOR,180,6,6,DIPLOMA,Technische Universiteit Eindhoven,Data Science,,Data Science,VOLTIJD,ENG,2020-09-10,,2023-09-01,,,112A446,,GEEN_DEFICIENTIES,GEEN_EISEN,PROPEDEUTISCHE_FASE_ZONDER_EXAMEN,STUDIEKEUZE_CHECK_VERPLICHT,GEEN_VERSNELD_TRAJECT,0a965189-5d8c-06f5-e063-6f2ba8c07429,0a965189-5d8c-06f5-e063-6f2ba8c07429,114X284,Groene Loper,Eindhoven,
107B450,Technische Universiteit Eindhoven,114A734,Technische Universiteit Eindhoven,VARIANT,1015O6360,,55018,NVAO,Pre-master Data Science in Business and Entrepreneurship,Pre-master Data Science in Business and Entrepreneurship,,,WO-BA,BACHELOR,180,6,6,DIPLOMA,Technische Universiteit Eindhoven,Pre-master Data Science in Business and Entrepreneurship,,Pre-master Data Science in Business and Entrepreneurship,VOLTIJD,ENG,2023-05-01,,2023-09-01,,,,,GEEN_DEFICIENTIES,GEEN_EISEN,GEEN_PROPEDEUTISCHE_FASE,GEEN_STUDIEKEUZE_CHECK,GEEN_VERSNELD_TRAJECT,0a965189-5d94-06f5-e063-6f2ba8c07429,0a965189-5d94-06f5-e063-6f2ba8c07429,114X284,Groene Loper,Eindhoven,Pre-master Data Science in Business and Entrepreneurship
107B450,Technische Universiteit Eindhoven,114A734,Technische Universiteit Eindhoven,VARIANT,1015O6362,,50441,NVAO,Pre-master Industrial Design,Pre-master Industrial Design,,,WO-BA,BACHELOR,180,6,6,DIPLOMA,Technische Universiteit Eindhoven,Pre-master Industrial Design,,Pre-master Industrial Design,VOLTIJD,ENG,2020-09-10,,2023-09-01,,,,,GEEN_DEFICIENTIES,GEEN_EISEN,GEEN_PROPEDEUTISCHE_FASE,STUDIEKEUZE_CHECK_VAN_TOEPASSING,GEEN_VERSNELD_TRAJECT,0e8344bc-a283-0ae7-e063-6f2ba8c0a89a,0e8344bc-a283-0ae7-e063-6f2ba8c0a89a,114X284,Groene Loper,Eindhoven,Industrial Design
107B450,Technische Universiteit Eindhoven,114A734,Technische Universiteit Eindhoven,VARIANT,1015O6363,,50441,NVAO,Pre-master SE O&O Teacher,Pre-master SE O&O Teacher,,,WO-BA,BACHELOR,180,6,6,DIPLOMA,Technische Universiteit Eindhoven,Pre-master SE O&O Teacher,,Pre-master SE O&O Teacher,VOLTIJD,ENG,2021-03-30,,2023-09-01,,,,,GEEN_DEFICIENTIES,GEEN_EISEN,GEEN_PROPEDEUTISCHE_FASE,GEEN_STUDIEKEUZE_CHECK,GEEN_VERSNELD_TRAJECT,0e8344bc-a28b-0ae7-e063-6f2ba8c0a89a,0e8344bc-a28b-0ae7-e063-6f2ba8c0a89a,114X284,Groene Loper,Eindhoven,SEC Leraar vho O&O
107B450,Technische Universiteit Eindhoven,114A734,Technische Universiteit Eindhoven,VARIANT,1016O3185,,55824,NVAO,Pre-master Psychology for Human-Technology Interaction,Pre-master Psychology for Human-Technology Interaction,,,WO-BA,BACHELOR,180,6,6,DIPLOMA,Technische Universiteit Eindhoven,Pre-master Psychology for Human-Technology Interaction,,Pre-master Psychology for Human-Technology Interaction,VOLTIJD,ENG,2025-09-01,,2025-09-01,,,,,GEEN_DEFICIENTIES,GEEN_EISEN,GEEN_PROPEDEUTISCHE_FASE,STUDIEKEUZE_CHECK_VAN_TOEPASSING,GEEN_VERSNELD_TRAJECT,e8c58666-0c6e-40d0-86da-256eca143e9b,e8c58666-0c6e-40d0-86da-256eca143e9b,114X284,Groene Loper,Eindhoven,Pre-master Psychology for Human-Technology Interaction
107B450,Technische Universiteit Eindhoven,114A734,Technische Universiteit Eindhoven,VARIANT,1016O3186,,55824,NVAO,Pre-master Technology for Human-Technology Interaction,Pre-master Technology for Human-Technology Interaction,,,WO-BA,BACHELOR,180,6,6,DIPLOMA,Technische Universiteit Eindhoven,Pre-master Technology for Human-Technology Interaction,,Pre-master Technology for Human-Technology Interaction,VOLTIJD,ENG,2025-09-01,,2025-09-01,,,,,GEEN_DEFICIENTIES,GEEN_EISEN,GEEN_PROPEDEUTISCHE_FASE,STUDIEKEUZE_CHECK_VAN_TOEPASSING,GEEN_VERSNELD_TRAJECT,c74e4f16-2c75-4233-8b63-3478a88d228e,c74e4f16-2c75-4233-8b63-3478a88d228e,114X284,Groene Loper,Eindhoven,Pre-master Technology for Human-Technology Interaction
107B450,Technische Universiteit Eindhoven,114A734,Technische Universiteit Eindhoven,VARIANT,1016O6385,,,,Pre-master Automotive Technology,Pre-master Automotive Technology,,,WO-BA,BACHELOR,,6,6,DIPLOMA,Technische Universiteit Eindhoven,Pre-master Automotive Technology,,Pre-master Automotive Technology,VOLTIJD,ENG,2020-09-01,,2026-09-01,,,,,GEEN_DEFICIENTIES,GEEN_EISEN,GEEN_PROPEDEUTISCHE_FASE,STUDIEKEUZE_CHECK_VAN_TOEPASSING,GEEN_VERSNELD_TRAJECT,0e0bba73-9b30-76e4-e063-6f2ba8c08759,0e0bba73-9b30-76e4-e063-6f2ba8c08759,114X284,Groene Loper,Eindhoven,Automotive Technology
107B450,Technische Universiteit Eindhoven,114A734,Technische Universiteit Eindhoven,VARIANT,1016O6387,,,,Pre-master Mechanical Engineering,Pre-master Mechanical Engineering,,,WO-BA,BACHELOR,,6,6,DIPLOMA,Technische Universiteit Eindhoven,Pre-master Mechanical Engineering,,Pre-master Mechanical Engineering,VOLTIJD,ENG,2020-09-01,,2026-09-01,,,,,GEEN_DEFICIENTIES,GEEN_EISEN,GEEN_PROPEDEUTISCHE_FASE,STUDIEKEUZE_CHECK_VAN_TOEPASSING,GEEN_VERSNELD_TRAJECT,0e0bba73-9b40-76e4-e063-6f2ba8c08759,0e0bba73-9b40-76e4-e063-6f2ba8c08759,114X284,Groene Loper,Eindhoven,Mechanical Engineering
107B450,Technische Universiteit Eindhoven,114A734,Technische Universiteit Eindhoven,VARIANT,1016O6388,,,,Pre-master Systems and Control,Pre-master Systems and Control,,,WO-BA,BACHELOR,,6,6,DIPLOMA,Technische Universiteit Eindhoven,Pre-master Systems and Control,,Pre-master Systems and Control,VOLTIJD,ENG,2020-09-01,,2026-09-01,,,,,GEEN_DEFICIENTIES,GEEN_EISEN,GEEN_PROPEDEUTISCHE_FASE,STUDIEKEUZE_CHECK_VAN_TOEPASSING,GEEN_VERSNELD_TRAJECT,0e0bba73-9b48-76e4-e063-6f2ba8c08759,0e0bba73-9b48-76e4-e063-6f2ba8c08759,114X284,Groene Loper,Eindhoven,Systems and Control
107B450,Technische Universiteit Eindhoven,114A734,Technische Universiteit Eindhoven,VARIANT,1016O6389,,,,Pre-master Sustainable Energy Technology,Pre-master Sustainable Energy Technology,,,WO-BA,BACHELOR,,6,6,DIPLOMA,Technische Universiteit Eindhoven,Pre-master Sustainable Energy Technology,,Pre-master Sustainable Energy Technology,VOLTIJD,ENG,2020-09-01,,2026-09-01,,,,,GEEN_DEFICIENTIES,GEEN_EISEN,GEEN_PROPEDEUTISCHE_FASE,STUDIEKEUZE_CHECK_VAN_TOEPASSING,GEEN_VERSNELD_TRAJECT,0e0bba73-9b50-76e4-e063-6f2ba8c08759,0e0bba73-9b50-76e4-e063-6f2ba8c08759,114X284,Groene Loper,Eindhoven,Sustainable Energy Technology
107B451,Wageningen University,114A640,Wageningen University,OPLEIDING,1001O5637,50016,,NVAO,Communicatie en Life Sciences,Communication and Life Sciences,2006-09-01,,WO-BA,BACHELOR,180,6,6,GETUIGSCHRIFT,Wageningen Universiteit/ Wageningen University,Bachelor Communicatie en Life Sciences,,Bachelor Communicatie en Life Sciences,VOLTIJD,NLD,2006-09-01,,2023-09-01,,http://www.wur.nl/bcl,,,GEEN_DEFICIENTIES,GEEN_EISEN,GEEN_PROPEDEUTISCHE_FASE,STUDIEKEUZE_CHECK_VAN_TOEPASSING,GEEN_VERSNELD_TRAJECT,0ef5aada-c443-4b30-84a0-44ce7d9f54fa,0ef5aada-c443-4b30-84a0-44ce7d9f54fa,111X486,Droevendaalsesteeg,Wageningen,"In the BSc programme Communication and Life Sciences, students learn to apply insights from communication science to current societal issues, problems and challenges in life-science related topics. Graduates of the programme should be able to analyse the role of communication and media in processes of social change at individual, organisational and societal level. Based on this analysis, they are able to support the design of relevant communication interventions and strategies. The focus on communication in processes of change means that the BCL programme not only contains courses on theories of communication science and on communication practices and processes, but students are also introduced to relevant theories of the neighbouring social science disciplines social psychology, sociology, political science and public policy. This knowledge allows graduates to understand the role of communication in a broader context of social change and social intervention and leads to more effective designs and technologies in processes of social and organisational change in life-science-related domains.Students specialise in a life science domain of choice e.g. sustainability, health, climate change, natural resource management, urbanisation or food. The unique combination of education in communication science with solid knowledge in a life science domain allows students to explore life sciences issues through the lens of communication.   \nThis enables graduates to bridge the gap between different disciplines as well as between societal stakeholders and contribute to solving pressing societal problems."
107B451,Wageningen University,114A640,Wageningen University,OPLEIDING,1001O5641,50018,,NVAO,Gezondheid en Maatschappij,Health and Society,2005-09-01,,WO-BA,BACHELOR,180,6,6,GETUIGSCHRIFT,Wageningen Universiteit/ Wageningen University,Bachelor Gezondheid en Maatschappij,,Bachelor Gezondheid en Maatschappij,VOLTIJD,NLD,2005-09-01,,2023-09-01,,http://www.wur.nl/bgm,,,GEEN_DEFICIENTIES,GEEN_EISEN,GEEN_PROPEDEUTISCHE_FASE,STUDIEKEUZE_CHECK_VAN_TOEPASSING,GEEN_VERSNELD_TRAJECT,bd3b3624-ef42-4573-9950-9539e910799f,bd3b3624-ef42-4573-9950-9539e910799f,111X486,Droevendaalsesteeg,Wageningen,"Within the BSc programme Health and Society, students learn to understand what shapes health and health inequalities. Unique features of this program are the interdisciplinary social science approach, the focus on the interaction between people and their environment, and the focus on both risks and resources for health. Students learn to see health as more than the absence of disease. Health includes for example a sense of wellbeing and participation in meaningful activities. The programme views health as connected to larger societal and environmental issues, including sustainability, social justice biodiversity, and climate change.   \nThere are major differences in health outcomes between societies, but also between neighbourhoods in the same city, between people with different income or education levels, and between people of different ethnic backgrounds.   \nAn important theme in the programme is that of understanding the social, psychological, and behavioural determinants of health. These are the factors that influence health. Causes of health differences can be considered at different scales. The program considers the full range of micro, meso and macro level causes. When looking at the micro level, students learn to differentiate between individual lifestyles. At the meso level, the student can compare how groups of friends or nature and sporting facilities in neighbourhoods affect health. At the macro level, the program addresses factors such as health policy. By looking at a range of health determinants at different scales, it becomes clear that the way in which societies shape health is complex and dynamic.   \nEquipped with a solid understanding of the range of factors that shape health, students learn about and develop possible actions to improve health in different contexts. They learn to critically evaluate the impact of different interventions to improve health, but they also learn to design new and promising intervention strategies.   \nBy studying health using different scientific perspectives, students become familiar with social science disciplines, such as sociology, psychology, economics, communication and demography. These are complemented with relevant insights from the natural sciences."
107B451,Wageningen University,114A640,Wageningen University,OPLEIDING,1001O5656,50100,,NVAO,International Land and Water Management,International Land and Water Management,2002-09-01,,WO-BA,BACHELOR,180,6,6,GETUIGSCHRIFT,Wageningen Universiteit/ Wageningen University,Bachelor International Land and Water Management,,Bachelor International Land and Water Management,VOLTIJD,ENG,2002-09-01,,2023-09-01,,http://www.wur.nl/bil,,,GEEN_DEFICIENTIES,GEEN_EISEN,GEEN_PROPEDEUTISCHE_FASE,STUDIEKEUZE_CHECK_VAN_TOEPASSING,GEEN_VERSNELD_TRAJECT,5a82bb26-c36a-4c75-aca1-f54a337bbc01,5a82bb26-c36a-4c75-aca1-f54a337bbc01,111X486,Droevendaalsesteeg,Wageningen,"Sound land and water management is crucial in addressing global challenges such as poverty alleviation, food security, and the prevention or mitigation of climate change induced conflicts and disasters. Rooted in land and water management in agricultural contexts, students in the Bachelor's program International Land and Water Management learn about the complexities in land and water management in diverse cultural contexts across the globe and contribute, in a decolonial way, to alternative ways of management in close cooperation with relevant stakeholders. The program focuses on the inter-linkages between abstract theories from different disciplines and actual land and water management practices in the field. Students are equipped with the necessary competences in land and water management, preparing them either for advanced study in a related master's program or for entry level positions (often through a traineeship) in the professional field."
107B451,Wageningen University,114A640,Wageningen University,OPLEIDING,1001O5657,50101,,NVAO,Economie en Beleid,Economics and Governance,2004-09-01,,WO-BA,BACHELOR,180,6,6,GETUIGSCHRIFT,Wageningen Universiteit/ Wageningen University,Bachelor Economie en Beleid,,Bachelor Economie en Beleid,VOLTIJD,NLD,2004-09-01,,2023-09-01,,http://www.wur.nl/beb,,,GEEN_DEFICIENTIES,GEEN_EISEN,GEEN_PROPEDEUTISCHE_FASE,STUDIEKEUZE_CHECK_VAN_TOEPASSING,GEEN_VERSNELD_TRAJECT,8c97e2eb-5700-48d3-876d-7cef63ab71fd,8c97e2eb-5700-48d3-876d-7cef63ab71fd,111X486,Droevendaalsesteeg,Wageningen,"The domain of Wageningen UR relates to food and food production, the living environment and health, lifestyles and livelihoods. Economics in this domain takes certain specific features of it into account, including our dependence on nature and the uncertainties this brings with it, our need for access to food and water, spatial considerations, and the failures of the market as a mechanism for allocation and distribution. This brings governance issues to the fore, the more so in view of the numerous policy interventions in this domain and the role of civil society groups. Economics in Wageningen therefore focuses on other social institutions than the market, and with a feel for the technical and nature-related aspects of the domain. It has built up a tradition of economic research of direct relevance to public policy, both national and international.   \nThe BSc programme Economics and Governance covers the general principles of economics as well as offering specialized courses in economics and governance tailored to issues in agriculture, the environment, natural resources and development, both in Europe and elsewhere. Graduates distinguish themselves as economists by their real-world focus, their feel for multi-disciplinary approaches, and their sense of responsibility to ensure their work contributes to the quality of life."
107B451,Wageningen University,114A640,Wageningen University,OPLEIDING,1001O5780,55001,,NVAO,Tourism (joint degree),Tourism (joint degree),2011-09-01,,WO-BA,BACHELOR,180,6,6,GETUIGSCHRIFT,Wageningen Universiteit/ Wageningen University,Bachelor's Tourism (joint degree),,Bachelor's Tourism (joint degree),VOLTIJD,NLD,2011-09-01,,2023-09-01,,http://www.wur.nl/bto,,,GEEN_DEFICIENTIES,GEEN_EISEN,GEEN_PROPEDEUTISCHE_FASE,STUDIEKEUZE_CHECK_VAN_TOEPASSING,GEEN_VERSNELD_TRAJECT,9d7ec0ba-2e49-4c7b-a244-c3b0a10c3270,9d7ec0ba-2e49-4c7b-a244-c3b0a10c3270,113X606,Mgr. Hopmansstraat,Breda,"The BSc programme in Tourism is a collaborative endeavour of Breda University of Applied Sciences (BUas) and Wageningen University (WU). For this joint programme, which is taught completely in English, education is being provided in Breda (1st and 2nd year) and Wageningen (3rd year). The societal importance of tourism has grown significantly over the last decades and its contribution to the global economy is well documented: for 2020 1,4 billion international tourist arrivals were calculated, tourism accounts for 10% of the world's Gross Domestic Product and 1 out of 10 jobs worldwide is related to tourism. But tourism is more than a generator of the world's economy. It is an agent of change. It is closely connected and intertwined with major global changes in culture, politics, technology, the economy and the environment and can contribute to the solution of complex problems in contemporary societies. It affects the quality of life and social well-being of individuals and regions and plays an important role in community, regional and urban development. In this programme the tourism phenomenon is studied from three closely related perspectives that continuously interact with one another: the social sciences, the economic sciences and the environmental sciences. These perspectives coincide with the three pillars of sustainability: people, planet and prosperity. To contribute truly to integrated solutions for the global political, financial, climate and health crises sustainability and resilience are the leading principles of both BUas and WU and are a powerful rational for partnering in this joint programme."
107B451,Wageningen University,114A640,Wageningen University,OPLEIDING,1001O5876,56283,,NVAO,Environmental Sciences,Environmental Sciences,2002-09-01,,WO-BA,BACHELOR,180,6,6,GETUIGSCHRIFT,Wageningen Universiteit/ Wageningen University,Bachelor's Environmental Sciences,,Bachelor's Environmental Sciences,VOLTIJD,ENG,2002-09-01,,2023-09-01,,http://www.wur.nl/bmw,,,GEEN_DEFICIENTIES,GEEN_EISEN,GEEN_PROPEDEUTISCHE_FASE,STUDIEKEUZE_CHECK_VAN_TOEPASSING,GEEN_VERSNELD_TRAJECT,c71f245e-cfef-4fac-b4a4-838ef94997fd,c71f245e-cfef-4fac-b4a4-838ef94997fd,111X486,Droevendaalsesteeg,Wageningen,"The Environmental Sciences BSc programme covers environmental and sustainability issues, i.e. problems caused by the interaction of human systems and Earth systems. Environmental sciences are applied in the detection and analysis of (potential) problems, but also in the design, development and evaluation of solutions to these problems. Environmental and sustainability issues have societal causes and consequences that are linked through physical, chemical, and biological processes that operate on planet Earth. Their scientific study therefore requires knowledge and understanding of the terminology, principles, and methods of both natural and social sciences. In the common part, students get a solid foundation in natural sciences and mathematics, become familiar with the most important disciplinary approaches to environmental issues, are trained in interdisciplinary problem-oriented research, develop academic skills in an environmental context, and acquire international experience. In their specialisation, they can zoom in on environmental social sciences, natural sciences or technology, according to their interest and aptitude.  \nThe programme offers a choice between three specialisations:  \n- Environmental Policy and Economics, focusing on the societal causes of environmental and sustainability issues, and on socio-political arrangements and economic instruments for prevention and control;  \n- Environmental Quality and Systems Analysis, focusing - within a systems approach framework - on the processes in and between the environmental compartments soil, water, and air that determine the fate of contaminants and their effects on organisms and ecosystems;  \n- Environmental Technology, focusing on the application of biological, physical, and chemical processes in techniques aimed at improving environmental quality, preventing or controlling emissions, and recovering valuable resources for reuse.  \nFree space in the third year allows the students to create a distinct profile for themselves, enhance their international experience, or become acquainted with other fields of study."
107B451,Wageningen University,114A640,Wageningen University,OPLEIDING,1001O6075,56831,,NVAO,Agrotechnologie,Biosystems Engineering,2002-09-01,,WO-BA,BACHELOR,180,6,6,GETUIGSCHRIFT,Wageningen Universiteit/ Wageningen University,Bachelor Agrotechnologie,,Bachelor Agrotechnologie,VOLTIJD,NLD,2002-09-01,,2023-09-01,,http://www.wur.nl/bat,,,GEEN_DEFICIENTIES,GEEN_EISEN,GEEN_PROPEDEUTISCHE_FASE,STUDIEKEUZE_CHECK_VAN_TOEPASSING,GEEN_VERSNELD_TRAJECT,6c49d7f1-0b98-4704-88a1-55ee7b5c3c93,6c49d7f1-0b98-4704-88a1-55ee7b5c3c93,111X486,Droevendaalsesteeg,Wageningen,"Biosystems Engineering is a multi-disciplinary academic programme that fulfils the needs of mankind in terms of sustainable food, feed, fuels, fibres and chemicals. The Biosystems Engineering bachelor programme prepares students to address aspects of the question ""How to sustainably feed 10 billion people in 2050?"".  \nKnowing how a system behaves and performs is based on models; this requires a solid foundation in mathematics, statistics and physics. From day one students learn to adopt systems thinking: they learn to identify the different functions in a biosystem as well as the engineering aspects of technology that fulfil these functions. Systems engineering, sensing, data collection and (statistical) data analysis, modelling, control and information engineering form the engineering basis. Solutions should also meet the needs of society. Students therefore acquire a fundamental knowledge and understanding of the interaction between technology and society or economics. Biosystems Engineering addresses challenges arising in systems or a chain of systems containing living organisms and products that are perishable, ripening and subject to decay. So it investigates, develops and combines knowledge and methods from technical sciences with biological, environmental, agricultural and social sciences. To address such complex problems teamwork is necessary. Therefore students learn how to work in teams and to communicate effectively."
107B451,Wageningen University,114A640,Wageningen University,OPLEIDING,1001O6085,56835,,NVAO,Plantenwetenschappen,Plant Sciences,2002-09-01,,WO-BA,BACHELOR,180,6,6,GETUIGSCHRIFT,Wageningen Universiteit/ Wageningen University,Bachelor Plantenwetenschappen,,Bachelor Plantenwetenschappen,VOLTIJD,NLD,2002-09-01,,2023-09-01,,http://www.wur.nl/bpw,,,GEEN_DEFICIENTIES,GEEN_EISEN,GEEN_PROPEDEUTISCHE_FASE,STUDIEKEUZE_CHECK_VAN_TOEPASSING,GEEN_VERSNELD_TRAJECT,82cea61d-2093-4d3e-8196-48872cae74d3,82cea61d-2093-4d3e-8196-48872cae74d3,111X486,Droevendaalsesteeg,Wageningen,"Central to the domain of plant sciences are the relations between plants and their environment, with a fundamental and applied perspective on global food security, biodiversity and climate change adaptation. Through photosynthesis, plants convert sunlight into biomass, making them an inexhaustible source of food and renewable resources.  \nMore than ever, studying plant sciences requires the ability to deal with dynamics and complexity at different scales, from molecules, cells and organisms, to populations, and agro-ecosystems. In the bachelor Plant Sciences, you learn to combine fundamental knowledge of ecology, physiology, genetics, molecular biology, biodiversity, agronomy, plant breeding and plant pathology. Additionally, you learn to apply this knowledge for food production, human health, bio-based resources, and a green environment. This will give you a strong basis in all domains of plant sciences.  \nThe bachelor Plant Sciences has a research-oriented approach. Each year, you apply knowledge and skills to design experiments and carry out a research plan on a plant sciences topic. By setting up your own experiments you learn academic skills that are applicable in a broad range of professions. This includes skills such as information literacy, writing and presenting, experimental design and research, data science and modelling, scientific argumentation, critical self-reflection, and teamwork.  \nThe broad common core prepares you for the programme's two specialisations: (A) Plant Genomics and Health, (B) Plant Production and Ecology.  \n(A) Plant Genomics and Health focuses on processes that occur in the plant on a cellular and molecular level. Plants are important for a healthy diet as they provide carbohydrates, lipids, amino acids, micronutrients (vitamins and minerals) and phytonutrients such as antioxidants. Consequently, healthy plants are important for global food security. Specialized plant metabolites play a role in natural interactions between plants and (micro-) organisms. These molecular interactions determine the plant's defense system and the symbiosis between plants and soil-based microbes. Plants also respond to abiotic factors in their environment. Light, drought and salt can change molecular signalling pathways to induce stress tolerance in plants, which is important to improve plant resilience. In the courses of this specialisation, you learn to apply molecular biology techniques and bioinformatics to investigate molecular plant-environment interactions, and to develop plants with enhanced nutritional or pharmaceutical value through gene editing. This specialisation prepares for the MSc Plant Sciences and the MSc Plant Biotechnology.  \n(B) Plant Production and Ecology aims at the ecological interactions between plants and enviro"
107B451,Wageningen University,114A640,Wageningen University,OPLEIDING,1001O6086,56836,,NVAO,Bedrijfs- en Consumentenwetenschappen,Business and Consumer Studies,2002-09-01,,WO-BA,BACHELOR,180,6,6,GETUIGSCHRIFT,Wageningen Universiteit/ Wageningen University,Bachelor Bedrijfs- en Consumentenwetenschappen,,Bachelor Bedrijfs- en Consumentenwetenschappen,VOLTIJD,NLD,2002-09-01,,2023-09-01,,http://www.wur.nl/bbc,,,GEEN_DEFICIENTIES,GEEN_EISEN,GEEN_PROPEDEUTISCHE_FASE,STUDIEKEUZE_CHECK_VAN_TOEPASSING,GEEN_VERSNELD_TRAJECT,a3d9dae9-3881-48fb-95e1-c01c262ce10d,a3d9dae9-3881-48fb-95e1-c01c262ce10d,111X486,Droevendaalsesteeg,Wageningen,"The focus of the BSc Programme Management and Consumer studies is on the managerial, economic, environmental, and social aspects of the production and consumption of food and other fast moving consumer goods within households and businesses in a sustainable and dynamic environment. Business, operations, and information management, Business economics, Sociology, and Consumer Behaviour are the main disciplines from which the central themes are studied. After introductory and intermediate courses the student has to choose one of the two majors. Within the major 'Business Studies', the focus is on management processes from a strategic, organizational, marketing and financial point of view. Within the major 'Consumer Studies' the focus is on household decision-making, buying and consumption behaviour, and communication between consumers and organizations.  \nStudents have the possibility to study at one of European or American partner universities for part of their bachelor, if they are selected. Contact the study advisor for more information."
107B451,Wageningen University,114A640,Wageningen University,OPLEIDING,1001O6087,56837,,NVAO,Internationale Ontwikkelingsstudies,International Development Studies,2002-09-01,,WO-BA,BACHELOR,180,6,6,GETUIGSCHRIFT,Wageningen Universiteit/ Wageningen University,Bachelor Internationale Ontwikkelingsstudies,,Bachelor Internationale Ontwikkelingsstudies,VOLTIJD,NLD,2002-09-01,,2023-09-01,,http://www.wur.nl/bin,,,GEEN_DEFICIENTIES,GEEN_EISEN,GEEN_PROPEDEUTISCHE_FASE,STUDIEKEUZE_CHECK_VAN_TOEPASSING,GEEN_VERSNELD_TRAJECT,033ba99f-0891-47ee-9c22-d48254149af9,033ba99f-0891-47ee-9c22-d48254149af9,111X486,Droevendaalsesteeg,Wageningen,"The BSc programme International Development Studies addresses worldwide social transformation processes related to livelihoods, agro-food networks and the environment within a dynamic international context. The programme delivers graduates who are able to study these transformation processes in a comparative perspective and at different levels (local, regional, national and international). Special attention is given to inclusion and exclusion processes, equity and unequal access to resources. The main disciplines through which students approach international development in the programme are sociology, economics, communication science, and governance studies. After a common part that gives students a multidisciplinary basis in international development studies, they specialise by choosing one of the specializations, in addition to free-choice/minor courses."
107B451,Wageningen University,114A640,Wageningen University,OPLEIDING,1001O6094,56841,,NVAO,Biotechnologie,Biotechnology,2002-09-01,,WO-BA,BACHELOR,180,6,6,GETUIGSCHRIFT,Wageningen Universiteit/ Wageningen University,Bachelor Biotechnologie,,Bachelor Biotechnologie,VOLTIJD,NLD,2002-09-01,,2023-09-01,,http://www.wur.nl/bbt,,,GEEN_DEFICIENTIES,GEEN_EISEN,GEEN_PROPEDEUTISCHE_FASE,STUDIEKEUZE_CHECK_VAN_TOEPASSING,GEEN_VERSNELD_TRAJECT,d41d11c9-defb-4ddc-ba36-121833f4c471,d41d11c9-defb-4ddc-ba36-121833f4c471,111X486,Droevendaalsesteeg,Wageningen,"The BSc programme Biotechnology focuses on application-oriented integration of biological disciplines and process engineering. Cells, proteins or tissues are used for analytical or production aims.   \nIntegration of genetics, (bio-)chemistry, microbiology, cell and molecular biology as well as process technology (including process engineering and design) yields a powerful concept for the development of sustainable bio catalytic production processes."
107B451,Wageningen University,114A640,Wageningen University,OPLEIDING,1001O6102,56848,,NVAO,Landschapsarchitectuur en ruimtelijke planning,Landscape Architecture and Planning,2002-09-01,,WO-BA,BACHELOR,180,6,6,GETUIGSCHRIFT,Wageningen Universiteit/ Wageningen University,Bachelor Landschapsarchitectuur& Ruimtelijke Planning,,Bachelor Landschapsarchitectuur& Ruimtelijke Planning,VOLTIJD,NLD,2002-09-01,,2023-09-01,,http://www.wur.nl/blp,,,GEEN_DEFICIENTIES,GEEN_EISEN,GEEN_PROPEDEUTISCHE_FASE,STUDIEKEUZE_CHECK_VAN_TOEPASSING,GEEN_VERSNELD_TRAJECT,b648c0d7-7d11-40b8-b0fc-36fef3654dbd,b648c0d7-7d11-40b8-b0fc-36fef3654dbd,111X486,Droevendaalsesteeg,Wageningen,"BSc Landscape Architecture and Planning (BLP) students study the planning, design and governance of landscapes at various scales. The programme is grounded in learning landscape processes as a basis of planning and design with critical academic reflection on both process and outcomes. The programme takes a critical stance on the practice of humankind's conscious shaping of the environment. This involves recurrent planning, design and management of landscapes to create, maintain, protect and enhance places to be functional, beautiful, sustainable, and appropriate for diverse human, non-human and ecological needs.\n\nThe programme focuses on the rural and urban landscapes of the Netherlands and Europe in a dynamic context of cultural, ecological, technological, economic and political transformation. As the landscapes we use today are the product of the multi-faceted interactions between people and nature, students learn to comprehend this complex relationship by integrating concepts and approaches stemming from the natural and social sciences and the creative arts. The programme embraces design creativity and academic rigor by combining professional knowledge of landscape design and spatial planning with the ability to conduct research in a scholarly, critical and reflective perspective.\n\nThe breadth of the common part of the programme allows students to choose one of two specializations at the end of their first year. After this point, while students gain depth in their specializations, they also take integrated courses in which the different specialisations merge. The programme has two specialisations: (A) Landscape Architecture and (B) Spatial Planning.\n\n*Common part*\n\nThe common part comprises a range of foundational courses in the social and natural sciences, including soil/water science, ecology, geo-information systems, human geography, landscape engineering, land-use economics and politics. The aim of these courses is to provide a foundation in various scientific disciplines to allow students to apply this knowledge during the design/planning process. While students specialize in either landscape architecture or spatial planning from year two onwards, they continue working together on assignments that reflect real-life working practices."
107B451,Wageningen University,114A640,Wageningen University,OPLEIDING,1001O6103,56849,,NVAO,Animal Sciences,Animal Sciences,2002-09-01,,WO-BA,BACHELOR,180,6,6,GETUIGSCHRIFT,Wageningen Universiteit/ Wageningen University,Bachelor's Animal Sciences,,Bachelor's Animal Sciences,VOLTIJD,ENG,2002-09-01,,2023-09-01,,http://www.wur.nl/bdw,,,GEEN_DEFICIENTIES,GEEN_EISEN,GEEN_PROPEDEUTISCHE_FASE,STUDIEKEUZE_CHECK_VAN_TOEPASSING,GEEN_VERSNELD_TRAJECT,b0cafb91-3150-44d8-9669-b8ecdc7178ef,b0cafb91-3150-44d8-9669-b8ecdc7178ef,111X486,Droevendaalsesteeg,Wageningen,"The BSc programme Animal Sciences is an international academic programme in applied animal biology. The programme is directed to all types of domesticated animals such as livestock (farm animals, mainly cattle, pigs and poultry), fish (including fisheries), companion animals (horses, dogs and cats) and zoo-animals, in any function for human use and well-being. Examples of such functions are food production, companionship, sports, processing of waste, nature conservation and educational and recreational purposes. The programme is disciplinary oriented and focuses on aspects such as animal health and welfare, genetics, nutrition, environmental and animal ethics issues. Students are particularly trained to become aware of the need for multidisciplinary approaches in animal sciences. All education is in English.  \n\nThe objective of the programme is to educate academic professionals who are able to explore sustainable development options for complex, society driven problems of a wide range of animal husbandry systems. Development of such systems is constrained by technical factors (such as feed supply, animal health, level of management or genetic diversity) and by infra-structural, ecological and socio-economic factors. E.g. animal-human interactions become increasingly important in high-income developed countries, whereas food security in terms of animal protein is still key issue in developing countries worldwide.  \n\nAnimal health and welfare play a key role in this field, focusing on the effects of the environment (housing, nutrition and management) on physiological (e.g. the immunological status) and behavioural responses of an individual or groups of animals. Animal breeding plays an integral role in ensuring genetic (bio)diversity and disease resistance, by means of quantitative, biological and molecular techniques.   \n\nAll of these aspects are covered in two specialisations. The specialisation Animal Management and Care has a focus on how to manage the animals we care for in terms of reproduction, nutrition, housing and the impact the (human) environment has on animal behaviour, growth and well-being. The focus lies on the animal in its environment and society. The specialisation Biological Functioning of Animals has a more physiological focus. In this specialisation you need sophisticated molecular techniques to unravel the why and how of physiological responses. Students complete their specialisation with a BSc thesis, a short research project that aims to integrate all (disciplinary) knowledge and skills of the previous years.   \n\nIn the third year of the BSc programme there is an option to study one semester abroad by going on Erasmus exchange at partner universities all over the world. Students could also take part in the Broaden your Horizon"
107B451,Wageningen University,114A640,Wageningen University,OPLEIDING,1001O6120,56860,,NVAO,Biologie,Biology,2002-09-01,,WO-BA,BACHELOR,180,6,6,GETUIGSCHRIFT,Wageningen Universiteit/ Wageningen University,Bachelor Biologie,,Bachelor Biologie,VOLTIJD,NLD,2002-09-01,,2023-09-01,,biologyportal.wur.nl,,,GEEN_DEFICIENTIES,GEEN_EISEN,GEEN_PROPEDEUTISCHE_FASE,STUDIEKEUZE_CHECK_VAN_TOEPASSING,GEEN_VERSNELD_TRAJECT,5ce23bf5-a164-40ec-860d-9a9e658b2ee1,5ce23bf5-a164-40ec-860d-9a9e658b2ee1,111X486,Droevendaalsesteeg,Wageningen,"The 21st century has been called the ""Age of Biology."" Advances in understanding of biological systems, from cells to biomes, drive our society forward. These advances are also central to global concerns about how we affect, and are affected by, our natural environment.   \n\nIn the BSc Biology programme, you will learn about all aspects of life at different organisational levels from cellular processes influenced by highly specific molecular interactions to ecosystem dynamics driven by diffuse and globally interconnected climate characteristics. You will learn that all biological processes, which are the products of evolution, have distinct functions: small change can reverberate and potentially impact the whole planet. Moreover, you will learn about the adaptability of life. This adaptability can be harnessed by humans to solve current problems, and potentially future ones, if the complex interplay between biological processes at different scales is well understood.   \n\nAs a Biology student, you will study the function and interconnectivity of biological processes across scales. Additionally, you learn the fundamentals of science more generally, including math, physics, and chemistry. Knowledge of these disciplines will contribute to your understanding of biomolecules, cells, complete organisms and ecosystems. The BSc Biology programme ensures that your technical vocabulary, your familiarity with mechanisms and model organisms, and your quantitative skills are all well developed. Hypothesis testing, statistical analyses, modelling, and programming are all presented in a way that enables you to understand current trends in biological research. Biology is a broad BSc programme rooted in fundamental science but with many direct links to applied research in an array of life science domains.   \n\nYou will gain laboratory and fieldwork skills. In this way, you will experience what different types of biological researchers actually do, and gain insights into their perspectives on the living world.   \n\nYour general academic skills will also develop. You will learn to give effective presentations, write scientific papers, and collaborate with fellow students in ways that maximize the value of your team and your teammates. Your opportunities to present, write, and collaborate within different courses will be unified through a skills trajectory. This trajectory, and its associated portfolio, enables you to set goals and to reflect on and improve your performance.   \n\nThe breadth of the common part of the programme will help you to identify what aspects of biology interest you the most and will stimulate you to consider possible career paths that can build on this passion. Upon completion of the common part of the programme, you will choose courses to specialize "
107B451,Wageningen University,114A640,Wageningen University,OPLEIDING,1001O6124,56868,,NVAO,Voeding en Gezondheid,Nutrition and Health,2002-09-01,,WO-BA,BACHELOR,180,6,6,GETUIGSCHRIFT,Wageningen Universiteit/ Wageningen University,Bachelor Voeding en Gezondheid,,Bachelor Voeding en Gezondheid,VOLTIJD,NLD,2002-09-01,,2023-09-01,,http://www.wur.nl/bvg,,,GEEN_DEFICIENTIES,GEEN_EISEN,GEEN_PROPEDEUTISCHE_FASE,STUDIEKEUZE_CHECK_VAN_TOEPASSING,GEEN_VERSNELD_TRAJECT,90cd79fe-16df-43ec-a331-59ee7611b0ac,90cd79fe-16df-43ec-a331-59ee7611b0ac,111X486,Droevendaalsesteeg,Wageningen,"The domain of the BSc programme Nutrition and Health is the role of dietary and life style factors in human health and disease. This role is studied from a biomedical perspective, from population-level down to the molecular level. Human nutrition is a multidisciplinary field of expertise. In order to address the problems in the field of nutrition and health, (bio)chemical characteristics, physiological and biomedical aspects, as well as the social and behavioural context of diet and nutrition need to be considered together with their intricate interrelationships."
107B451,Wageningen University,114A640,Wageningen University,OPLEIDING,1001O6167,56968,,NVAO,"Soil, Water, Atmosphere","Soil, Water, Atmosphere",2002-09-01,,WO-BA,BACHELOR,180,6,6,GETUIGSCHRIFT,Wageningen Universiteit/ Wageningen University,Bachelor's Earth System Sciences,,Bachelor's Earth System Sciences,VOLTIJD,ENG,2002-09-01,,2023-09-01,,http://www.wur.nl/bbw,,,GEEN_DEFICIENTIES,GEEN_EISEN,GEEN_PROPEDEUTISCHE_FASE,STUDIEKEUZE_CHECK_VAN_TOEPASSING,GEEN_VERSNELD_TRAJECT,3cb0ff99-11d9-4cc5-864f-8adfc16fd1b6,3cb0ff99-11d9-4cc5-864f-8adfc16fd1b6,111X486,Droevendaalsesteeg,Wageningen,"The BSc programme Soil, Water, Atmosphere is a programme in the domain of Earth Sciences and focuses on the outer Earth's crust and the atmosphere in relation to their significance to mankind. It focuses on the structures and patterns found at the Earth's surface and on the physical, chemical and biological processes operating within and between the lithosphere, the pedospere, the hydrosphere, the atmosphere, and the biosphere at various spatial and temporal levels. In addition, Soil, Water, Atmosphere deals with the impact of human activities on the Earth and with sustainability issues on the Earth's surface and atmosphere.   \nThe education offered in the programme aims to pass on knowledge, skills and academic attitude that enable its students to recognize, analyse and answer questions in the interrelated fields of soil, water and atmosphere. During the first two years of the programme, students acquire comprehensive knowledge of soil, water and atmosphere and thorough knowledge of mathematics, physics and chemistry. The programme has a distinctly integrative approach and is unique in its focus on the interaction between the environment and humans. Fieldwork, excursions, and other forms of practical instruction (e.g. lab practicals as well as modelling practicals ) make up an important part of the programme. In the third year, students may choose from a number of advanced courses in the fields of soil, water and atmosphere. Half a year of optional courses makes it possible for students to broaden or deepen their knowledge in or beyond the domain of soil, water or atmosphere, include a minor (a.o. the education minor for physics, math and geography), or prepare for various master's degree programmes. The programme is concluded with an individual thesis."
107B451,Wageningen University,114A640,Wageningen University,OPLEIDING,1001O6168,56973,,NVAO,Food Technology,Food Technology,2002-09-01,,WO-BA,BACHELOR,180,6,6,GETUIGSCHRIFT,Wageningen Universiteit/ Wageningen University,Bachelor's Food Technology,,Bachelor's Food Technology,VOLTIJD,ENG,2002-09-01,,2023-09-01,,http://www.wur.nl/blt,,,GEEN_DEFICIENTIES,GEEN_EISEN,GEEN_PROPEDEUTISCHE_FASE,STUDIEKEUZE_CHECK_VAN_TOEPASSING,GEEN_VERSNELD_TRAJECT,d1eaeda8-1e1d-4e33-adf1-73704cd48e00,d1eaeda8-1e1d-4e33-adf1-73704cd48e00,111X486,Droevendaalsesteeg,Wageningen,"The BSc programme Food Technology is designed to provide the student with a broad knowledge of all aspects of Food Science and Technology and related disciplines. The food technology bachelor has the capacity and skills to enter the MSc Food Technology, the MSc Food Safety or the MSc Food Quality Management."
107B451,Wageningen University,114A640,Wageningen University,OPLEIDING,1001O6222,59304,,NVAO,Moleculaire Levenswetenschappen,Molecular Life Sciences,2007-09-01,,WO-BA,BACHELOR,180,6,6,GETUIGSCHRIFT,Wageningen Universiteit/ Wageningen University,Bachelor Moleculaire Levenswetenschappen,,Bachelor Moleculaire Levenswetenschappen,VOLTIJD,NLD,2007-09-01,,2023-09-01,,http://www.wur.nl/bml,,,GEEN_DEFICIENTIES,GEEN_EISEN,GEEN_PROPEDEUTISCHE_FASE,STUDIEKEUZE_CHECK_VAN_TOEPASSING,GEEN_VERSNELD_TRAJECT,ce928325-faf8-4029-8957-0105cb1989a7,ce928325-faf8-4029-8957-0105cb1989a7,111X486,Droevendaalsesteeg,Wageningen,"Being a 'University for Life Sciences', Wageningen University is concerned with the improvement of the quality of life. Research and educational programmes aimed at improving the quality of life can be done on different levels of integration. Chemistry, biology and physics play a key role in many of these research and educational programmes that are further grouped in various 'University for Life Sciences' domains. In some programmes the natural sciences are used in a more applied sense and in others, including Molecular Life Sciences, in a more fundamental sense, i.e. the focus is on molecules and their chemical and physical properties in relation to the environment where they occur. The BSc programme Molecular Life Sciences of Wageningen University provides students with a spectrum of professional and personal competencies needed to work under supervision of an academic scientist (MSc Level) in fields related to fundamental molecular aspects of the 'University for Life Sciences' domains. The main goal of the BSc programme Molecular Life Sciences is that it prepares for a master programme. The programme also provides domain specific knowledge to become a licensed secondary school teacher in chemistry. For the latter a supplementary training in pedagogical and didactic aspects of teaching is required, which can be achieved in post graduate education.   \nMission statement 'To develop the potential of students to extend molecular life sciences'."
107B451,Wageningen University,114A640,Wageningen University,OPLEIDING,1001O8838,50859,,NVAO,Marine Sciences,Marine Sciences,2023-09-01,,WO-BA,BACHELOR,180,6,6,GETUIGSCHRIFT,Wageningen Universiteit/ Wageningen University,Bachelor Marine Sciences,,Bachelor Marine Sciences,VOLTIJD,ENG,2023-09-01,,2023-09-01,,,,,GEEN_DEFICIENTIES,GEEN_EISEN,GEEN_PROPEDEUTISCHE_FASE,STUDIEKEUZE_CHECK_VAN_TOEPASSING,GEEN_VERSNELD_TRAJECT,9bde9a6f-2a0d-4027-baf7-fa310c2d7e6a,9bde9a6f-2a0d-4027-baf7-fa310c2d7e6a,111X486,Droevendaalsesteeg,Wageningen,"Marine systems, including the worlds seas, oceans and coasts, are essential for supporting life on Earth. At the same time, increased demands are being made on the marine environment to produce sustainable volumes of food, provide seascapes for leisure and tourism, contribute to growing sustainable energy demands, deliver a range of non-renewable mineral resources and regulate growing climate variability. Combined these demands are linking marine systems to other global systems, including food, energy and biodiversity. To meet these multiple demands and contribute to wider societal transitions, new ways of knowing, using and ultimately governing marine systems are needed that rely on integrated knowledge from a range of social and natural science disciplines. The BSc Marine Sciences provides such knowledge and the capacity to positively contribute to sustainable marine ecosystems, societies and economies.  \n\nThe objective of the BSc Marine Sciences is to educate internationally oriented bachelor students with interdisciplinary knowledge and skills on marine socio-ecological systems. They will be able to carry out scientific research on the social, economic, biological and biophysical processes, and based on this research, evaluate and design innovative and integrated solutions for the challenges faced in marine socio-ecological systems. Furthermore, they will be reflective and innovative thinkers who can collaborate, cross boundaries and act as agents of change in their future careers. The program will also enable students to develop the skills necessary for shaping their own academic and professional career paths. On completion of the bachelor program, they will be admissible for a range of disciplinary or interdisciplinary master programs in the domains of biosciences, environmental sciences and social sciences."
107B451,Wageningen University,114A640,Wageningen University,OPLEIDING,1016O1728,59026,,NVAO,Data Science for Global Challenges,Data Science for Global Challenges,2025-09-01,,WO-BA,BACHELOR,180,6,6,GETUIGSCHRIFT,Wageningen Universiteit/ Wageningen University,Bachelor's Data Science for Global Challenges,,Bachelor's Data Science for Global Challenges,VOLTIJD,NLD,2025-09-01,,2025-09-01,,,,,GEEN_DEFICIENTIES,GEEN_EISEN,GEEN_PROPEDEUTISCHE_FASE,STUDIEKEUZE_CHECK_VERPLICHT,GEEN_VERSNELD_TRAJECT,b80cca66-4d2f-414c-a4ed-7b3e2ad60645,b80cca66-4d2f-414c-a4ed-7b3e2ad60645,111X486,Droevendaalsesteeg,Wageningen,"The objective of the BSc Data Science for Global Challenges is to educate students to build bridges between data science and life sciences and thereby contribute to solutions to global challenges. Think about food security, human health, climate change.\n\nThe programme is interdisciplinary and is characterised by the integration of data science knowledge and skills with an understanding of the domains agri-food, health and environment. Graduates of this programme speak both the language of content experts in life sciences and the language of computer scientists and data specialists. This enables them to contribute to solutions to challenges in the life sciences using data science methodologies and, vice versa, to contribute to the further development of data science methodologies based on developments and issues in life sciences.\n\nDuring the BSc Data Science for Global Challenges programme, students develop state-of-art data science knowledge and skills on the one hand, and they learn the key concepts of life sciences on the other hand. To be able to interconnect the domains of agri-food, health and environment with data science they will develop unique skills and the attitude of a bridge builder.\n\nA bridge builder in the context of this bachelor programme is someone with the following characteristics. They are comfortable with speaking both the language of data scientists and life scientists. They possess strong knowledge both in data science and AI quantitative methods and techniques and disciplinary knowledge and skills. The depth of data science and AI and disciplinary knowledge may differ per student, but a minimal level of both data science and domain knowledge defined by the programme learning outcomes must be met. It is important to empathize with the interests and concerns of life scientists in data science and the other way around (i.e. data scientists interests and concerns in life sciences)\n\nFurthermore, a bridge builder promotes 'technology pull' based on requirements coming from the application fields. They understand the potential added value of data-driven solutions in life sciences and are able to convince stakeholders of this. They also think and act interdisciplinarily, integrating perspectives or insights through interaction. The didactical implementation of this profile is explained in the educational principles and methods."
107B451,Wageningen University,114A640,Wageningen University,VARIANT,1016O0967,,56219,NVAO,Bachelor Bos- en Natuurbeheer,Bachelor Bos- en Natuurbeheer,,,WO-BA,BACHELOR,180,6,6,GETUIGSCHRIFT,Wageningen Universiteit/ Wageningen University,Bachelor Bos- en Natuurbeheer,,Bachelor Bos- en Natuurbeheer,VOLTIJD,NLD,2002-09-01,,2023-09-01,,http://www.wur.nl/bbn,,,GEEN_DEFICIENTIES,GEEN_EISEN,GEEN_PROPEDEUTISCHE_FASE,STUDIEKEUZE_CHECK_VAN_TOEPASSING,GEEN_VERSNELD_TRAJECT,06553018-af59-4c64-9c76-6891c87bdaa8,06553018-af59-4c64-9c76-6891c87bdaa8,111X486,Droevendaalsesteeg,Wageningen,"The point of departure for the Forest and Nature Conservation programme is the strong conviction that ecological and social sciences are equally important for optimal conservation, protection and management of natural resources and species populations. Students need to achieve both a profound understanding of the ecological functioning of ecosystems and populations, as well of the social, economic and political context in which these systems and populations exist. Our programme provides a thorough academic training, focusing on theories related to the ecology and biology of natural and semi-natural ecosystems and populations, and the social and political forces that ultimately lead to decisions in their use and management.   \nForest and Nature Conservation, both as a scientific and professional activity is at the centre of the three core areas of the Wageningen UR domain: Natural Resources and Living Environment; Society and Well-being; Food, Feed and Biobased Production. Resource use and conservation affects people's livelihoods and the provision of food, biomass and other ecosystem services, and ultimately the quality of life.   \nStudents study in an increasingly international academic setting, and acquire a basic understanding of the characteristics and functioning of ecosystems and social systems. Students develop knowledge and skills that prepare them for the next stage of their academic career; the master's programme or, depending on the minor, the professional field. Students can follow a major within one of two subdomains: Ecology and Conservation, or Policy and Society. Within each major, explicit attention is paid to the inherent multidisciplinarity of the domain of Forest and Nature Conservation."
107B451,Wageningen University,114A640,Wageningen University,VARIANT,1016O0968,,56219,NVAO,Bachelor Bos- en Natuurbeheer DD-SLU,Bachelor Bos- en Natuurbeheer DD-SLU,,,WO-BA,BACHELOR,180,6,6,GETUIGSCHRIFT,Wageningen Universiteit/ Wageningen University,Bachelor Bos- en Natuurbeheer DD-SLU,,Bachelor Bos- en Natuurbeheer DD-SLU,VOLTIJD,NLD,2024-09-01,,2024-09-01,,,,,GEEN_DEFICIENTIES,GEEN_EISEN,GEEN_PROPEDEUTISCHE_FASE,STUDIEKEUZE_CHECK_VAN_TOEPASSING,GEEN_VERSNELD_TRAJECT,f4f8d9b8-44c6-4f36-9141-2975c9bdfddb,f4f8d9b8-44c6-4f36-9141-2975c9bdfddb,111X486,Droevendaalsesteeg,Wageningen,"This Double Degree provides students who are registered for the SLU BSc programme Forest and Landscape the opportunity to conduct their third year at Wageningen University by enrolling in the BSc programme Forest and Nature Conservation. When graduating students receive the diploma in the BSc programme in Forest and Nature Conservation issued by Wageningen University and the diploma in the BSc programme Forest and Landscape issued by SLU.   \n\nThe profile and learning outcomes of the Double Degree are the same as that of the 'regular' BSc programme in Forest and Nature Conservation from Wageningen university (BBN) and are mentioned below.   \n\nThe point of departure for the Forest and Nature Conservation programme is the strong conviction that ecological and social sciences are equally important for optimal conservation, protection and management of natural resources and species populations. Students need to achieve both a profound understanding of the ecological functioning of ecosystems and populations, as well of the social, economic and political context in which these systems and populations exist. Our programme provides a thorough academic training, focusing on theories related to the ecology and biology of natural and semi-natural ecosystems and populations, and the social and political forces that ultimately lead to decisions in their use and management.  \n\nForest and Nature Conservation, both as a scientific and professional activity is at the centre of the three core areas of the Wageningen UR domain: Natural Resources and Living Environment; Society and Well-being; Food, Feed and Biobased Production. Resource use and conservation affects people's livelihoods and the provision of food, biomass and other ecosystem services, and ultimately the quality of life.  \n\nStudents study in an increasingly international academic setting, and acquire a basic understanding of the characteristics and functioning of ecosystems and social systems. Students develop knowledge and skills that prepare them for the next stage of their academic career; the master's programme or, depending on the minor, the professional field. Students can follow a major within one of two subdomains: Ecology and Conservation, or Policy and Society. Within each major, explicit attention is paid to the inherent multidisciplinarity of the domain of Forest and Nature Conservation."
107B461,Protestantse Theologische Universiteit (PThU),113A908,Protestantse Theologische Universiteit,OPLEIDING,1001O5786,55004,,NVAO,Theologie (joint degree),Theology (joint degree),2012-09-01,2029-09-01,WO-BA,BACHELOR,180,6,6,GETUIGSCHRIFT,Protestantse Theologische Universiteit (PThU),,,,VOLTIJD,,2012-09-01,2029-09-01,,,,111A136,,,,GEEN_PROPEDEUTISCHE_FASE,STUDIEKEUZE_CHECK_VERPLICHT,,bd01dacc-7403-4f20-8f80-bc57d2b8e87c,,111X680,De Boelelaan,Amsterdam,
107B461,Protestantse Theologische Universiteit (PThU),113A908,Protestantse Theologische Universiteit,OPLEIDING,1016O1755,56109,,NVAO,Theologie,,2025-09-01,,WO-BA,BACHELOR,180,6,6,GETUIGSCHRIFT,Protestantse Theologische Universiteit (PThU),,,,VOLTIJD,,2025-04-11,,2025-09-01,,,,,,,GEEN_PROPEDEUTISCHE_FASE,GEEN_STUDIEKEUZE_CHECK,,8a8ac1ca-8dbc-4ccc-9603-1b491d0e0b76,,114X552,Janskerkhof,Utrecht,
107B471,Maastricht University,113A920,Universiteit Maastricht,OPLEIDING,1001O5622,50004,,NVAO,Cultuurwetenschappen,Arts and Culture,2002-09-01,,WO-BA,BACHELOR,180,6,6,GETUIGSCHRIFT,Universiteit Maastricht,BA Cultuurwetenschappen,,BA Cultuurwetenschappen,VOLTIJD,ENG,1975-01-01,,2002-09-01,,https://www.maastrichtuniversity.nl/,,,GEEN_DEFICIENTIES,GEEN_EISEN,GEEN_PROPEDEUTISCHE_FASE,STUDIEKEUZE_CHECK_VAN_TOEPASSING,GEEN_VERSNELD_TRAJECT,f03d1769-24ad-4555-bbc6-3f716281f9e8,f03d1769-24ad-4555-bbc6-3f716281f9e8,113X685,Grote Gracht,Maastricht,
107B471,Maastricht University,113A920,Universiteit Maastricht,OPLEIDING,1001O5622,50004,,NVAO,Cultuurwetenschappen,Arts and Culture,2002-09-01,,WO-BA,BACHELOR,180,6,6,GETUIGSCHRIFT,Universiteit Maastricht,Bachelor Arts and Culture,,Bachelor Arts and Culture,VOLTIJD,ENG,2003-09-01,,2004-09-01,,https://www.maastrichtuniversity.nl/nl/onderwijs/bachelor/programmas/arts-and-culture,,,GEEN_DEFICIENTIES,GEEN_EISEN,GEEN_PROPEDEUTISCHE_FASE,STUDIEKEUZE_CHECK_VAN_TOEPASSING,GEEN_VERSNELD_TRAJECT,5750ee70-382d-4f8c-b825-7882060bb199,5750ee70-382d-4f8c-b825-7882060bb199,113X685,Grote Gracht,Maastricht,
107B471,Maastricht University,113A920,Universiteit Maastricht,OPLEIDING,1001O5622,50004,,NVAO,Cultuurwetenschappen,Arts and Culture,2002-09-01,,WO-BA,BACHELOR,180,6,6,GETUIGSCHRIFT,Universiteit Maastricht,Bachelor Cultuurwetenschappen,,Bachelor Cultuurwetenschappen,VOLTIJD,NLD,2002-09-01,,2002-09-01,,https://curriculum.maastrichtuniversity.nl/nl/onderwijs/bachelor/bachelor-arts-and-culture,,,GEEN_DEFICIENTIES,GEEN_EISEN,GEEN_PROPEDEUTISCHE_FASE,STUDIEKEUZE_CHECK_VAN_TOEPASSING,GEEN_VERSNELD_TRAJECT,0d410b58-f1ed-420d-a6c6-6d82b6b387a5,0d410b58-f1ed-420d-a6c6-6d82b6b387a5,113X685,Grote Gracht,Maastricht,
107B471,Maastricht University,113A920,Universiteit Maastricht,OPLEIDING,1001O5622,50004,,NVAO,Cultuurwetenschappen,Arts and Culture,2002-09-01,,WO-BA,BACHELOR,180,6,6,GETUIGSCHRIFT,Universiteit Maastricht,"Pre-master Art, Literature and Society",,"Pre-master Art, Literature and Society",VOLTIJD,ENG,2017-09-01,,2017-09-01,,https://www.maastrichtuniversity.nl/,,,GEEN_DEFICIENTIES,GEEN_EISEN,GEEN_PROPEDEUTISCHE_FASE,GEEN_STUDIEKEUZE_CHECK,GEEN_VERSNELD_TRAJECT,a1bac7d1-fe6b-40cd-9075-be4c76e24d86,a1bac7d1-fe6b-40cd-9075-be4c76e24d86,113X685,Grote Gracht,Maastricht,
107B471,Maastricht University,113A920,Universiteit Maastricht,OPLEIDING,1001O5622,50004,,NVAO,Cultuurwetenschappen,Arts and Culture,2002-09-01,,WO-BA,BACHELOR,180,6,6,GETUIGSCHRIFT,Universiteit Maastricht,Pre-master Arts and Culture,,Pre-master Arts and Culture,VOLTIJD,ENG,2017-09-01,,2017-09-01,,https://www.maastrichtuniversity.nl/nl/pre-master-arts-and-culture,,,GEEN_DEFICIENTIES,GEEN_EISEN,GEEN_PROPEDEUTISCHE_FASE,GEEN_STUDIEKEUZE_CHECK,GEEN_VERSNELD_TRAJECT,391d0f35-3c0f-4754-9c41-a43705dfb858,391d0f35-3c0f-4754-9c41-a43705dfb858,113X685,Grote Gracht,Maastricht,
107B471,Maastricht University,113A920,Universiteit Maastricht,OPLEIDING,1001O5622,50004,,NVAO,Cultuurwetenschappen,Arts and Culture,2002-09-01,,WO-BA,BACHELOR,180,6,6,GETUIGSCHRIFT,Universiteit Maastricht,"Pre-master European Studies on Society, Science and Technology",,"Pre-master European Studies on Society, Science and Technology",VOLTIJD,ENG,2017-09-01,,2017-09-01,,https://www.maastrichtuniversity.nl/nl/pre-master-european-studies-society-science-and-technology,,,GEEN_DEFICIENTIES,GEEN_EISEN,GEEN_PROPEDEUTISCHE_FASE,GEEN_STUDIEKEUZE_CHECK,GEEN_VERSNELD_TRAJECT,0eb37ece-d89c-4cea-a3ff-f98be33c9768,0eb37ece-d89c-4cea-a3ff-f98be33c9768,113X685,Grote Gracht,Maastricht,
107B471,Maastricht University,113A920,Universiteit Maastricht,OPLEIDING,1001O5622,50004,,NVAO,Cultuurwetenschappen,Arts and Culture,2002-09-01,,WO-BA,BACHELOR,180,6,6,GETUIGSCHRIFT,Universiteit Maastricht,Pre-master European Studies,,Pre-master European Studies,VOLTIJD,ENG,2017-09-01,,2017-09-01,,https://www.maastrichtuniversity.nl/node/382876,,,GEEN_DEFICIENTIES,GEEN_EISEN,GEEN_PROPEDEUTISCHE_FASE,GEEN_STUDIEKEUZE_CHECK,GEEN_VERSNELD_TRAJECT,20f4bf8b-bd97-4af2-a5f8-a65952b9819b,20f4bf8b-bd97-4af2-a5f8-a65952b9819b,113X685,Grote Gracht,Maastricht,
107B471,Maastricht University,113A920,Universiteit Maastricht,OPLEIDING,1001O5622,50004,,NVAO,Cultuurwetenschappen,Arts and Culture,2002-09-01,,WO-BA,BACHELOR,180,6,6,GETUIGSCHRIFT,Universiteit Maastricht,Pre-master Globalisation and Development Studies,,Pre-master Globalisation and Development Studies,VOLTIJD,ENG,2017-09-01,,2017-09-01,,https://www.maastrichtuniversity.nl/nl/pre-master-globalisation-and-development-studies,,,GEEN_DEFICIENTIES,GEEN_EISEN,GEEN_PROPEDEUTISCHE_FASE,GEEN_STUDIEKEUZE_CHECK,GEEN_VERSNELD_TRAJECT,708282d1-da63-4772-9599-58d8c67c5fb1,708282d1-da63-4772-9599-58d8c67c5fb1,113X685,Grote Gracht,Maastricht,
107B471,Maastricht University,113A920,Universiteit Maastricht,OPLEIDING,1001O5622,50004,,NVAO,Cultuurwetenschappen,Arts and Culture,2002-09-01,,WO-BA,BACHELOR,180,6,6,GETUIGSCHRIFT,Universiteit Maastricht,Pre-master Media Studies: Digital Cultures,,Pre-master Media Studies: Digital Cultures,VOLTIJD,ENG,2017-09-01,,2017-09-01,,https://www.maastrichtuniversity.nl/nl/pre-master-media-studies-digital-cultures,,,GEEN_DEFICIENTIES,GEEN_EISEN,GEEN_PROPEDEUTISCHE_FASE,GEEN_STUDIEKEUZE_CHECK,GEEN_VERSNELD_TRAJECT,8c31e62c-1157-4ba5-b7c9-788b6133410f,8c31e62c-1157-4ba5-b7c9-788b6133410f,113X685,Grote Gracht,Maastricht,
107B471,Maastricht University,113A920,Universiteit Maastricht,OPLEIDING,1001O5622,50004,,NVAO,Cultuurwetenschappen,Arts and Culture,2002-09-01,,WO-BA,BACHELOR,180,6,6,GETUIGSCHRIFT,Universiteit Maastricht,Pre-master Politics and Society,,Pre-master Politics and Society,VOLTIJD,ENG,2017-09-01,,2017-09-01,,https://www.maastrichtuniversity.nl/,,,GEEN_DEFICIENTIES,GEEN_EISEN,GEEN_PROPEDEUTISCHE_FASE,GEEN_STUDIEKEUZE_CHECK,GEEN_VERSNELD_TRAJECT,14489cb9-469b-46bb-b231-003195b98511,14489cb9-469b-46bb-b231-003195b98511,113X685,Grote Gracht,Maastricht,
107B471,Maastricht University,113A920,Universiteit Maastricht,OPLEIDING,1001O5622,50004,,NVAO,Cultuurwetenschappen,Arts and Culture,2002-09-01,,WO-BA,BACHELOR,180,6,6,GETUIGSCHRIFT,Universiteit Maastricht,Schakelprogramma Kunst en Erfgoed,,Schakelprogramma Kunst en Erfgoed,VOLTIJD,ENG,2017-09-01,,2017-09-01,,https://www.maastrichtuniversity.nl/,,,GEEN_DEFICIENTIES,GEEN_EISEN,GEEN_PROPEDEUTISCHE_FASE,GEEN_STUDIEKEUZE_CHECK,GEEN_VERSNELD_TRAJECT,81c2f312-b15d-48cb-b384-84a2a081c9ed,81c2f312-b15d-48cb-b384-84a2a081c9ed,113X685,Grote Gracht,Maastricht,
107B471,Maastricht University,113A920,Universiteit Maastricht,OPLEIDING,1001O5622,50004,,NVAO,Cultuurwetenschappen,Arts and Culture,2002-09-01,,WO-BA,BACHELOR,180,6,6,GETUIGSCHRIFT,Universiteit Maastricht,"Schakelprogramma Kunst, Literatuur en Samenleving",,"Schakelprogramma Kunst, Literatuur en Samenleving",VOLTIJD,ENG,2017-09-01,,2017-09-01,,https://www.maastrichtuniversity.nl/,,,GEEN_DEFICIENTIES,GEEN_EISEN,GEEN_PROPEDEUTISCHE_FASE,GEEN_STUDIEKEUZE_CHECK,GEEN_VERSNELD_TRAJECT,40908068-639f-44f1-a53d-922c1fb07a49,40908068-639f-44f1-a53d-922c1fb07a49,113X685,Grote Gracht,Maastricht,
107B471,Maastricht University,113A920,Universiteit Maastricht,OPLEIDING,1001O5622,50004,,NVAO,Cultuurwetenschappen,Arts and Culture,2002-09-01,,WO-BA,BACHELOR,180,6,6,GETUIGSCHRIFT,Universiteit Maastricht,Schakelprogramma Politiek en Samenleving,,Schakelprogramma Politiek en Samenleving,VOLTIJD,ENG,2017-09-01,,2017-09-01,,https://www.maastrichtuniversity.nl/,,,GEEN_DEFICIENTIES,GEEN_EISEN,GEEN_PROPEDEUTISCHE_FASE,GEEN_STUDIEKEUZE_CHECK,GEEN_VERSNELD_TRAJECT,1d2df6a2-9d9c-4909-80d2-4235bac29879,95a8c84d-39f9-4697-91fb-5adbac717751,113X685,Grote Gracht,Maastricht,
107B471,Maastricht University,113A920,Universiteit Maastricht,OPLEIDING,1001O5639,50017,,NVAO,European Law School,European Law School,2002-09-01,,WO-BA,BACHELOR,180,6,6,GETUIGSCHRIFT,Universiteit Maastricht,Bachelor European Law School (Regular Track),,Bachelor European Law School (Regular Track),VOLTIJD,NLD,2002-09-01,,2010-09-01,,https://www.maastrichtuniversity.nl/,,,GEEN_DEFICIENTIES,GEEN_EISEN,GEEN_PROPEDEUTISCHE_FASE,STUDIEKEUZE_CHECK_VAN_TOEPASSING,GEEN_VERSNELD_TRAJECT,16abcb8d-4579-468d-97e4-cb94f05bd24b,16abcb8d-4579-468d-97e4-cb94f05bd24b,113X687,Bouillonstraat,Maastricht,
107B471,Maastricht University,113A920,Universiteit Maastricht,OPLEIDING,1001O5639,50017,,NVAO,European Law School,European Law School,2002-09-01,,WO-BA,BACHELOR,180,6,6,GETUIGSCHRIFT,Universiteit Maastricht,Bachelor European Law School,,Bachelor European Law School,VOLTIJD,ENG,2004-09-01,,2010-09-01,,https://curriculum.maastrichtuniversity.nl/education/bachelor/bachelor-european-law-school,,,GEEN_DEFICIENTIES,GEEN_EISEN,GEEN_PROPEDEUTISCHE_FASE,STUDIEKEUZE_CHECK_VAN_TOEPASSING,GEEN_VERSNELD_TRAJECT,641651e5-4ba0-47a1-bfa4-c0e81358f7ce,55924237-b4d0-494c-bed3-cf4794bc1e32,113X687,Bouillonstraat,Maastricht,
107B471,Maastricht University,113A920,Universiteit Maastricht,OPLEIDING,1001O5643,50019,,NVAO,International Business,International Business,2002-09-01,,WO-BA,BACHELOR,180,6,6,GETUIGSCHRIFT,Universiteit Maastricht,Bachelor International Business,,Bachelor International Business,VOLTIJD,ENG,2002-09-01,,2002-09-01,,https://www.maastrichtuniversity.nl/nl/onderwijs/bachelor/programmas/international-business,,,GEEN_DEFICIENTIES,GEEN_EISEN,GEEN_PROPEDEUTISCHE_FASE,STUDIEKEUZE_CHECK_VAN_TOEPASSING,GEEN_VERSNELD_TRAJECT,c7cb1b01-d9a8-43e6-9355-9a9f46fe9dec,fb6e3ac8-1a3e-4f18-9b5e-83dbafde13f3,113X439,Tongersestraat,Maastricht,
107B471,Maastricht University,113A920,Universiteit Maastricht,OPLEIDING,1001O5643,50019,,NVAO,International Business,International Business,2002-09-01,,WO-BA,BACHELOR,180,6,6,GETUIGSCHRIFT,Universiteit Maastricht,Pre-master Business Intelligence and Smart Services,,Pre-master Business Intelligence and Smart Services,VOLTIJD,ENG,2020-09-01,,2020-09-01,,https://www.maastrichtuniversity.nl/pre-master-business-intelligence-and-smart-services,,,GEEN_DEFICIENTIES,GEEN_EISEN,GEEN_PROPEDEUTISCHE_FASE,GEEN_STUDIEKEUZE_CHECK,GEEN_VERSNELD_TRAJECT,2a2f9c66-35bd-4e0a-a325-9a6317b95456,2a2f9c66-35bd-4e0a-a325-9a6317b95456,113X439,Tongersestraat,Maastricht,
107B471,Maastricht University,113A920,Universiteit Maastricht,OPLEIDING,1001O5643,50019,,NVAO,International Business,International Business,2002-09-01,,WO-BA,BACHELOR,180,6,6,GETUIGSCHRIFT,Universiteit Maastricht,Pre-master Digital Business Economics,,Pre-master Digital Business Economics,VOLTIJD,ENG,2020-09-01,,2020-09-01,,https://www.maastrichtuniversity.nl/pre-master-digital-business-and-economics,,,GEEN_DEFICIENTIES,GEEN_EISEN,GEEN_PROPEDEUTISCHE_FASE,GEEN_STUDIEKEUZE_CHECK,GEEN_VERSNELD_TRAJECT,fdb5d177-2a1c-40e0-97f2-5c33ed14cd9b,fdb5d177-2a1c-40e0-97f2-5c33ed14cd9b,113X439,Tongersestraat,Maastricht,
107B471,Maastricht University,113A920,Universiteit Maastricht,OPLEIDING,1001O5643,50019,,NVAO,International Business,International Business,2002-09-01,,WO-BA,BACHELOR,180,6,6,GETUIGSCHRIFT,Universiteit Maastricht,Pre-master Global Supply Chain Management and Change,,Pre-master Global Supply Chain Management and Change,VOLTIJD,ENG,2018-09-01,,2018-09-01,,https://www.maastrichtuniversity.nl/pre-master-global-supply-chain-management-and-change,,,GEEN_DEFICIENTIES,GEEN_EISEN,GEEN_PROPEDEUTISCHE_FASE,GEEN_STUDIEKEUZE_CHECK,GEEN_VERSNELD_TRAJECT,42df55e2-524b-49c4-b9e7-1709068e1462,42df55e2-524b-49c4-b9e7-1709068e1462,113X439,Tongersestraat,Maastricht,
107B471,Maastricht University,113A920,Universiteit Maastricht,OPLEIDING,1001O5643,50019,,NVAO,International Business,International Business,2002-09-01,,WO-BA,BACHELOR,180,6,6,GETUIGSCHRIFT,Universiteit Maastricht,Pre-master International Business specialisatie Accounting and Business Information Technology,,Pre-master International Business specialisation Accounting and Business Information Technology,VOLTIJD,ENG,2018-09-01,,2018-09-01,,https://www.maastrichtuniversity.nl/pre-master-international-business,,,GEEN_DEFICIENTIES,GEEN_EISEN,GEEN_PROPEDEUTISCHE_FASE,GEEN_STUDIEKEUZE_CHECK,GEEN_VERSNELD_TRAJECT,50f65f57-cc18-49bf-ad87-1421c03a9573,50f65f57-cc18-49bf-ad87-1421c03a9573,113X439,Tongersestraat,Maastricht,
107B471,Maastricht University,113A920,Universiteit Maastricht,OPLEIDING,1001O5643,50019,,NVAO,International Business,International Business,2002-09-01,,WO-BA,BACHELOR,180,6,6,GETUIGSCHRIFT,Universiteit Maastricht,Pre-master International Business specialisatie Entrepreneurship and Business Development,,Pre-master International Business specialisatie Entrepreneurship and Business Development,VOLTIJD,ENG,2018-09-01,,2020-09-01,,https://www.maastrichtuniversity.nl/pre-master-international-business,,,GEEN_DEFICIENTIES,GEEN_EISEN,GEEN_PROPEDEUTISCHE_FASE,GEEN_STUDIEKEUZE_CHECK,GEEN_VERSNELD_TRAJECT,c16a8680-4e5c-4156-a86c-978285814a24,c16a8680-4e5c-4156-a86c-978285814a24,113X439,Tongersestraat,Maastricht,
107B471,Maastricht University,113A920,Universiteit Maastricht,OPLEIDING,1001O5643,50019,,NVAO,International Business,International Business,2002-09-01,,WO-BA,BACHELOR,180,6,6,GETUIGSCHRIFT,Universiteit Maastricht,Pre-master International Business specialisatie Information Management and Business Intelligence,,Pre-master International Business specialisation Information Management and Business Intelligence,VOLTIJD,ENG,2018-09-01,,2020-09-01,,https://www.maastrichtuniversity.nl/pre-master-international-business,,,GEEN_DEFICIENTIES,GEEN_EISEN,GEEN_PROPEDEUTISCHE_FASE,GEEN_STUDIEKEUZE_CHECK,GEEN_VERSNELD_TRAJECT,75f5e433-c5e8-4d14-ac1a-4105e6afc33c,75f5e433-c5e8-4d14-ac1a-4105e6afc33c,113X439,Tongersestraat,Maastricht,
107B471,Maastricht University,113A920,Universiteit Maastricht,OPLEIDING,1001O5643,50019,,NVAO,International Business,International Business,2002-09-01,,WO-BA,BACHELOR,180,6,6,GETUIGSCHRIFT,Universiteit Maastricht,Pre-master International Business specialisatie Managerial Decision- Making and Control,,Pre-master International Business specialisation Managerial Decision- Making and Control,VOLTIJD,ENG,2018-09-01,,2020-09-01,,https://www.maastrichtuniversity.nl/pre-master-international-business,,,GEEN_DEFICIENTIES,GEEN_EISEN,GEEN_PROPEDEUTISCHE_FASE,GEEN_STUDIEKEUZE_CHECK,GEEN_VERSNELD_TRAJECT,c69ec4fd-393e-442b-bf3a-430ad6d14bb6,c69ec4fd-393e-442b-bf3a-430ad6d14bb6,113X439,Tongersestraat,Maastricht,
107B471,Maastricht University,113A920,Universiteit Maastricht,OPLEIDING,1001O5643,50019,,NVAO,International Business,International Business,2002-09-01,,WO-BA,BACHELOR,180,6,6,GETUIGSCHRIFT,Universiteit Maastricht,Pre-master International Business specialisatie Marketing-Finance,,Pre-master International Business specialisation Marketing-Finance,VOLTIJD,ENG,2018-09-01,,2018-09-01,,https://www.maastrichtuniversity.nl/pre-master-international-business,,,GEEN_DEFICIENTIES,GEEN_EISEN,GEEN_PROPEDEUTISCHE_FASE,GEEN_STUDIEKEUZE_CHECK,GEEN_VERSNELD_TRAJECT,e1c2c513-3873-405a-ba2b-1ae4a24636c6,e1c2c513-3873-405a-ba2b-1ae4a24636c6,113X439,Tongersestraat,Maastricht,
107B471,Maastricht University,113A920,Universiteit Maastricht,OPLEIDING,1001O5643,50019,,NVAO,International Business,International Business,2002-09-01,,WO-BA,BACHELOR,180,6,6,GETUIGSCHRIFT,Universiteit Maastricht,"Pre-master International Business specialisatie Organisation: Management, Change and Consultancy",,"Pre-master International Business specialisation Organisation: Management, Change and Consultancy",VOLTIJD,ENG,2018-09-01,,2018-09-01,,https://www.maastrichtuniversity.nl/,,,GEEN_DEFICIENTIES,GEEN_EISEN,GEEN_PROPEDEUTISCHE_FASE,GEEN_STUDIEKEUZE_CHECK,GEEN_VERSNELD_TRAJECT,ad8a2153-7bde-493b-84b1-993576f3362e,ad8a2153-7bde-493b-84b1-993576f3362e,113X439,Tongersestraat,Maastricht,
107B471,Maastricht University,113A920,Universiteit Maastricht,OPLEIDING,1001O5643,50019,,NVAO,International Business,International Business,2002-09-01,,WO-BA,BACHELOR,180,6,6,GETUIGSCHRIFT,Universiteit Maastricht,Pre-master International Business specialisatie Strategic Corporate Finance,,Pre-master International Business specialisation Strategic Corporate Finance,VOLTIJD,ENG,2018-09-01,,2018-09-01,,https://www.maastrichtuniversity.nl/pre-master-international-business,,,GEEN_DEFICIENTIES,GEEN_EISEN,GEEN_PROPEDEUTISCHE_FASE,GEEN_STUDIEKEUZE_CHECK,GEEN_VERSNELD_TRAJECT,9c02c59a-a262-48f0-8c4f-29a2109d4100,9c02c59a-a262-48f0-8c4f-29a2109d4100,113X439,Tongersestraat,Maastricht,
107B471,Maastricht University,113A920,Universiteit Maastricht,OPLEIDING,1001O5643,50019,,NVAO,International Business,International Business,2002-09-01,,WO-BA,BACHELOR,180,6,6,GETUIGSCHRIFT,Universiteit Maastricht,Pre-master International Business specialisatie Strategic Marketing,,Pre-master International Business specialisation Strategic Marketing,VOLTIJD,ENG,2018-09-01,,2018-09-01,,https://www.maastrichtuniversity.nl/pre-master-international-business,,,GEEN_DEFICIENTIES,GEEN_EISEN,GEEN_PROPEDEUTISCHE_FASE,GEEN_STUDIEKEUZE_CHECK,GEEN_VERSNELD_TRAJECT,1673fa94-e0e5-497c-8faa-7fcc8e45e9f2,1673fa94-e0e5-497c-8faa-7fcc8e45e9f2,113X439,Tongersestraat,Maastricht,
107B471,Maastricht University,113A920,Universiteit Maastricht,OPLEIDING,1001O5643,50019,,NVAO,International Business,International Business,2002-09-01,,WO-BA,BACHELOR,180,6,6,GETUIGSCHRIFT,Universiteit Maastricht,Pre-master International Business specialisatie Strategy and Innovation,,Pre-master International Business specialisatie Strategy and Innovation,VOLTIJD,ENG,2018-09-01,,2018-09-01,,https://www.maastrichtuniversity.nl/pre-master-international-business,,,GEEN_DEFICIENTIES,GEEN_EISEN,GEEN_PROPEDEUTISCHE_FASE,GEEN_STUDIEKEUZE_CHECK,GEEN_VERSNELD_TRAJECT,4794e1b4-c86f-4a94-89b6-9a9cf3b614c9,4794e1b4-c86f-4a94-89b6-9a9cf3b614c9,113X439,Tongersestraat,Maastricht,
107B471,Maastricht University,113A920,Universiteit Maastricht,OPLEIDING,1001O5643,50019,,NVAO,International Business,International Business,2002-09-01,,WO-BA,BACHELOR,180,6,6,GETUIGSCHRIFT,Universiteit Maastricht,Pre-master International Business specialisatie Supply Chain Management,,Pre-master International Business specialisation Supply Chain Management,VOLTIJD,ENG,2018-09-01,,2018-09-01,,https://www.maastrichtuniversity.nl/pre-master-international-business,,,GEEN_DEFICIENTIES,GEEN_EISEN,GEEN_PROPEDEUTISCHE_FASE,GEEN_STUDIEKEUZE_CHECK,GEEN_VERSNELD_TRAJECT,e82e7978-5e34-438d-a318-6ed6e09aa42c,e82e7978-5e34-438d-a318-6ed6e09aa42c,113X439,Tongersestraat,Maastricht,
107B471,Maastricht University,113A920,Universiteit Maastricht,OPLEIDING,1001O5643,50019,,NVAO,International Business,International Business,2002-09-01,,WO-BA,BACHELOR,180,6,6,GETUIGSCHRIFT,Universiteit Maastricht,Pre-master International Business specialisatie Sustainable Finance,,Pre-master International Business specialisation Sustainable Finance,VOLTIJD,ENG,2018-09-01,,2018-09-01,,https://www.maastrichtuniversity.nl/pre-master-international-business,,,GEEN_DEFICIENTIES,GEEN_EISEN,GEEN_PROPEDEUTISCHE_FASE,GEEN_STUDIEKEUZE_CHECK,GEEN_VERSNELD_TRAJECT,ec92636e-e81e-4a63-adbe-477b8dfff488,ec92636e-e81e-4a63-adbe-477b8dfff488,113X439,Tongersestraat,Maastricht,
107B471,Maastricht University,113A920,Universiteit Maastricht,OPLEIDING,1001O5643,50019,,NVAO,International Business,International Business,2002-09-01,,WO-BA,BACHELOR,180,6,6,GETUIGSCHRIFT,Universiteit Maastricht,Pre-master International Business specialisation Accounting and Control,,Pre-master International Business specialisation Accounting and Control,VOLTIJD,ENG,2018-09-01,,2018-09-01,,https://www.maastrichtuniversity.nl/pre-master-international-business,,,GEEN_DEFICIENTIES,GEEN_EISEN,GEEN_PROPEDEUTISCHE_FASE,GEEN_STUDIEKEUZE_CHECK,GEEN_VERSNELD_TRAJECT,743e088c-6990-451a-9ffe-c68546972ac2,743e088c-6990-451a-9ffe-c68546972ac2,113X439,Tongersestraat,Maastricht,
107B471,Maastricht University,113A920,Universiteit Maastricht,OPLEIDING,1001O5643,50019,,NVAO,International Business,International Business,2002-09-01,,WO-BA,BACHELOR,180,6,6,GETUIGSCHRIFT,Universiteit Maastricht,Pre-master Learning and Development in Organisations,,Pre-master Learning and Development in Organisations,VOLTIJD,ENG,2018-09-01,,2018-09-01,,https://www.maastrichtuniversity.nl/pre-master-learning-and-development-organisations,,,GEEN_DEFICIENTIES,GEEN_EISEN,GEEN_PROPEDEUTISCHE_FASE,GEEN_STUDIEKEUZE_CHECK,GEEN_VERSNELD_TRAJECT,9269edd4-2a01-47cd-90db-d4fe326af264,9269edd4-2a01-47cd-90db-d4fe326af264,113X439,Tongersestraat,Maastricht,
107B471,Maastricht University,113A920,Universiteit Maastricht,OPLEIDING,1001O5673,50296,,NVAO,European Public Health,European Public Health,2006-09-01,,WO-BA,BACHELOR,180,6,6,GETUIGSCHRIFT,Universiteit Maastricht,Bachelor European Public Health,,Bachelor European Public Health,VOLTIJD,ENG,2006-09-01,,2006-09-01,,https://www.maastrichtuniversity.nl/nl/onderwijs/bachelor/programmas/european-public-health,,,GEEN_DEFICIENTIES,GEEN_EISEN,GEEN_PROPEDEUTISCHE_FASE,STUDIEKEUZE_CHECK_VAN_TOEPASSING,GEEN_VERSNELD_TRAJECT,5d702972-42da-4826-bf69-6057ab1cd922,ad5419e0-1909-49be-a19c-da766bdb6535,113X686,Universiteitssingel,Maastricht,
107B471,Maastricht University,113A920,Universiteit Maastricht,OPLEIDING,1001O5675,50300,,NVAO,Data Science and Artificial Intelligence,Data Science and Artificial Intelligence,2004-09-01,,WO-BA,BACHELOR,180,6,6,GETUIGSCHRIFT,Universiteit Maastricht,Bachelor of Science in Data Science and Artificial Intelligence,,Bachelor of Science in Data Science and Artificial Intelligence,VOLTIJD,ENG,2004-09-01,,2004-09-01,,https://www.maastrichtuniversity.nl/nl/onderwijs/bachelor/programmas/data-science-and-artificial-intelligence,,,GEEN_DEFICIENTIES,GEEN_EISEN,GEEN_PROPEDEUTISCHE_FASE,STUDIEKEUZE_CHECK_VAN_TOEPASSING,GEEN_VERSNELD_TRAJECT,716ae143-098f-4717-b156-b0d3943a7b92,36edae95-9bd9-47e3-83c0-aef4721fdd45,113X688,Paul-Henri Spaaklaan,Maastricht,
107B471,Maastricht University,113A920,Universiteit Maastricht,OPLEIDING,1001O5675,50300,,NVAO,Data Science and Artificial Intelligence,Data Science and Artificial Intelligence,2004-09-01,,WO-BA,BACHELOR,180,6,6,GETUIGSCHRIFT,Universiteit Maastricht,Educatieve Module - Wiskunde,,Educatieve Module - Wiskunde,VOLTIJD,ENG,2025-09-01,,2026-09-01,,https://www.maastrichtuniversity.nl/,,,GEEN_DEFICIENTIES,GEEN_EISEN,GEEN_PROPEDEUTISCHE_FASE,GEEN_STUDIEKEUZE_CHECK,GEEN_VERSNELD_TRAJECT,a6c7192d-86d1-4d82-9238-022bc0b47fd0,a6c7192d-86d1-4d82-9238-022bc0b47fd0,,,,
107B471,Maastricht University,113A920,Universiteit Maastricht,OPLEIDING,1001O5675,50300,,NVAO,Data Science and Artificial Intelligence,Data Science and Artificial Intelligence,2004-09-01,,WO-BA,BACHELOR,180,6,6,GETUIGSCHRIFT,Universiteit Maastricht,Pre-master DKE (Artificial Intelligence) Pre-master DACS (Artificial Intelligence),,Pre-master DKE (Artificial Intelligence) Pre-master DACS (Artificial Intelligence),VOLTIJD,ENG,2017-09-01,,2023-09-01,,https://www.maastrichtuniversity.nl/pre-master-msc-artificial-intelligence,,,GEEN_DEFICIENTIES,GEEN_EISEN,GEEN_PROPEDEUTISCHE_FASE,GEEN_STUDIEKEUZE_CHECK,GEEN_VERSNELD_TRAJECT,da6f47c3-125d-4100-9208-dbcd212ff697,da6f47c3-125d-4100-9208-dbcd212ff697,113X688,Paul-Henri Spaaklaan,Maastricht,
107B471,Maastricht University,113A920,Universiteit Maastricht,OPLEIDING,1001O5675,50300,,NVAO,Data Science and Artificial Intelligence,Data Science and Artificial Intelligence,2004-09-01,,WO-BA,BACHELOR,180,6,6,GETUIGSCHRIFT,Universiteit Maastricht,Pre-master DKE (Data Science for Decision Making) Pre-master DACS (Data Science for Decision Making),,Pre-master DKE (Data Science for Decision Making) Pre-master DACS (Data Science for Decision Making),VOLTIJD,ENG,2017-09-01,,2023-09-01,,https://www.maastrichtuniversity.nl/pre-master-msc-data-science-decision-making,,,GEEN_DEFICIENTIES,GEEN_EISEN,GEEN_PROPEDEUTISCHE_FASE,GEEN_STUDIEKEUZE_CHECK,GEEN_VERSNELD_TRAJECT,de053ad3-c197-418f-abba-7fed3eb8fd82,de053ad3-c197-418f-abba-7fed3eb8fd82,113X688,Paul-Henri Spaaklaan,Maastricht,
107B471,Maastricht University,113A920,Universiteit Maastricht,OPLEIDING,1001O5675,50300,,NVAO,Data Science and Artificial Intelligence,Data Science and Artificial Intelligence,2004-09-01,,WO-BA,BACHELOR,180,6,6,GETUIGSCHRIFT,Universiteit Maastricht,Pre-master Responsible Data Science,,Pre-master Responsible Data Science,VOLTIJD,ENG,2025-09-01,,2026-09-01,,https://www.maastrichtuniversity.nl,,,GEEN_DEFICIENTIES,GEEN_EISEN,GEEN_PROPEDEUTISCHE_FASE,GEEN_STUDIEKEUZE_CHECK,GEEN_VERSNELD_TRAJECT,ef3a87dc-6858-40f2-98d0-7559ddb30c7d,ef3a87dc-6858-40f2-98d0-7559ddb30c7d,,,,
107B471,Maastricht University,113A920,Universiteit Maastricht,OPLEIDING,1001O5683,50393,,NVAO,Liberal Arts and Sciences,Liberal Arts and Sciences,2009-09-01,,WO-BA,BACHELOR,180,6,6,GETUIGSCHRIFT,Universiteit Maastricht,Bachelor Liberal Arts and Sciences / University College Maastricht,,Bachelor Liberal Arts and Sciences / University College Maastricht,VOLTIJD,ENG,2002-09-01,,2009-09-01,,https://www.maastrichtuniversity.nl/nl/onderwijs/bachelor/programmas/university-college-maastricht,,,GEEN_DEFICIENTIES,GEEN_EISEN,GEEN_PROPEDEUTISCHE_FASE,STUDIEKEUZE_CHECK_VAN_TOEPASSING,GEEN_VERSNELD_TRAJECT,fd3c72b5-6a80-44d6-b1aa-c0cb9c2d3a12,000fb6c6-52d8-4161-9dc7-1d3023bbe084,113X688,Paul-Henri Spaaklaan,Maastricht,
107B471,Maastricht University,113A920,Universiteit Maastricht,OPLEIDING,1001O5683,50393,,NVAO,Liberal Arts and Sciences,Liberal Arts and Sciences,2009-09-01,,WO-BA,BACHELOR,180,6,6,GETUIGSCHRIFT,Universiteit Maastricht,Bachelor Liberal Arts and Sciences / University College Venlo,,Bachelor Liberal Arts and Sciences / University College Venlo,VOLTIJD,ENG,2014-09-01,,2009-09-01,,https://www.maastrichtuniversity.nl/nl/onderwijs/bachelor/programmas/university-college-venlo,,,GEEN_DEFICIENTIES,GEEN_EISEN,GEEN_PROPEDEUTISCHE_FASE,STUDIEKEUZE_CHECK_VAN_TOEPASSING,GEEN_VERSNELD_TRAJECT,c1d90502-0f43-42d1-8af0-f2bdb8b06925,37ecf4a7-74e5-4f0c-be2d-e281f1447a25,114X231,Nassaustraat,Venlo,
107B471,Maastricht University,113A920,Universiteit Maastricht,OPLEIDING,1001O5683,50393,,NVAO,Liberal Arts and Sciences,Liberal Arts and Sciences,2009-09-01,,WO-BA,BACHELOR,180,6,6,GETUIGSCHRIFT,Universiteit Maastricht,Educatieve Module - Natuurkunde,,Educatieve Module - Natuurkunde,VOLTIJD,NLD,2024-09-01,,2024-09-01,,https://wwwmaastrichtuniversity.nl,,,GEEN_DEFICIENTIES,GEEN_EISEN,GEEN_PROPEDEUTISCHE_FASE,GEEN_STUDIEKEUZE_CHECK,GEEN_VERSNELD_TRAJECT,bb728da7-720b-4e0f-bf04-8d7ee032505f,bb728da7-720b-4e0f-bf04-8d7ee032505f,,,,
107B471,Maastricht University,113A920,Universiteit Maastricht,OPLEIDING,1001O5683,50393,,NVAO,Liberal Arts and Sciences,Liberal Arts and Sciences,2009-09-01,,WO-BA,BACHELOR,180,6,6,GETUIGSCHRIFT,Universiteit Maastricht,Liberal Arts and Sciences / Maastricht Science Programme,,Liberal Arts and Sciences / Maastricht Science Programme,VOLTIJD,ENG,2010-09-01,,2009-09-01,,https://www.maastrichtuniversity.nl/nl/onderwijs/bachelor/programmas/maastricht-science-programme,,,GEEN_DEFICIENTIES,GEEN_EISEN,GEEN_PROPEDEUTISCHE_FASE,STUDIEKEUZE_CHECK_VAN_TOEPASSING,GEEN_VERSNELD_TRAJECT,42ec19d9-0a2a-4c79-8bb8-0fadbf5b831e,bc418d89-3c8c-493c-a993-6b3319d9c7a1,113X688,Paul-Henri Spaaklaan,Maastricht,
107B471,Maastricht University,113A920,Universiteit Maastricht,OPLEIDING,1001O5683,50393,,NVAO,Liberal Arts and Sciences,Liberal Arts and Sciences,2009-09-01,,WO-BA,BACHELOR,180,6,6,GETUIGSCHRIFT,Universiteit Maastricht,Pre-master Campus Venlo (Health Food Innovation Management),,Pre-master Campus Venlo (Health Food Innovation Management),VOLTIJD,ENG,2017-09-01,,2018-09-01,,https://www.maastrichtuniversity.nl/pre-masters-health-food-innovation-management,,,GEEN_DEFICIENTIES,GEEN_EISEN,GEEN_PROPEDEUTISCHE_FASE,GEEN_STUDIEKEUZE_CHECK,GEEN_VERSNELD_TRAJECT,74c8f5ed-2517-4422-a61b-f777f10d6c48,74c8f5ed-2517-4422-a61b-f777f10d6c48,114X231,Nassaustraat,Venlo,
107B471,Maastricht University,113A920,Universiteit Maastricht,OPLEIDING,1001O5683,50393,,NVAO,Liberal Arts and Sciences,Liberal Arts and Sciences,2009-09-01,,WO-BA,BACHELOR,180,6,6,GETUIGSCHRIFT,Universiteit Maastricht,Pre-master Campus Venlo (Health Food Innovation Management),,Pre-master Campus Venlo (Health Food Innovation Management),VOLTIJD,ENG,2017-09-01,,2018-09-01,,https://www.maastrichtuniversity.nl/pre-masters-health-food-innovation-management,,,GEEN_DEFICIENTIES,GEEN_EISEN,GEEN_PROPEDEUTISCHE_FASE,GEEN_STUDIEKEUZE_CHECK,GEEN_VERSNELD_TRAJECT,b7ae5c80-5161-4812-979f-eb4f7f5c76d4,b7ae5c80-5161-4812-979f-eb4f7f5c76d4,114X231,Nassaustraat,Venlo,
107B471,Maastricht University,113A920,Universiteit Maastricht,OPLEIDING,1001O5728,50700,,NVAO,Rechtsgeleerdheid,Dutch Law,2009-09-01,,WO-BA,BACHELOR,180,6,6,GETUIGSCHRIFT,Universiteit Maastricht,Bachelor Rechtsgeleerdheid,,Bachelor Rechtsgeleerdheid,VOLTIJD,ENG,2008-09-01,,2009-09-01,,https://curriculum.maastrichtuniversity.nl/education/bachelor/bachelor-dutch-law,,,GEEN_DEFICIENTIES,GEEN_EISEN,GEEN_PROPEDEUTISCHE_FASE,STUDIEKEUZE_CHECK_VAN_TOEPASSING,GEEN_VERSNELD_TRAJECT,01500bba-81d9-45a0-bc40-73c7c1b8b883,01500bba-81d9-45a0-bc40-73c7c1b8b883,113X687,Bouillonstraat,Maastricht,
107B471,Maastricht University,113A920,Universiteit Maastricht,OPLEIDING,1001O5728,50700,,NVAO,Rechtsgeleerdheid,Dutch Law,2009-09-01,,WO-BA,BACHELOR,180,6,6,GETUIGSCHRIFT,Universiteit Maastricht,Bachelor Rechtsgeleerdheid,,Bachelor Rechtsgeleerdheid,VOLTIJD,NLD,2002-09-01,,2009-09-01,,https://www.maastrichtuniversity.nl/nl/onderwijs/bachelor/programmas/rechtsgeleerdheid,,,GEEN_DEFICIENTIES,GEEN_EISEN,GEEN_PROPEDEUTISCHE_FASE,STUDIEKEUZE_CHECK_VAN_TOEPASSING,GEEN_VERSNELD_TRAJECT,96bc9a22-5859-48d9-92c8-ea7aa5d6cb17,2387cae7-7718-42c3-9117-c3edca7a7570,113X687,Bouillonstraat,Maastricht,
107B471,Maastricht University,113A920,Universiteit Maastricht,OPLEIDING,1001O5728,50700,,NVAO,Rechtsgeleerdheid,Dutch Law,2009-09-01,,WO-BA,BACHELOR,180,6,6,GETUIGSCHRIFT,Universiteit Maastricht,Pre-master Law,,Pre-master Law,VOLTIJD,ENG,2022-09-01,,2023-09-01,,https://www.maastrichtuniversity.nl/pre-master-law,,,GEEN_DEFICIENTIES,GEEN_EISEN,GEEN_PROPEDEUTISCHE_FASE,GEEN_STUDIEKEUZE_CHECK,GEEN_VERSNELD_TRAJECT,2be4ec5c-06b2-4c99-9f0a-9995029875ca,2be4ec5c-06b2-4c99-9f0a-9995029875ca,113X687,Bouillonstraat,Maastricht,
107B471,Maastricht University,113A920,Universiteit Maastricht,OPLEIDING,1001O5728,50700,,NVAO,Rechtsgeleerdheid,Dutch Law,2009-09-01,,WO-BA,BACHELOR,180,6,6,GETUIGSCHRIFT,Universiteit Maastricht,Pre-master Recht (voor HBO-rechten afgestudeerden) (NL),,Pre-master Recht (voor HBO-rechten afgestudeerden) (NL),VOLTIJD,NLD,2017-09-01,,2020-09-01,,https://www.maastrichtuniversity.nl/nl/pre-master-rechten,,,GEEN_DEFICIENTIES,GEEN_EISEN,GEEN_PROPEDEUTISCHE_FASE,GEEN_STUDIEKEUZE_CHECK,GEEN_VERSNELD_TRAJECT,5875c6bc-f695-42ec-854f-94397d5942d9,5875c6bc-f695-42ec-854f-94397d5942d9,113X687,Bouillonstraat,Maastricht,
107B471,Maastricht University,113A920,Universiteit Maastricht,OPLEIDING,1001O5744,50769,,NVAO,Business Engineering,Business Engineering,2020-09-01,,WO-BA,BACHELOR,180,6,6,GETUIGSCHRIFT,Universiteit Maastricht,Bachelor Business Engineering,,Bachelor Business Engineering,VOLTIJD,ENG,2019-09-01,,2020-09-01,,https://www.maastrichtuniversity.nl/nl/onderwijs/bachelor/programmas/business-engineering,,,GEEN_DEFICIENTIES,GEEN_EISEN,GEEN_PROPEDEUTISCHE_FASE,STUDIEKEUZE_CHECK_VAN_TOEPASSING,GEEN_VERSNELD_TRAJECT,9e5055f1-c75c-4e48-9a17-2b3998df37b6,125b4cbf-c4cf-410d-a34e-95528369e95f,113X688,Paul-Henri Spaaklaan,Maastricht,
107B471,Maastricht University,113A920,Universiteit Maastricht,OPLEIDING,1001O5764,50950,,NVAO,Economie en Bedrijfseconomie,Economics and Business Economics,2009-09-01,,WO-BA,BACHELOR,180,6,6,GETUIGSCHRIFT,Universiteit Maastricht,Bachelor Economics and Business Economics,,Bachelor Economics and Business Economics,VOLTIJD,ENG,2002-09-01,,2009-09-01,,https://www.maastrichtuniversity.nl/nl/onderwijs/bachelor/programmas/economics-and-business-economics,,,GEEN_DEFICIENTIES,GEEN_EISEN,GEEN_PROPEDEUTISCHE_FASE,STUDIEKEUZE_CHECK_VAN_TOEPASSING,GEEN_VERSNELD_TRAJECT,f421ed76-c8b5-4d70-b1a1-748462cd80c7,e18818d8-86ee-4d05-a595-dfdcb2fa6260,113X439,Tongersestraat,Maastricht,
107B471,Maastricht University,113A920,Universiteit Maastricht,OPLEIDING,1001O5764,50950,,NVAO,Economie en Bedrijfseconomie,Economics and Business Economics,2009-09-01,,WO-BA,BACHELOR,180,6,6,GETUIGSCHRIFT,Universiteit Maastricht,Bachelor Economics and Business Economics,,Bachelor Economics and Business Economics,VOLTIJD,ENG,2009-05-01,,2009-09-01,,https://www.maastrichtuniversity.nl/,,,GEEN_DEFICIENTIES,GEEN_EISEN,GEEN_PROPEDEUTISCHE_FASE,STUDIEKEUZE_CHECK_VAN_TOEPASSING,GEEN_VERSNELD_TRAJECT,98f01ad3-9701-4152-b819-039bc4caec19,98f01ad3-9701-4152-b819-039bc4caec19,113X439,Tongersestraat,Maastricht,
107B471,Maastricht University,113A920,Universiteit Maastricht,OPLEIDING,1001O5764,50950,,NVAO,Economie en Bedrijfseconomie,Economics and Business Economics,2009-09-01,,WO-BA,BACHELOR,180,6,6,GETUIGSCHRIFT,Universiteit Maastricht,Pre-master Economics and Strategy in Emerging Markets,,Pre-master Economics and Strategy in Emerging Markets,VOLTIJD,ENG,2020-09-01,,2021-09-01,,https://www.maastrichtuniversity.nl/pre-master-economics-and-strategy-emerging-markets,,,GEEN_DEFICIENTIES,GEEN_EISEN,GEEN_PROPEDEUTISCHE_FASE,GEEN_STUDIEKEUZE_CHECK,GEEN_VERSNELD_TRAJECT,b6f8a676-1b14-471e-94cf-54e0b3b3d606,b6f8a676-1b14-471e-94cf-54e0b3b3d606,113X439,Tongersestraat,Maastricht,
107B471,Maastricht University,113A920,Universiteit Maastricht,OPLEIDING,1001O5764,50950,,NVAO,Economie en Bedrijfseconomie,Economics and Business Economics,2009-09-01,,WO-BA,BACHELOR,180,6,6,GETUIGSCHRIFT,Universiteit Maastricht,Pre-master Economics,,Pre-master Economics,VOLTIJD,ENG,2020-09-01,,2021-09-01,,https://www.maastrichtuniversity.nl/pre-master-economics,,,GEEN_DEFICIENTIES,GEEN_EISEN,GEEN_PROPEDEUTISCHE_FASE,GEEN_STUDIEKEUZE_CHECK,GEEN_VERSNELD_TRAJECT,65363414-e964-4ff9-be42-b349505749cf,65363414-e964-4ff9-be42-b349505749cf,113X439,Tongersestraat,Maastricht,
107B471,Maastricht University,113A920,Universiteit Maastricht,OPLEIDING,1001O5764,50950,,NVAO,Economie en Bedrijfseconomie,Economics and Business Economics,2009-09-01,,WO-BA,BACHELOR,180,6,6,GETUIGSCHRIFT,Universiteit Maastricht,Pre-master Financial Economics,,Pre-master Financial Economics,VOLTIJD,ENG,2020-09-01,,2021-09-01,,https://www.maastrichtuniversity.nl/pre-master-financial-economics,,,GEEN_DEFICIENTIES,GEEN_EISEN,GEEN_PROPEDEUTISCHE_FASE,GEEN_STUDIEKEUZE_CHECK,GEEN_VERSNELD_TRAJECT,5a950493-2b00-4945-a11b-7b0e9a4c14f7,5a950493-2b00-4945-a11b-7b0e9a4c14f7,113X439,Tongersestraat,Maastricht,
107B471,Maastricht University,113A920,Universiteit Maastricht,OPLEIDING,1001O5764,50950,,NVAO,Economie en Bedrijfseconomie,Economics and Business Economics,2009-09-01,,WO-BA,BACHELOR,180,6,6,GETUIGSCHRIFT,Universiteit Maastricht,Pre-master Human Decision Science,,Pre-master Human Decision Science,VOLTIJD,ENG,2020-09-01,,2021-09-01,,https://www.maastrichtuniversity.nl/pre-master-human-decision-science,,,GEEN_DEFICIENTIES,GEEN_EISEN,GEEN_PROPEDEUTISCHE_FASE,GEEN_STUDIEKEUZE_CHECK,GEEN_VERSNELD_TRAJECT,38cde271-9698-47a4-9d5a-efcf124c3166,38cde271-9698-47a4-9d5a-efcf124c3166,113X439,Tongersestraat,Maastricht,
107B471,Maastricht University,113A920,Universiteit Maastricht,OPLEIDING,1001O5829,56051,,NVAO,Europese Studies,European Studies,2009-09-01,,WO-BA,BACHELOR,180,6,6,GETUIGSCHRIFT,Universiteit Maastricht,Bachelor European Studies,,Bachelor European Studies,VOLTIJD,ENG,2002-09-01,,2009-09-01,,https://www.maastrichtuniversity.nl/nl/onderwijs/bachelor/programmas/european-studies,,,GEEN_DEFICIENTIES,GEEN_EISEN,GEEN_PROPEDEUTISCHE_FASE,STUDIEKEUZE_CHECK_VAN_TOEPASSING,GEEN_VERSNELD_TRAJECT,3a5c59eb-5c4f-476c-8f3d-3aae7b270d63,e762bea7-d1bf-4756-9a32-79f41a1e9f91,113X685,Grote Gracht,Maastricht,
107B471,Maastricht University,113A920,Universiteit Maastricht,OPLEIDING,1001O5886,56402,,NVAO,Fiscale Economie,Fiscal Economics,2002-09-01,,WO-BA,BACHELOR,180,6,6,GETUIGSCHRIFT,Universiteit Maastricht,Bachelor Fiscal Economics,,Bachelor Fiscal Economics,VOLTIJD,ENG,2002-09-01,,2002-09-01,,https://www.maastrichtuniversity.nl/,,,GEEN_DEFICIENTIES,GEEN_EISEN,GEEN_PROPEDEUTISCHE_FASE,STUDIEKEUZE_CHECK_VAN_TOEPASSING,GEEN_VERSNELD_TRAJECT,2519a3dd-7720-4d3f-b7c1-e5fc29a200fe,4a35f8c4-a22e-456e-88b5-b85b90f33e64,113X439,Tongersestraat,Maastricht,
107B471,Maastricht University,113A920,Universiteit Maastricht,OPLEIDING,1001O5907,56551,,NVAO,Geneeskunde,Medicine,2006-09-01,,WO-BA,BACHELOR,180,6,6,GETUIGSCHRIFT,Universiteit Maastricht,Bachelor Geneeskunde,,Bachelor Geneeskunde,VOLTIJD,NLD,2006-09-01,,2006-09-01,,https://www.maastrichtuniversity.nl/nl/onderwijs/bachelor/programmas/geneeskunde,,,GEEN_DEFICIENTIES,GEEN_EISEN,GEEN_PROPEDEUTISCHE_FASE,STUDIEKEUZE_CHECK_VAN_TOEPASSING,GEEN_VERSNELD_TRAJECT,d3a4ee63-3b1d-4b81-9551-f750ddde9841,9919c8a2-bd91-4643-99cc-8ddd8adbeff9,113X686,Universiteitssingel,Maastricht,
107B471,Maastricht University,113A920,Universiteit Maastricht,OPLEIDING,1001O5913,56553,,NVAO,Gezondheidswetenschappen,Health Sciences,2009-09-01,,WO-BA,BACHELOR,180,6,6,GETUIGSCHRIFT,Universiteit Maastricht,BA Gezondheidswetenschappen,,BA Gezondheidswetenschappen,VOLTIJD,ENG,2009-05-01,,2009-09-01,,https://www.maastrichtuniversity.nl/,,,GEEN_DEFICIENTIES,GEEN_EISEN,GEEN_PROPEDEUTISCHE_FASE,STUDIEKEUZE_CHECK_VAN_TOEPASSING,GEEN_VERSNELD_TRAJECT,9e8eacc4-3955-4fc7-b13f-da424683833f,9e8eacc4-3955-4fc7-b13f-da424683833f,,,,
107B471,Maastricht University,113A920,Universiteit Maastricht,OPLEIDING,1001O5913,56553,,NVAO,Gezondheidswetenschappen,Health Sciences,2009-09-01,,WO-BA,BACHELOR,180,6,6,GETUIGSCHRIFT,Universiteit Maastricht,Bachelor Gezondheidswetenschappen,,Bachelor Gezondheidswetenschappen,VOLTIJD,NLD,1998-09-01,,2009-09-01,,https://www.maastrichtuniversity.nl/nl/onderwijs/bachelor/programmas/gezondheidswetenschappen,,,GEEN_DEFICIENTIES,GEEN_EISEN,GEEN_PROPEDEUTISCHE_FASE,STUDIEKEUZE_CHECK_VAN_TOEPASSING,GEEN_VERSNELD_TRAJECT,7d5325c8-0ae3-42d7-8f99-c29c7d935b0b,49c69dcd-9b75-4567-8c27-438d9103a965,113X686,Universiteitssingel,Maastricht,
107B471,Maastricht University,113A920,Universiteit Maastricht,OPLEIDING,1001O5913,56553,,NVAO,Gezondheidswetenschappen,Health Sciences,2009-09-01,,WO-BA,BACHELOR,180,6,6,GETUIGSCHRIFT,Universiteit Maastricht,Schakelprogramma Mental health,,Schakelprogramma Mental health,VOLTIJD,ENG,2017-09-01,,2018-09-01,,https://www.maastrichtuniversity.nl/,,,GEEN_DEFICIENTIES,GEEN_EISEN,GEEN_PROPEDEUTISCHE_FASE,GEEN_STUDIEKEUZE_CHECK,GEEN_VERSNELD_TRAJECT,9074192f-feaa-46b5-a50d-519c714d2cda,9074192f-feaa-46b5-a50d-519c714d2cda,113X686,Universiteitssingel,Maastricht,
107B471,Maastricht University,113A920,Universiteit Maastricht,OPLEIDING,1001O5933,56604,,NVAO,Psychologie,Psychology,2002-09-01,,WO-BA,BACHELOR,180,6,6,GETUIGSCHRIFT,Universiteit Maastricht,Bachelor Psychologie,,Bachelor Psychologie,VOLTIJD,NLD,2002-09-01,,2002-09-01,,https://curriculum.maastrichtuniversity.nl/nl/onderwijs/bachelor-psychologie,,,GEEN_DEFICIENTIES,GEEN_EISEN,GEEN_PROPEDEUTISCHE_FASE,STUDIEKEUZE_CHECK_VAN_TOEPASSING,GEEN_VERSNELD_TRAJECT,da6e801a-7826-4066-be6e-551d4d4b3365,761484ae-d661-4e12-9874-a0cbcf49e68d,113X565,Universiteitssingel,Maastricht,
107B471,Maastricht University,113A920,Universiteit Maastricht,OPLEIDING,1001O5933,56604,,NVAO,Psychologie,Psychology,2002-09-01,,WO-BA,BACHELOR,180,6,6,GETUIGSCHRIFT,Universiteit Maastricht,Bachelor Psychology English track,,Bachelor Psychology English track,VOLTIJD,ENG,2014-09-01,,2002-09-01,,https://curriculum.maastrichtuniversity.nl/education/bachelor/bachelor-psychology,,,GEEN_DEFICIENTIES,GEEN_EISEN,GEEN_PROPEDEUTISCHE_FASE,STUDIEKEUZE_CHECK_VAN_TOEPASSING,GEEN_VERSNELD_TRAJECT,8f225667-a137-4f04-af87-8b39ba14301a,f2762a7a-91b2-4c56-949b-57795353709a,113X565,Universiteitssingel,Maastricht,
107B471,Maastricht University,113A920,Universiteit Maastricht,OPLEIDING,1001O5933,56604,,NVAO,Psychologie,Psychology,2002-09-01,,WO-BA,BACHELOR,180,6,6,GETUIGSCHRIFT,Universiteit Maastricht,Pre-master Mental Health,,Pre-master Mental Health,VOLTIJD,ENG,2019-09-01,,2019-09-01,,https://www.maastrichtuniversity.nl/nl/premaster-mental-health,,,GEEN_DEFICIENTIES,GEEN_EISEN,GEEN_PROPEDEUTISCHE_FASE,GEEN_STUDIEKEUZE_CHECK,GEEN_VERSNELD_TRAJECT,9cf13d1a-3086-4917-b838-8b7ef9bd2583,9cf13d1a-3086-4917-b838-8b7ef9bd2583,113X565,Universiteitssingel,Maastricht,
107B471,Maastricht University,113A920,Universiteit Maastricht,OPLEIDING,1001O5933,56604,,NVAO,Psychologie,Psychology,2002-09-01,,WO-BA,BACHELOR,180,6,6,GETUIGSCHRIFT,Universiteit Maastricht,Pre-master Psychologie,,Pre-master Psychology,VOLTIJD,ENG,2022-09-01,,2023-09-01,,https://www.maastrichtuniversity.nl/pre-master-psychology,,,GEEN_DEFICIENTIES,GEEN_EISEN,GEEN_PROPEDEUTISCHE_FASE,GEEN_STUDIEKEUZE_CHECK,GEEN_VERSNELD_TRAJECT,a6dff629-a253-4b48-888e-6ba27dcfb7cd,a6dff629-a253-4b48-888e-6ba27dcfb7cd,113X565,Universiteitssingel,Maastricht,
107B471,Maastricht University,113A920,Universiteit Maastricht,OPLEIDING,1001O5933,56604,,NVAO,Psychologie,Psychology,2002-09-01,,WO-BA,BACHELOR,180,6,6,GETUIGSCHRIFT,Universiteit Maastricht,Pre-master psychologie,,Pre-master psychologie,VOLTIJD,NLD,2023-09-01,,2023-09-01,,https://www.maastrichtuniversity.nl/pre-master-psychology,,,GEEN_DEFICIENTIES,GEEN_EISEN,GEEN_PROPEDEUTISCHE_FASE,GEEN_STUDIEKEUZE_CHECK,GEEN_VERSNELD_TRAJECT,61b59c68-0f47-4aba-9641-fd7a87d24bad,61b59c68-0f47-4aba-9641-fd7a87d24bad,,,,
107B471,Maastricht University,113A920,Universiteit Maastricht,OPLEIDING,1001O6064,56827,,NVAO,Fiscaal Recht,Tax Law,2002-09-01,,WO-BA,BACHELOR,180,6,6,GETUIGSCHRIFT,Universiteit Maastricht,Bachelor Fiscaal Recht,,Bachelor Fiscaal Recht,VOLTIJD,NLD,2002-09-01,,2002-09-01,,https://www.maastrichtuniversity.nl/nl/onderwijs/bachelor/programmas/fiscaal-recht,,,GEEN_DEFICIENTIES,GEEN_EISEN,GEEN_PROPEDEUTISCHE_FASE,STUDIEKEUZE_CHECK_VAN_TOEPASSING,GEEN_VERSNELD_TRAJECT,e05f22b5-776c-4c95-8346-dc3fe42bef3c,fdddc6ce-2e1e-423f-b55d-fd98b74829b8,113X687,Bouillonstraat,Maastricht,
107B471,Maastricht University,113A920,Universiteit Maastricht,OPLEIDING,1001O6064,56827,,NVAO,Fiscaal Recht,Tax Law,2002-09-01,,WO-BA,BACHELOR,180,6,6,GETUIGSCHRIFT,Universiteit Maastricht,Pre-master Fiscaal Recht Traject 1,,Pre-master Fiscaal Recht Traject 1,VOLTIJD,NLD,2022-09-01,,2023-09-01,,https://www.maastrichtuniversity.nl/nl/premaster-fiscaal-recht,,,GEEN_DEFICIENTIES,GEEN_EISEN,GEEN_PROPEDEUTISCHE_FASE,GEEN_STUDIEKEUZE_CHECK,GEEN_VERSNELD_TRAJECT,b34c46f8-2f57-4ea2-a548-55c9d3b6471e,b34c46f8-2f57-4ea2-a548-55c9d3b6471e,113X687,Bouillonstraat,Maastricht,
107B471,Maastricht University,113A920,Universiteit Maastricht,OPLEIDING,1001O6064,56827,,NVAO,Fiscaal Recht,Tax Law,2002-09-01,,WO-BA,BACHELOR,180,6,6,GETUIGSCHRIFT,Universiteit Maastricht,Pre-master Fiscaal Recht Traject 2,,Pre-master Fiscaal Recht Traject 2,VOLTIJD,NLD,2022-09-01,,2023-09-01,,https://www.maastrichtuniversity.nl/nl/premaster-fiscaal-recht,,,GEEN_DEFICIENTIES,GEEN_EISEN,GEEN_PROPEDEUTISCHE_FASE,GEEN_STUDIEKEUZE_CHECK,GEEN_VERSNELD_TRAJECT,87f91a1e-f0ed-4d94-9e29-1ae7d2fc0a16,87f91a1e-f0ed-4d94-9e29-1ae7d2fc0a16,113X687,Bouillonstraat,Maastricht,
107B471,Maastricht University,113A920,Universiteit Maastricht,OPLEIDING,1001O6078,56833,,NVAO,Econometrie en Operationele Research,Econometrics and Operations Research,2009-09-01,,WO-BA,BACHELOR,180,6,6,GETUIGSCHRIFT,Universiteit Maastricht,Bachelor Econometrics and Operations Research,,Bachelor Econometrics and Operations Research,VOLTIJD,ENG,2002-09-01,,2009-09-01,,https://www.maastrichtuniversity.nl/nl/onderwijs/bachelor/programmas/econometrics-operations-research,,,GEEN_DEFICIENTIES,GEEN_EISEN,GEEN_PROPEDEUTISCHE_FASE,STUDIEKEUZE_CHECK_VAN_TOEPASSING,GEEN_VERSNELD_TRAJECT,db672bf4-f5d3-48ee-a6b0-509b1ec114b8,ba2d096f-d68c-4c21-84b1-4c99306cebe6,113X439,Tongersestraat,Maastricht,
107B471,Maastricht University,113A920,Universiteit Maastricht,OPLEIDING,1001O6078,56833,,NVAO,Econometrie en Operationele Research,Econometrics and Operations Research,2009-09-01,,WO-BA,BACHELOR,180,6,6,GETUIGSCHRIFT,Universiteit Maastricht,Pre-master Econometrics and Operations Research,,Pre-master Econometrics and Operations Research,VOLTIJD,ENG,2023-09-01,,2024-09-01,,https://www.maastrichtuniversity.nl/,,,GEEN_DEFICIENTIES,GEEN_EISEN,GEEN_PROPEDEUTISCHE_FASE,GEEN_STUDIEKEUZE_CHECK,GEEN_VERSNELD_TRAJECT,4516bfe1-88d6-4f01-8a21-d72aece69a1d,47749089-4522-407e-9fa0-cb8d772fecda,113X439,Tongersestraat,Maastricht,
107B471,Maastricht University,113A920,Universiteit Maastricht,OPLEIDING,1001O6108,56856,,NVAO,Business Analytics,Business Analytics,2020-09-01,,WO-BA,BACHELOR,180,6,6,GETUIGSCHRIFT,Universiteit Maastricht,Bachelor Business Analytics,,Bachelor Business Analytics,VOLTIJD,ENG,2019-09-01,,2020-09-01,,https://www.maastrichtuniversity.nl/nl/onderwijs/bachelor/programmas/business-analytics,,,GEEN_DEFICIENTIES,GEEN_EISEN,GEEN_PROPEDEUTISCHE_FASE,STUDIEKEUZE_CHECK_VAN_TOEPASSING,GEEN_VERSNELD_TRAJECT,3fcc3dcc-2dda-4f09-91d5-11a6d86c2ac4,33d62855-11ac-40bd-bdc9-81f53565ffaa,113X439,Tongersestraat,Maastricht,
107B471,Maastricht University,113A920,Universiteit Maastricht,OPLEIDING,1001O6205,56990,,NVAO,Biomedische Wetenschappen,Biomedical Sciences,2010-02-01,,WO-BA,BACHELOR,180,6,6,GETUIGSCHRIFT,Universiteit Maastricht,Bachelor Biomedische Wetenschappen,,Bachelor Biomedische Wetenschappen,VOLTIJD,ENG,2002-09-01,,2010-09-01,,https://www.maastrichtuniversity.nl/nl/onderwijs/bachelor/programmas/biomedical-sciences,,,GEEN_DEFICIENTIES,GEEN_EISEN,GEEN_PROPEDEUTISCHE_FASE,STUDIEKEUZE_CHECK_VAN_TOEPASSING,GEEN_VERSNELD_TRAJECT,fdb94688-350c-4d42-a01b-ee8552c029f9,fdb94688-350c-4d42-a01b-ee8552c029f9,113X686,Universiteitssingel,Maastricht,
107B471,Maastricht University,113A920,Universiteit Maastricht,OPLEIDING,1001O6205,56990,,NVAO,Biomedische Wetenschappen,Biomedical Sciences,2010-02-01,,WO-BA,BACHELOR,180,6,6,GETUIGSCHRIFT,Universiteit Maastricht,Educatieve Module - Biologie,,Educatieve Module - Biologie,VOLTIJD,NLD,2019-09-01,,2019-09-01,,https://www.maastrichtuniversity.nl/,,,GEEN_DEFICIENTIES,GEEN_EISEN,GEEN_PROPEDEUTISCHE_FASE,GEEN_STUDIEKEUZE_CHECK,GEEN_VERSNELD_TRAJECT,e988cf46-046b-4788-bb64-07e3c48c5196,0b02df64-9f11-428f-b066-c060edd04d51,113X686,Universiteitssingel,Maastricht,
107B471,Maastricht University,113A920,Universiteit Maastricht,OPLEIDING,1001O6244,59337,,NVAO,Digital Society,Digital Society,2019-09-01,,WO-BA,BACHELOR,180,6,6,GETUIGSCHRIFT,Universiteit Maastricht,Bachelor Digital Society,,Bachelor Digital Society,VOLTIJD,ENG,2018-09-01,,2019-09-01,,https://www.maastrichtuniversity.nl/nl/onderwijs/bachelor/programmas/digital-society,,,GEEN_DEFICIENTIES,GEEN_EISEN,GEEN_PROPEDEUTISCHE_FASE,STUDIEKEUZE_CHECK_VAN_TOEPASSING,GEEN_VERSNELD_TRAJECT,5aa27132-30d9-4222-b3e8-172fd5c8e63b,143ddb16-429c-4496-a646-e3ad18723f69,113X685,Grote Gracht,Maastricht,
107B471,Maastricht University,113A920,Universiteit Maastricht,OPLEIDING,1001O6246,59339,,NVAO,Global Studies,Global Studies,2020-09-01,,WO-BA,BACHELOR,180,6,6,GETUIGSCHRIFT,Universiteit Maastricht,Bachelor Global Studies,,Bachelor Global Studies,VOLTIJD,ENG,2019-09-01,,2020-09-01,,https://www.maastrichtuniversity.nl/nl/onderwijs/bachelor/programmas/global-studies,,,GEEN_DEFICIENTIES,GEEN_EISEN,GEEN_PROPEDEUTISCHE_FASE,STUDIEKEUZE_CHECK_VAN_TOEPASSING,GEEN_VERSNELD_TRAJECT,a53209d3-eeb2-4362-9092-e1924ec84565,1fd67569-dd6d-4689-bd59-555ba46c2f71,113X685,Grote Gracht,Maastricht,
107B471,Maastricht University,113A920,Universiteit Maastricht,OPLEIDING,1001O6248,59341,,NVAO,Circular Engineering,Circular Engineering,2021-09-01,,WO-BA,BACHELOR,180,6,6,GETUIGSCHRIFT,Universiteit Maastricht,Bachelor of Science in Circular Engineering,,Bachelor of Science in Circular Engineering,VOLTIJD,ENG,2020-09-01,,2021-09-01,,https://curriculum.maastrichtuniversity.nl/education/bachelor/circular-engineering,,,GEEN_DEFICIENTIES,GEEN_EISEN,GEEN_PROPEDEUTISCHE_FASE,STUDIEKEUZE_CHECK_VAN_TOEPASSING,GEEN_VERSNELD_TRAJECT,d8acf2b1-a0b8-408b-8e85-b498cb3c6988,,113X688,Paul-Henri Spaaklaan,Maastricht,
107B471,Maastricht University,113A920,Universiteit Maastricht,OPLEIDING,1001O8805,50426,,NVAO,Computer Science,Computer Science,2023-09-01,,WO-BA,BACHELOR,180,6,6,GETUIGSCHRIFT,Universiteit Maastricht,Bachelor of Science in Computer Science,,Bachelor of Science in Computer Science,VOLTIJD,ENG,2022-09-01,,2023-09-01,,https://www.maastrichtuniversity.nl/nl/onderwijs/bachelor/programmas/computer-science,,,GEEN_DEFICIENTIES,GEEN_EISEN,GEEN_PROPEDEUTISCHE_FASE,STUDIEKEUZE_CHECK_VAN_TOEPASSING,GEEN_VERSNELD_TRAJECT,d27e32af-0efb-4648-829b-e35b172e1818,f7e7864f-f413-4681-8d96-3a29cd37234b,113X688,Paul-Henri Spaaklaan,Maastricht,
107B471,Maastricht University,113A920,Universiteit Maastricht,OPLEIDING,1001O8844,59346,,NVAO,Regenerative Medicine and Technology,Regenerative Medicine and Technology,2023-09-01,,WO-BA,BACHELOR,180,6,6,GETUIGSCHRIFT,Universiteit Maastricht,Bachelor Regenerative Medicine and Technology,,Bachelor Regenerative Medicine and Technology,VOLTIJD,ENG,2022-09-01,,2023-09-01,,https://www.maastrichtuniversity.nl/nl/onderwijs/bachelor/programmas/regenerative-medicine-and-technology,,,GEEN_DEFICIENTIES,GEEN_EISEN,GEEN_PROPEDEUTISCHE_FASE,STUDIEKEUZE_CHECK_VAN_TOEPASSING,GEEN_VERSNELD_TRAJECT,10e0868a-24e9-4931-85e6-86746d72b4d4,18f64b4d-f099-4b91-8e4f-2d4a89b3a71d,113X686,Universiteitssingel,Maastricht,
107B471,Maastricht University,113A920,Universiteit Maastricht,OPLEIDING,1001O8867,59347,,NVAO,Brain Science,Brain Science,2024-09-01,,WO-BA,BACHELOR,180,6,6,GETUIGSCHRIFT,Universiteit Maastricht,Bachelor Brain Science,,Bachelor Brain Science,VOLTIJD,ENG,2022-09-01,,2024-09-01,,https://curriculum.maastrichtuniversity.nl/education/bachelor/brain-science,,,GEEN_DEFICIENTIES,GEEN_EISEN,GEEN_PROPEDEUTISCHE_FASE,STUDIEKEUZE_CHECK_VAN_TOEPASSING,GEEN_VERSNELD_TRAJECT,73df6be6-05c9-4758-a20c-0c2f55b07cff,73df6be6-05c9-4758-a20c-0c2f55b07cff,113X565,Universiteitssingel,Maastricht,
107B471,Maastricht University,113A920,Universiteit Maastricht,OPLEIDING,1016O2305,50478,,NVAO,Sustainable Bioscience,Sustainable Bioscience,2026-09-01,,WO-BA,BACHELOR,180,6,6,GETUIGSCHRIFT,Universiteit Maastricht,Bachelor Sustainable Bioscience,,Bachelor Sustainable Bioscience,VOLTIJD,ENG,2024-09-01,,2026-09-01,,https://www.maastrichtuniversity.nl/nl/onderwijs/bachelor/programmas/sustainable-bioscience,,,DEFICIENTIES,GEEN_EISEN,GEEN_PROPEDEUTISCHE_FASE,STUDIEKEUZE_CHECK_VAN_TOEPASSING,GEEN_VERSNELD_TRAJECT,7db313c6-39b2-4cf3-8351-aff51f2f14df,7db313c6-39b2-4cf3-8351-aff51f2f14df,,,,
107B471,Maastricht University,113A920,Universiteit Maastricht,OPLEIDING,1016O2836,55031,,NVAO,Urban Sustainability Studies (joint degree),Urban Sustainability Studies (joint degree),2025-09-01,,WO-BA,BACHELOR,180,6,6,GETUIGSCHRIFT,Universiteit Maastricht,Bachelor Urban Sustainability Studies,,Bachelor Urban Sustainability Studies,VOLTIJD,ENG,2024-09-01,,2025-09-01,,https://www.maastrichtuniversity.nl/education/bachelor/programmes/urban-sustainability-studies/admission-and-enrolment,,,GEEN_DEFICIENTIES,GEEN_EISEN,GEEN_PROPEDEUTISCHE_FASE,STUDIEKEUZE_CHECK_VAN_TOEPASSING,GEEN_VERSNELD_TRAJECT,1f54541f-c421-4c9a-9ee8-d3cd965530b9,1f54541f-c421-4c9a-9ee8-d3cd965530b9,114X696,Smedestraat,Heerlen,
107B473,Universiteit van Amsterdam,113A697,Universiteit van Amsterdam,OPLEIDING,1001O5621,50003,,NVAO,Onderwijswetenschappen,Educational Sciences,2018-09-01,,WO-BA,BACHELOR,180,6,6,GETUIGSCHRIFT,Universiteit van Amsterdam,Onderwijswetenschappen,,Onderwijswetenschappen,VOLTIJD,NLD,2020-09-01,,2020-09-01,,http://www.uva.nl/programmas/bachelors/onderwijswetenschappen/onderwijswetenschappen.html?origin=QM8V0lIERF2uFhPGbux%2F2g,,,GEEN_DEFICIENTIES,GEEN_EISEN,GEEN_PROPEDEUTISCHE_FASE,STUDIEKEUZE_CHECK_VERPLICHT,GEEN_VERSNELD_TRAJECT,eca2e5cf-22bd-41fb-a37f-8c7025cfbe96,eca2e5cf-22bd-41fb-a37f-8c7025cfbe96,108X991,,Amsterdam,
107B473,Universiteit van Amsterdam,113A697,Universiteit van Amsterdam,OPLEIDING,1001O5623,50004,,NVAO,Cultuurwetenschappen,Cultural Studies,2017-09-01,,WO-BA,BACHELOR,180,6,6,GETUIGSCHRIFT,Universiteit van Amsterdam,Cultuurwetenschappen,,Cultural Studies,VOLTIJD,ENG,2020-09-01,,2020-09-01,,https://www.uva.nl/shared-content/programmas/en/bachelors/human-geography-and-planning/human-geography-and-planning.html,,,GEEN_DEFICIENTIES,GEEN_EISEN,GEEN_PROPEDEUTISCHE_FASE,STUDIEKEUZE_CHECK_VERPLICHT,GEEN_VERSNELD_TRAJECT,ce1ff09d-b533-4b62-b0f2-fe93332d57b8,ce1ff09d-b533-4b62-b0f2-fe93332d57b8,108X991,,Amsterdam,
107B473,Universiteit van Amsterdam,113A697,Universiteit van Amsterdam,OPLEIDING,1001O5623,50004,,NVAO,Cultuurwetenschappen,Cultural Studies,2017-09-01,,WO-BA,BACHELOR,180,6,6,GETUIGSCHRIFT,Universiteit van Amsterdam,Cultuurwetenschappen,,Cultural Studies,VOLTIJD,NLD,2020-09-01,,2020-09-01,,https://www.uva.nl/ba-gacp,,,GEEN_DEFICIENTIES,GEEN_EISEN,GEEN_PROPEDEUTISCHE_FASE,STUDIEKEUZE_CHECK_VERPLICHT,GEEN_VERSNELD_TRAJECT,2b5524e8-35c1-4920-ac16-6577b8c74547,2b5524e8-35c1-4920-ac16-6577b8c74547,108X991,,Amsterdam,
107B473,Universiteit van Amsterdam,113A697,Universiteit van Amsterdam,OPLEIDING,1001O5630,50010,,NVAO,Media en informatie,Media and information,2002-09-01,,WO-BA,BACHELOR,180,6,6,GETUIGSCHRIFT,Universiteit van Amsterdam,Media and Information,,Media and Information,VOLTIJD,ENG,2020-09-01,,2020-09-01,,http://www.uva.nl/ba-media-and-information,,,GEEN_DEFICIENTIES,GEEN_EISEN,GEEN_PROPEDEUTISCHE_FASE,STUDIEKEUZE_CHECK_VERPLICHT,GEEN_VERSNELD_TRAJECT,7551ed69-5c79-4646-a8b9-fdd03aad54ae,7551ed69-5c79-4646-a8b9-fdd03aad54ae,108X991,,Amsterdam,
107B473,Universiteit van Amsterdam,113A697,Universiteit van Amsterdam,OPLEIDING,1001O5635,50014,,NVAO,Psychobiologie,Psychobiology,2003-09-01,,WO-BA,BACHELOR,180,6,6,GETUIGSCHRIFT,Universiteit van Amsterdam,Psychobiologie,,Psychobiologie,VOLTIJD,NLD,2023-09-01,,2023-09-01,,http://uva.nl/bsc-psychobiologie,,,GEEN_DEFICIENTIES,GEEN_EISEN,GEEN_PROPEDEUTISCHE_FASE,GEEN_STUDIEKEUZE_CHECK,GEEN_VERSNELD_TRAJECT,6dcb9e94-80c0-459d-93d0-e61a48116f74,6dcb9e94-80c0-459d-93d0-e61a48116f74,108X991,,Amsterdam,
107B473,Universiteit van Amsterdam,113A697,Universiteit van Amsterdam,OPLEIDING,1001O5653,50035,,NVAO,Culturele Antropologie en Ontwikkelingssociologie,Cultural Anthropology and Development Sociology,2009-09-01,,WO-BA,BACHELOR,180,6,6,GETUIGSCHRIFT,Universiteit van Amsterdam,Culturele Antropologie en Ontwikkelingssociologie,,Cultural Anthropology and Development Sociology,VOLTIJD,ENG,2020-09-01,,2020-09-01,,http://www.uva.nl/en/education/bachelor-s/bachelor-s-programmes/bachelor-s-programmes.html,,,GEEN_DEFICIENTIES,GEEN_EISEN,GEEN_PROPEDEUTISCHE_FASE,STUDIEKEUZE_CHECK_VERPLICHT,GEEN_VERSNELD_TRAJECT,a0272e06-7b1a-4f0a-b6d2-fea2838ae767,a0272e06-7b1a-4f0a-b6d2-fea2838ae767,108X991,,Amsterdam,
107B473,Universiteit van Amsterdam,113A697,Universiteit van Amsterdam,OPLEIDING,1001O5653,50035,,NVAO,Culturele Antropologie en Ontwikkelingssociologie,Cultural Anthropology and Development Sociology,2009-09-01,,WO-BA,BACHELOR,180,6,6,GETUIGSCHRIFT,Universiteit van Amsterdam,Culturele Antropologie en Ontwikkelingssociologie,,Cultural Anthropology and Development Sociology,VOLTIJD,NLD,2020-09-01,,2020-09-01,,http://www.uva.nl/bsc-antropologie,,,GEEN_DEFICIENTIES,GEEN_EISEN,GEEN_PROPEDEUTISCHE_FASE,STUDIEKEUZE_CHECK_VERPLICHT,GEEN_VERSNELD_TRAJECT,27133d09-ca94-4d70-934d-4b0db4e5daf5,27133d09-ca94-4d70-934d-4b0db4e5daf5,108X991,,Amsterdam,
107B473,Universiteit van Amsterdam,113A697,Universiteit van Amsterdam,OPLEIDING,1001O5668,50250,,NVAO,Bèta-gamma,Natural and Social Sciences,2003-09-01,,WO-BA,BACHELOR,180,6,6,GETUIGSCHRIFT,Universiteit van Amsterdam,Bèta-gamma,,Bèta-gamma,VOLTIJD,NLD,2020-04-29,,2020-04-29,,http://uva.nl/bg,,,GEEN_DEFICIENTIES,GEEN_EISEN,GEEN_PROPEDEUTISCHE_FASE,STUDIEKEUZE_CHECK_VERPLICHT,GEEN_VERSNELD_TRAJECT,f80fc9b1-0f70-44a1-9989-ea082f5d9a0e,f80fc9b1-0f70-44a1-9989-ea082f5d9a0e,108X991,,Amsterdam,
107B473,Universiteit van Amsterdam,113A697,Universiteit van Amsterdam,OPLEIDING,1001O5693,50425,,NVAO,Future Planet Studies,Future Planet Studies,2012-09-01,,WO-BA,BACHELOR,180,6,6,GETUIGSCHRIFT,Universiteit van Amsterdam,Future Planet Studies,,Future Planet Studies,VOLTIJD,NLD,2017-12-29,,2017-12-29,,http://uva.nl/fps,,,GEEN_DEFICIENTIES,GEEN_EISEN,GEEN_PROPEDEUTISCHE_FASE,STUDIEKEUZE_CHECK_VERPLICHT,GEEN_VERSNELD_TRAJECT,a78fefd8-076d-4886-b478-0463ada4b84f,a78fefd8-076d-4886-b478-0463ada4b84f,108X991,,Amsterdam,
107B473,Universiteit van Amsterdam,113A697,Universiteit van Amsterdam,OPLEIDING,1001O5729,50700,,NVAO,Rechtsgeleerdheid,Law,2003-09-01,,WO-BA,BACHELOR,180,6,6,GETUIGSCHRIFT,Universiteit van Amsterdam,Rechtsgeleerdheid,,Rechtsgeleerdheid,VOLTIJD,NLD,2019-01-31,,2019-01-31,,http://www.uva.nl/llb-rechtsgeleerdheid,,,GEEN_DEFICIENTIES,GEEN_EISEN,GEEN_PROPEDEUTISCHE_FASE,STUDIEKEUZE_CHECK_VERPLICHT,GEEN_VERSNELD_TRAJECT,68ca6bd2-ced4-4c39-b97a-873a9f92afa2,68ca6bd2-ced4-4c39-b97a-873a9f92afa2,108X991,,Amsterdam,
107B473,Universiteit van Amsterdam,113A697,Universiteit van Amsterdam,OPLEIDING,1001O5748,50897,,NVAO,Business Administration,Business Administration,2017-09-01,,WO-BA,BACHELOR,180,6,6,GETUIGSCHRIFT,Universiteit van Amsterdam,Business Administration,,Business Administration,VOLTIJD,ENG,2023-09-01,,2023-09-01,,http://uva.nl/en/bsc-ba,,,GEEN_DEFICIENTIES,GEEN_EISEN,GEEN_PROPEDEUTISCHE_FASE,GEEN_STUDIEKEUZE_CHECK,GEEN_VERSNELD_TRAJECT,999c4bba-abe8-4069-95c2-390361eeba8f,999c4bba-abe8-4069-95c2-390361eeba8f,108X991,,Amsterdam,
107B473,Universiteit van Amsterdam,113A697,Universiteit van Amsterdam,OPLEIDING,1001O5748,50897,,NVAO,Business Administration,Business Administration,2017-09-01,,WO-BA,BACHELOR,180,6,6,GETUIGSCHRIFT,Universiteit van Amsterdam,Business Administration,,Business Administration,VOLTIJD,NLD,2025-09-01,,2025-09-01,,http://uva.nl/bsc-business-administration,,,GEEN_DEFICIENTIES,GEEN_EISEN,GEEN_PROPEDEUTISCHE_FASE,GEEN_STUDIEKEUZE_CHECK,GEEN_VERSNELD_TRAJECT,42b7c0d9-863c-432f-97c7-295ffa99990b,42b7c0d9-863c-432f-97c7-295ffa99990b,108X991,,Amsterdam,
107B473,Universiteit van Amsterdam,113A697,Universiteit van Amsterdam,OPLEIDING,1001O5749,50901,,NVAO,Hebreeuwse Taal en Cultuur,Hebrew Language and Culture,2002-09-01,,WO-BA,BACHELOR,180,6,6,GETUIGSCHRIFT,Universiteit van Amsterdam,Hebreeuwse Taal en Cultuur,,Hebreeuwse Taal en Cultuur,VOLTIJD,NLD,2020-11-19,,2020-11-19,,http://www.uva.nl/ba-hebreeuws,,,GEEN_DEFICIENTIES,GEEN_EISEN,GEEN_PROPEDEUTISCHE_FASE,STUDIEKEUZE_CHECK_VERPLICHT,GEEN_VERSNELD_TRAJECT,496b5025-e2c0-49b5-952f-1a8dcb7c5e5f,496b5025-e2c0-49b5-952f-1a8dcb7c5e5f,108X991,,Amsterdam,
107B473,Universiteit van Amsterdam,113A697,Universiteit van Amsterdam,OPLEIDING,1001O5753,50902,,NVAO,Religiewetenschappen,Religious Studies,2002-09-01,,WO-BA,BACHELOR,180,6,6,GETUIGSCHRIFT,Universiteit van Amsterdam,Religiewetenschappen,,Religiewetenschappen,VOLTIJD,NLD,2020-09-07,,2020-09-07,,http://www.uva.nl/ba-religiewetenschappen,,,GEEN_DEFICIENTIES,GEEN_EISEN,GEEN_PROPEDEUTISCHE_FASE,STUDIEKEUZE_CHECK_VERPLICHT,GEEN_VERSNELD_TRAJECT,453f0ce2-32d1-4c6e-be8c-9bd987179761,453f0ce2-32d1-4c6e-be8c-9bd987179761,108X991,,Amsterdam,
107B473,Universiteit van Amsterdam,113A697,Universiteit van Amsterdam,OPLEIDING,1001O5759,50906,,NVAO,Media en Cultuur,Media and Culture,2002-09-01,,WO-BA,BACHELOR,180,6,6,GETUIGSCHRIFT,Universiteit van Amsterdam,Media en Cultuur,,Media and Culture,VOLTIJD,ENG,2020-09-01,,2020-09-01,,http://www.uva.nl/ba-media-and-culture,,,GEEN_DEFICIENTIES,GEEN_EISEN,GEEN_PROPEDEUTISCHE_FASE,STUDIEKEUZE_CHECK_VERPLICHT,GEEN_VERSNELD_TRAJECT,27d8e360-40ab-480e-913f-f9c35a7e872c,27d8e360-40ab-480e-913f-f9c35a7e872c,108X991,,Amsterdam,
107B473,Universiteit van Amsterdam,113A697,Universiteit van Amsterdam,OPLEIDING,1001O5759,50906,,NVAO,Media en Cultuur,Media and Culture,2002-09-01,,WO-BA,BACHELOR,180,6,6,GETUIGSCHRIFT,Universiteit van Amsterdam,Media en Cultuur,,Media and Culture,VOLTIJD,NLD,2020-09-01,,2020-09-01,,http://www.uva.nl/ba-media,,,GEEN_DEFICIENTIES,GEEN_EISEN,GEEN_PROPEDEUTISCHE_FASE,STUDIEKEUZE_CHECK_VERPLICHT,GEEN_VERSNELD_TRAJECT,252f409e-9857-489c-99b0-43a9837b3e1e,252f409e-9857-489c-99b0-43a9837b3e1e,108X991,,Amsterdam,
107B473,Universiteit van Amsterdam,113A697,Universiteit van Amsterdam,OPLEIDING,1001O5776,50980,,NVAO,Computational Social Science,Computational Social Science,2021-06-28,,WO-BA,BACHELOR,180,6,6,GETUIGSCHRIFT,Universiteit van Amsterdam,Computational Social Science,,Computational Social Science,VOLTIJD,ENG,2021-06-28,,2021-06-28,,https://www.uva.nl/en/programmes/bachelors/computational-social-science/computational-social-science.html,,,GEEN_DEFICIENTIES,GEEN_EISEN,GEEN_PROPEDEUTISCHE_FASE,STUDIEKEUZE_CHECK_VERPLICHT,GEEN_VERSNELD_TRAJECT,f3d14230-cbe1-4ab8-a131-a83dbbcde0ed,f3d14230-cbe1-4ab8-a131-a83dbbcde0ed,108X991,,Amsterdam,
107B473,Universiteit van Amsterdam,113A697,Universiteit van Amsterdam,OPLEIDING,1001O5795,55012,,NVAO,Scheikunde (joint degree),Chemistry (joint degree),2016-09-01,,WO-BA,BACHELOR,180,6,6,GETUIGSCHRIFT,Universiteit van Amsterdam,Scheikunde - joint degree UvA-VU,,Scheikunde - joint degree UvA-VU,VOLTIJD,NLD,2019-07-15,,2019-07-15,,http://uva.nl/bsc-scheikunde,111A136,,GEEN_DEFICIENTIES,GEEN_EISEN,GEEN_PROPEDEUTISCHE_FASE,STUDIEKEUZE_CHECK_VERPLICHT,GEEN_VERSNELD_TRAJECT,574bca6e-fdfb-4670-88e0-eef026f06a39,574bca6e-fdfb-4670-88e0-eef026f06a39,108X991,,Amsterdam,
107B473,Universiteit van Amsterdam,113A697,Universiteit van Amsterdam,OPLEIDING,1001O5795,55012,,NVAO,Scheikunde (joint degree),Chemistry (joint degree),2016-09-01,,WO-BA,BACHELOR,180,6,6,GETUIGSCHRIFT,Universiteit van Amsterdam,"Scheikunde - joint degree UvA-VU, vrije opleiding",,"Scheikunde - joint degree UvA-VU, open curriculum",VOLTIJD,NLD,2019-07-15,,2019-07-15,,http://uva.nl/bsc-scheikunde,,,GEEN_DEFICIENTIES,GEEN_EISEN,GEEN_PROPEDEUTISCHE_FASE,STUDIEKEUZE_CHECK_VERPLICHT,GEEN_VERSNELD_TRAJECT,fd9b4604-7567-4e74-bcae-a872e1c6a9c6,fd9b4604-7567-4e74-bcae-a872e1c6a9c6,108X991,,Amsterdam,
107B473,Universiteit van Amsterdam,113A697,Universiteit van Amsterdam,OPLEIDING,1001O5797,55013,,NVAO,Natuur- en Sterrenkunde (joint degree),Physics and Astronomy (joint degree),2016-09-01,,WO-BA,BACHELOR,180,6,6,GETUIGSCHRIFT,Universiteit van Amsterdam,Natuur- en Sterrenkunde - joint degree UvA-VU,,Natuur- en Sterrenkunde - joint degree UvA-VU,VOLTIJD,NLD,2020-03-31,,2020-03-31,,http://www.uva.nl/programmas/bachelors/natuur--en-sterrenkunde/natuur--en-sterrenkunde.html,111A136,,GEEN_DEFICIENTIES,GEEN_EISEN,GEEN_PROPEDEUTISCHE_FASE,STUDIEKEUZE_CHECK_VERPLICHT,GEEN_VERSNELD_TRAJECT,2598755b-a567-4722-850b-6d3b0c10bd71,2598755b-a567-4722-850b-6d3b0c10bd71,108X991,,Amsterdam,
107B473,Universiteit van Amsterdam,113A697,Universiteit van Amsterdam,OPLEIDING,1001O5797,55013,,NVAO,Natuur- en Sterrenkunde (joint degree),Physics and Astronomy (joint degree),2016-09-01,,WO-BA,BACHELOR,180,6,6,GETUIGSCHRIFT,Universiteit van Amsterdam,"Natuur- en Sterrenkunde - joint degree UvA-VU, vrije opleiding",,"Natuur- en Sterrenkunde - joint degree UvA-VU, open curriculum",VOLTIJD,NLD,2020-03-31,,2020-03-31,,http://www.uva.nl/programmas/bachelors/natuur--en-sterrenkunde/natuur--en-sterrenkunde.html,,,GEEN_DEFICIENTIES,GEEN_EISEN,GEEN_PROPEDEUTISCHE_FASE,STUDIEKEUZE_CHECK_VERPLICHT,GEEN_VERSNELD_TRAJECT,4e60cabd-e7d7-43b9-b7d9-b54cf857e71b,4e60cabd-e7d7-43b9-b7d9-b54cf857e71b,108X991,,Amsterdam,
107B473,Universiteit van Amsterdam,113A697,Universiteit van Amsterdam,OPLEIDING,1001O5807,56003,,NVAO,Griekse en Latijnse Taal en Cultuur,Greek and Latin Language and Culture,2002-09-01,,WO-BA,BACHELOR,180,6,6,GETUIGSCHRIFT,Universiteit van Amsterdam,Griekse en Latijnse Taal en Cultuur,,Griekse en Latijnse Taal en Cultuur,VOLTIJD,NLD,2020-11-19,,2020-11-19,,http://www.uva.nl/ba-grieks-latijn,,,DEFICIENTIES,GEEN_EISEN,GEEN_PROPEDEUTISCHE_FASE,STUDIEKEUZE_CHECK_VERPLICHT,GEEN_VERSNELD_TRAJECT,1e60f5ab-3390-453c-8cc1-19338ee1a766,1e60f5ab-3390-453c-8cc1-19338ee1a766,108X991,,Amsterdam,
107B473,Universiteit van Amsterdam,113A697,Universiteit van Amsterdam,OPLEIDING,1001O5820,56034,,NVAO,Geschiedenis,History,2002-09-01,,WO-BA,BACHELOR,180,6,6,GETUIGSCHRIFT,Universiteit van Amsterdam,Geschiedenis,,Geschiedenis,VOLTIJD,NLD,2020-09-01,,2020-09-01,,http://www.uva.nl/ba-geschiedenis,,,GEEN_DEFICIENTIES,GEEN_EISEN,GEEN_PROPEDEUTISCHE_FASE,STUDIEKEUZE_CHECK_VERPLICHT,GEEN_VERSNELD_TRAJECT,4281c43a-8eb8-4521-8ed2-020eba1807f4,4281c43a-8eb8-4521-8ed2-020eba1807f4,108X991,,Amsterdam,
107B473,Universiteit van Amsterdam,113A697,Universiteit van Amsterdam,OPLEIDING,1001O5825,56040,,NVAO,Arabische Taal en Cultuur,Arabic Language and Culture,2002-09-01,,WO-BA,BACHELOR,180,6,6,GETUIGSCHRIFT,Universiteit van Amsterdam,Arabische Taal en Cultuur,,Arabische Taal en Cultuur,VOLTIJD,NLD,2020-11-19,,2020-11-19,,http://www.uva.nl/ba-arabisch,,,GEEN_DEFICIENTIES,GEEN_EISEN,GEEN_PROPEDEUTISCHE_FASE,STUDIEKEUZE_CHECK_VERPLICHT,GEEN_VERSNELD_TRAJECT,c3a0d022-5978-4a76-80b1-b20982b7325d,c3a0d022-5978-4a76-80b1-b20982b7325d,108X991,,Amsterdam,
107B473,Universiteit van Amsterdam,113A697,Universiteit van Amsterdam,OPLEIDING,1001O5830,56051,,NVAO,Europese Studies,European Studies,2002-09-01,,WO-BA,BACHELOR,180,6,6,GETUIGSCHRIFT,Universiteit van Amsterdam,Europese Studies,,European Studies,VOLTIJD,ENG,2020-09-01,,2020-09-01,,http://www.uva.nl/ba-european-studies,,,GEEN_DEFICIENTIES,GEEN_EISEN,GEEN_PROPEDEUTISCHE_FASE,STUDIEKEUZE_CHECK_VERPLICHT,GEEN_VERSNELD_TRAJECT,4ea8d232-54d8-46e0-8f76-8fa52951a6ca,4ea8d232-54d8-46e0-8f76-8fa52951a6ca,108X991,,Amsterdam,
107B473,Universiteit van Amsterdam,113A697,Universiteit van Amsterdam,OPLEIDING,1001O5830,56051,,NVAO,Europese Studies,European Studies,2002-09-01,,WO-BA,BACHELOR,180,6,6,GETUIGSCHRIFT,Universiteit van Amsterdam,Europese Studies,,European Studies,VOLTIJD,NLD,2020-09-01,,2020-09-01,,http://www.uva.nl/ba-europese-studies,,,GEEN_DEFICIENTIES,GEEN_EISEN,GEEN_PROPEDEUTISCHE_FASE,STUDIEKEUZE_CHECK_VERPLICHT,GEEN_VERSNELD_TRAJECT,258bf8f7-6a62-4880-94e5-bb62b1e8de31,258bf8f7-6a62-4880-94e5-bb62b1e8de31,108X991,,Amsterdam,
107B473,Universiteit van Amsterdam,113A697,Universiteit van Amsterdam,OPLEIDING,1001O5841,56081,,NVAO,Filosofie,Philosophy,2002-09-01,,WO-BA,BACHELOR,180,6,6,GETUIGSCHRIFT,Universiteit van Amsterdam,Filosofie,,Filosofie,VOLTIJD,NLD,2020-09-01,,2020-09-01,,http://www.uva.nl/ba-filosofie,,,GEEN_DEFICIENTIES,GEEN_EISEN,GEEN_PROPEDEUTISCHE_FASE,STUDIEKEUZE_CHECK_VERPLICHT,GEEN_VERSNELD_TRAJECT,aedb04b3-ea9a-48d1-9302-75ff31cb5987,aedb04b3-ea9a-48d1-9302-75ff31cb5987,108X991,,Amsterdam,
107B473,Universiteit van Amsterdam,113A697,Universiteit van Amsterdam,OPLEIDING,1001O5887,56402,,NVAO,Fiscale Economie,Fiscal Economics,2002-09-01,,WO-BA,BACHELOR,180,6,6,GETUIGSCHRIFT,Universiteit van Amsterdam,Fiscale Economie,,Fiscale Economie,VOLTIJD,NLD,2023-09-01,,2023-09-01,,http://www.uva.nl/bsc-fiscale-economie,,,GEEN_DEFICIENTIES,GEEN_EISEN,GEEN_PROPEDEUTISCHE_FASE,STUDIEKEUZE_CHECK_VERPLICHT,GEEN_VERSNELD_TRAJECT,c96f35b8-9295-4cca-afed-86e43527f084,c96f35b8-9295-4cca-afed-86e43527f084,108X991,,Amsterdam,
107B473,Universiteit van Amsterdam,113A697,Universiteit van Amsterdam,OPLEIDING,1001O5889,56411,,NVAO,Actuariële Wetenschappen,Actuarial Science,2002-09-01,,WO-BA,BACHELOR,180,6,6,GETUIGSCHRIFT,Universiteit van Amsterdam,Actuariële Wetenschappen,,Actuarial Science,VOLTIJD,ENG,2023-09-01,,2023-09-01,,http://www.uva.nl/bsc-actuarial-science,,,GEEN_DEFICIENTIES,GEEN_EISEN,GEEN_PROPEDEUTISCHE_FASE,STUDIEKEUZE_CHECK_VERPLICHT,GEEN_VERSNELD_TRAJECT,f3749f99-6a24-41cf-8386-298f1fb54a06,f3749f99-6a24-41cf-8386-298f1fb54a06,108X991,,Amsterdam,
107B473,Universiteit van Amsterdam,113A697,Universiteit van Amsterdam,OPLEIDING,1001O5889,56411,,NVAO,Actuariële Wetenschappen,Actuarial Science,2002-09-01,,WO-BA,BACHELOR,180,6,6,GETUIGSCHRIFT,Universiteit van Amsterdam,Actuariële Wetenschappen,,Actuarial Science,VOLTIJD,NLD,2025-09-01,,2025-09-01,,http://www.uva.nl/bsc-actuariele-wetenschappen,,,GEEN_DEFICIENTIES,GEEN_EISEN,GEEN_PROPEDEUTISCHE_FASE,STUDIEKEUZE_CHECK_VERPLICHT,GEEN_VERSNELD_TRAJECT,1df36934-4bdf-4a60-90df-20739ffdc3c7,1df36934-4bdf-4a60-90df-20739ffdc3c7,108X991,,Amsterdam,
107B473,Universiteit van Amsterdam,113A697,Universiteit van Amsterdam,OPLEIDING,1001O5908,56551,,NVAO,Geneeskunde,Medicine,2009-09-01,,WO-BA,BACHELOR,180,6,6,GETUIGSCHRIFT,Universiteit van Amsterdam,Geneeskunde,,Geneeskunde,VOLTIJD,NLD,2023-09-01,,2023-09-01,,http://www.uva.nl/programmas/bachelors/geneeskunde/geneeskunde.html,,,GEEN_DEFICIENTIES,GEEN_EISEN,GEEN_PROPEDEUTISCHE_FASE,GEEN_STUDIEKEUZE_CHECK,GEEN_VERSNELD_TRAJECT,55b2759a-7839-410a-925c-0e868e2c1404,55b2759a-7839-410a-925c-0e868e2c1404,108X991,,Amsterdam,
107B473,Universiteit van Amsterdam,113A697,Universiteit van Amsterdam,OPLEIDING,1001O5916,56560,,NVAO,Tandheelkunde,Dentistry,2003-09-01,,WO-BA,BACHELOR,180,6,6,GETUIGSCHRIFT,Universiteit van Amsterdam,Tandheelkunde,,Tandheelkunde,VOLTIJD,NLD,2023-09-01,,2023-09-01,,http://www.uva.nl/bsc-tandheelkunde,,,GEEN_DEFICIENTIES,GEEN_EISEN,GEEN_PROPEDEUTISCHE_FASE,GEEN_STUDIEKEUZE_CHECK,GEEN_VERSNELD_TRAJECT,371d2c94-f513-4138-b6ae-660d90577214,371d2c94-f513-4138-b6ae-660d90577214,108X991,,Amsterdam,
107B473,Universiteit van Amsterdam,113A697,Universiteit van Amsterdam,OPLEIDING,1001O5920,56573,,NVAO,Medische Informatiekunde,Medical Informatics,2003-09-01,,WO-BA,BACHELOR,180,6,6,GETUIGSCHRIFT,Universiteit van Amsterdam,Medische Informatiekunde,,Medische Informatiekunde,VOLTIJD,NLD,2023-09-01,,2023-09-01,,http://www.uva.nl/onderwijs/bachelor/bacheloropleidingen/item/medische-informatiekunde.html,,,GEEN_DEFICIENTIES,GEEN_EISEN,GEEN_PROPEDEUTISCHE_FASE,STUDIEKEUZE_CHECK_VERPLICHT,GEEN_VERSNELD_TRAJECT,7e732b22-cd23-4390-9eb6-671ab0996b19,7e732b22-cd23-4390-9eb6-671ab0996b19,108X991,,Amsterdam,
107B473,Universiteit van Amsterdam,113A697,Universiteit van Amsterdam,OPLEIDING,1001O5924,56601,,NVAO,Sociologie,Sociology,2003-09-01,,WO-BA,BACHELOR,180,6,6,GETUIGSCHRIFT,Universiteit van Amsterdam,Sociologie,,Sociology,VOLTIJD,ENG,2020-09-01,,2020-09-01,,http://uva.nl/bsc-sociology,,,GEEN_DEFICIENTIES,GEEN_EISEN,GEEN_PROPEDEUTISCHE_FASE,STUDIEKEUZE_CHECK_VERPLICHT,GEEN_VERSNELD_TRAJECT,ba02666c-1cb9-4bc4-a00b-150ed4601cfb,ba02666c-1cb9-4bc4-a00b-150ed4601cfb,108X991,,Amsterdam,
107B473,Universiteit van Amsterdam,113A697,Universiteit van Amsterdam,OPLEIDING,1001O5924,56601,,NVAO,Sociologie,Sociology,2003-09-01,,WO-BA,BACHELOR,180,6,6,GETUIGSCHRIFT,Universiteit van Amsterdam,Sociologie,,Sociology,VOLTIJD,NLD,2020-09-01,,2020-09-01,,http://uva.nl/bsc-sociologie,,,GEEN_DEFICIENTIES,GEEN_EISEN,GEEN_PROPEDEUTISCHE_FASE,STUDIEKEUZE_CHECK_VERPLICHT,GEEN_VERSNELD_TRAJECT,c471d586-ef99-4ee3-ad95-c217eaf7df55,c471d586-ef99-4ee3-ad95-c217eaf7df55,108X991,,Amsterdam,
107B473,Universiteit van Amsterdam,113A697,Universiteit van Amsterdam,OPLEIDING,1001O5934,56604,,NVAO,Psychologie,Psychology,2003-09-01,,WO-BA,BACHELOR,180,6,6,GETUIGSCHRIFT,Universiteit van Amsterdam,Psychologie,,Psychology,VOLTIJD,ENG,2023-09-01,,2023-09-01,,http://uva.nl/bsc-psychology,,,GEEN_DEFICIENTIES,GEEN_EISEN,GEEN_PROPEDEUTISCHE_FASE,GEEN_STUDIEKEUZE_CHECK,GEEN_VERSNELD_TRAJECT,fa040681-37c6-4aff-b334-f52257f062e8,fa040681-37c6-4aff-b334-f52257f062e8,108X991,,Amsterdam,
107B473,Universiteit van Amsterdam,113A697,Universiteit van Amsterdam,OPLEIDING,1001O5934,56604,,NVAO,Psychologie,Psychology,2003-09-01,,WO-BA,BACHELOR,180,6,6,GETUIGSCHRIFT,Universiteit van Amsterdam,Psychologie,,Psychology,VOLTIJD,NLD,2023-09-01,,2023-09-01,,http://uva.nl/bsc-psychologie,,,GEEN_DEFICIENTIES,GEEN_EISEN,GEEN_PROPEDEUTISCHE_FASE,GEEN_STUDIEKEUZE_CHECK,GEEN_VERSNELD_TRAJECT,f82c5251-8e40-43e8-9665-f38eabb95cb6,f82c5251-8e40-43e8-9665-f38eabb95cb6,108X991,,Amsterdam,
107B473,Universiteit van Amsterdam,113A697,Universiteit van Amsterdam,OPLEIDING,1001O5940,56606,,NVAO,Politicologie,Political Science,2003-09-01,,WO-BA,BACHELOR,180,6,6,GETUIGSCHRIFT,Universiteit van Amsterdam,Politicologie,,Political Science,VOLTIJD,ENG,2023-09-01,,2023-09-01,,htp://www.uva.nl/bsc-politicalscience,,,GEEN_DEFICIENTIES,GEEN_EISEN,GEEN_PROPEDEUTISCHE_FASE,GEEN_STUDIEKEUZE_CHECK,GEEN_VERSNELD_TRAJECT,c5b405f6-5258-4b20-b3d7-0e2b55bfc8bc,c5b405f6-5258-4b20-b3d7-0e2b55bfc8bc,108X991,,Amsterdam,
107B473,Universiteit van Amsterdam,113A697,Universiteit van Amsterdam,OPLEIDING,1001O5940,56606,,NVAO,Politicologie,Political Science,2003-09-01,,WO-BA,BACHELOR,180,6,6,GETUIGSCHRIFT,Universiteit van Amsterdam,Politicologie,,Political Science,VOLTIJD,NLD,2023-09-01,,2023-09-01,,http://uva.nl/bsc-politicologie,,,GEEN_DEFICIENTIES,GEEN_EISEN,GEEN_PROPEDEUTISCHE_FASE,GEEN_STUDIEKEUZE_CHECK,GEEN_VERSNELD_TRAJECT,49a012b7-3c49-4945-8573-2ac9dde76bdc,49a012b7-3c49-4945-8573-2ac9dde76bdc,108X991,,Amsterdam,
107B473,Universiteit van Amsterdam,113A697,Universiteit van Amsterdam,OPLEIDING,1001O5947,56607,,NVAO,Pedagogische Wetenschappen,Pedagogical Sciences,2003-09-01,,WO-BA,BACHELOR,180,6,6,GETUIGSCHRIFT,Universiteit van Amsterdam,Pedagogische Wetenschappen - vrije opleiding,,Pedagogische Wetenschappen - open curriculum,VOLTIJD,NLD,2020-09-01,,2020-09-01,,https://www.uva.nl/programmas/bachelors/pedagogische-wetenschappen/pedagogische-wetenschappen.html?origin=QM8V0lIERF2uFhPGbux%2F2g,,,GEEN_DEFICIENTIES,GEEN_EISEN,GEEN_PROPEDEUTISCHE_FASE,STUDIEKEUZE_CHECK_VERPLICHT,GEEN_VERSNELD_TRAJECT,ad87eb0d-2f14-44a7-bddd-e7aba90a3a2f,ad87eb0d-2f14-44a7-bddd-e7aba90a3a2f,108X991,,Amsterdam,
107B473,Universiteit van Amsterdam,113A697,Universiteit van Amsterdam,OPLEIDING,1001O5947,56607,,NVAO,Pedagogische Wetenschappen,Pedagogical Sciences,2003-09-01,,WO-BA,BACHELOR,180,6,6,GETUIGSCHRIFT,Universiteit van Amsterdam,Pedagogische Wetenschappen,,Pedagogische Wetenschappen,VOLTIJD,NLD,2020-09-01,,2020-09-01,,https://www.uva.nl/programmas/bachelors/pedagogische-wetenschappen/pedagogische-wetenschappen.html?origin=QM8V0lIERF2uFhPGbux%2F2g,,,GEEN_DEFICIENTIES,GEEN_EISEN,GEEN_PROPEDEUTISCHE_FASE,STUDIEKEUZE_CHECK_VERPLICHT,GEEN_VERSNELD_TRAJECT,2a94e6ea-bf89-4ba7-b221-7be5c59a3367,2a94e6ea-bf89-4ba7-b221-7be5c59a3367,108X991,,Amsterdam,
107B473,Universiteit van Amsterdam,113A697,Universiteit van Amsterdam,OPLEIDING,1001O5959,56615,,NVAO,Communicatiewetenschap,Communication Science,2003-09-01,,WO-BA,BACHELOR,180,6,6,GETUIGSCHRIFT,Universiteit van Amsterdam,Communicatiewetenschap,,Communicatiewetenschap,VOLTIJD,NLD,2020-09-01,,2020-09-01,,http://uva.nl/bsc-communicatiewetenschap,,,GEEN_DEFICIENTIES,GEEN_EISEN,GEEN_PROPEDEUTISCHE_FASE,STUDIEKEUZE_CHECK_VERPLICHT,GEEN_VERSNELD_TRAJECT,38ecb419-e488-472b-874e-7961aff154ab,38ecb419-e488-472b-874e-7961aff154ab,108X991,,Amsterdam,
107B473,Universiteit van Amsterdam,113A697,Universiteit van Amsterdam,OPLEIDING,1001O5959,56615,,NVAO,Communicatiewetenschap,Communication Science,2003-09-01,,WO-BA,BACHELOR,180,6,6,GETUIGSCHRIFT,Universiteit van Amsterdam,Communication Science,,Communication Science,VOLTIJD,ENG,2020-09-01,2026-08-31,2020-09-01,,http://uva.nl/bsc-communicationscience,,,GEEN_DEFICIENTIES,GEEN_EISEN,GEEN_PROPEDEUTISCHE_FASE,STUDIEKEUZE_CHECK_VERPLICHT,GEEN_VERSNELD_TRAJECT,35f87f1f-d1ce-4dd4-82f7-110d7e621a36,35f87f1f-d1ce-4dd4-82f7-110d7e621a36,108X991,,Amsterdam,
107B473,Universiteit van Amsterdam,113A697,Universiteit van Amsterdam,OPLEIDING,1001O5959,56615,,NVAO,Communicatiewetenschap,Communication Science,2003-09-01,,WO-BA,BACHELOR,180,6,6,GETUIGSCHRIFT,Universiteit van Amsterdam,Global Communication Science,,Global Communication Science,VOLTIJD,ENG,2026-09-01,,2026-09-01,,http://uva.nl/bsc-communicationscience,,,GEEN_DEFICIENTIES,GEEN_EISEN,GEEN_PROPEDEUTISCHE_FASE,STUDIEKEUZE_CHECK_VERPLICHT,GEEN_VERSNELD_TRAJECT,e28df739-fd5a-4962-8bae-287077a3b259,e28df739-fd5a-4962-8bae-287077a3b259,108X991,,Amsterdam,
107B473,Universiteit van Amsterdam,113A697,Universiteit van Amsterdam,OPLEIDING,1001O5972,56631,,NVAO,Interdisciplinaire sociale wetenschap,Interdisciplinary Social Science,2009-09-01,,WO-BA,BACHELOR,180,6,6,GETUIGSCHRIFT,Universiteit van Amsterdam,Interdisciplinaire Sociale Wetenschap,,Interdisciplinaire Sociale Wetenschap,VOLTIJD,NLD,2020-09-01,,2020-09-01,,https://www.uva.nl/programmas/bachelors/interdisciplinaire-sociale-wetenschap/interdisciplinaire-sociale-wetenschap.html,,,GEEN_DEFICIENTIES,GEEN_EISEN,GEEN_PROPEDEUTISCHE_FASE,STUDIEKEUZE_CHECK_VERPLICHT,GEEN_VERSNELD_TRAJECT,18ecb813-f54b-4902-a6b0-d0bf8d5990ef,18ecb813-f54b-4902-a6b0-d0bf8d5990ef,108X991,,Amsterdam,
107B473,Universiteit van Amsterdam,113A697,Universiteit van Amsterdam,OPLEIDING,1001O5976,56700,,NVAO,Muziekwetenschap,Musicology,2002-09-01,,WO-BA,BACHELOR,180,6,6,GETUIGSCHRIFT,Universiteit van Amsterdam,Muziekwetenschap,,Muziekwetenschap,VOLTIJD,NLD,2020-09-01,,2020-09-01,,http://www.uva.nl/ba-muziekwetenschap,,,GEEN_DEFICIENTIES,GEEN_EISEN,GEEN_PROPEDEUTISCHE_FASE,STUDIEKEUZE_CHECK_VERPLICHT,GEEN_VERSNELD_TRAJECT,3b16154b-869b-4095-a06c-6574b9df34bd,3b16154b-869b-4095-a06c-6574b9df34bd,108X991,,Amsterdam,
107B473,Universiteit van Amsterdam,113A697,Universiteit van Amsterdam,OPLEIDING,1001O5977,56702,,NVAO,Theaterwetenschap,Theatre Studies,2002-09-01,,WO-BA,BACHELOR,180,6,6,GETUIGSCHRIFT,Universiteit van Amsterdam,Theaterwetenschap,,Theaterwetenschap,VOLTIJD,NLD,2020-09-01,,2020-09-01,,http://www.uva.nl/ba-theaterwetenschap,,,GEEN_DEFICIENTIES,GEEN_EISEN,GEEN_PROPEDEUTISCHE_FASE,STUDIEKEUZE_CHECK_VERPLICHT,GEEN_VERSNELD_TRAJECT,e7a55e85-926f-4944-85a5-86997d885a30,e7a55e85-926f-4944-85a5-86997d885a30,108X991,,Amsterdam,
107B473,Universiteit van Amsterdam,113A697,Universiteit van Amsterdam,OPLEIDING,1001O5980,56703,,NVAO,Archeologie,Archaeology,2021-09-01,,WO-BA,BACHELOR,180,6,6,GETUIGSCHRIFT,Universiteit van Amsterdam,Archeologie,,Archaeology,VOLTIJD,ENG,2021-09-01,,2021-09-01,,http://www.uva.nl/ba-archaeology,,,GEEN_DEFICIENTIES,GEEN_EISEN,GEEN_PROPEDEUTISCHE_FASE,STUDIEKEUZE_CHECK_VERPLICHT,GEEN_VERSNELD_TRAJECT,9d8a6a84-94bd-41a3-8d3a-359980448143,9d8a6a84-94bd-41a3-8d3a-359980448143,108X991,,Amsterdam,
107B473,Universiteit van Amsterdam,113A697,Universiteit van Amsterdam,OPLEIDING,1001O5980,56703,,NVAO,Archeologie,Archaeology,2021-09-01,,WO-BA,BACHELOR,180,6,6,GETUIGSCHRIFT,Universiteit van Amsterdam,Archeologie,,Archaeology,VOLTIJD,NLD,2021-09-01,,2021-09-01,,http://www.uva.nl/ba-archeologie,,,GEEN_DEFICIENTIES,GEEN_EISEN,GEEN_PROPEDEUTISCHE_FASE,STUDIEKEUZE_CHECK_VERPLICHT,GEEN_VERSNELD_TRAJECT,cd831aad-7a2c-428b-8bd3-97bb38b428bc,cd831aad-7a2c-428b-8bd3-97bb38b428bc,108X991,,Amsterdam,
107B473,Universiteit van Amsterdam,113A697,Universiteit van Amsterdam,OPLEIDING,1001O5982,56704,,NVAO,Oudheidwetenschappen,Ancient Studies,2017-09-01,,WO-BA,BACHELOR,180,6,6,GETUIGSCHRIFT,Universiteit van Amsterdam,Oudheidwetenschappen,,Ancient Studies,VOLTIJD,ENG,2023-03-15,,2023-03-15,,http://www.uva.nl/ba-ancient-studies,,,GEEN_DEFICIENTIES,GEEN_EISEN,GEEN_PROPEDEUTISCHE_FASE,STUDIEKEUZE_CHECK_VERPLICHT,GEEN_VERSNELD_TRAJECT,db6e3afc-535d-477e-932e-3b8b1b7e8090,db6e3afc-535d-477e-932e-3b8b1b7e8090,108X991,,Amsterdam,
107B473,Universiteit van Amsterdam,113A697,Universiteit van Amsterdam,OPLEIDING,1001O5982,56704,,NVAO,Oudheidwetenschappen,Ancient Studies,2017-09-01,,WO-BA,BACHELOR,180,6,6,GETUIGSCHRIFT,Universiteit van Amsterdam,Oudheidwetenschappen,,Ancient Studies,VOLTIJD,NLD,2023-03-15,,2023-03-15,,http://www.uva.nl/ba-oudheidwetenschappen,,,GEEN_DEFICIENTIES,GEEN_EISEN,GEEN_PROPEDEUTISCHE_FASE,STUDIEKEUZE_CHECK_VERPLICHT,GEEN_VERSNELD_TRAJECT,83487458-5b66-41a1-a8d3-f8d6aba51d15,83487458-5b66-41a1-a8d3-f8d6aba51d15,108X991,,Amsterdam,
107B473,Universiteit van Amsterdam,113A697,Universiteit van Amsterdam,OPLEIDING,1001O5990,56802,,NVAO,Literatuurwetenschap,Literary Studies,2002-09-01,,WO-BA,BACHELOR,180,6,6,GETUIGSCHRIFT,Universiteit van Amsterdam,Literary Studies,,Literary Studies,VOLTIJD,ENG,2020-09-01,,2020-09-01,,http://www.uva.nl/ba-literary-and-cultural-analysis,,,GEEN_DEFICIENTIES,GEEN_EISEN,GEEN_PROPEDEUTISCHE_FASE,STUDIEKEUZE_CHECK_VERPLICHT,GEEN_VERSNELD_TRAJECT,ea3a9857-9965-4b32-beb3-77831606d16e,ea3a9857-9965-4b32-beb3-77831606d16e,108X991,,Amsterdam,
107B473,Universiteit van Amsterdam,113A697,Universiteit van Amsterdam,OPLEIDING,1001O5995,56803,,NVAO,Taalwetenschap,Linguistics,2002-09-01,,WO-BA,BACHELOR,180,6,6,GETUIGSCHRIFT,Universiteit van Amsterdam,Linguistics,,Linguistics,VOLTIJD,ENG,2020-09-01,,2020-09-01,,http://www.uva.nl/ba-linguistics,,,GEEN_DEFICIENTIES,GEEN_EISEN,GEEN_PROPEDEUTISCHE_FASE,STUDIEKEUZE_CHECK_VERPLICHT,GEEN_VERSNELD_TRAJECT,1d7b2096-f487-4fe0-971a-b3494a180f55,1d7b2096-f487-4fe0-971a-b3494a180f55,108X991,,Amsterdam,
107B473,Universiteit van Amsterdam,113A697,Universiteit van Amsterdam,OPLEIDING,1001O6001,56804,,NVAO,Nederlandse Taal en Cultuur,Dutch Language and Culture,2002-09-01,,WO-BA,BACHELOR,180,6,6,GETUIGSCHRIFT,Universiteit van Amsterdam,Nederlandse Taal en Cultuur,,Nederlandse Taal en Cultuur,VOLTIJD,NLD,2020-09-01,,2020-09-01,,http://www.uva.nl/ba-nederlands,,,GEEN_DEFICIENTIES,GEEN_EISEN,GEEN_PROPEDEUTISCHE_FASE,STUDIEKEUZE_CHECK_VERPLICHT,GEEN_VERSNELD_TRAJECT,771b91c4-35a9-46c9-8dc6-d2467c00e82e,771b91c4-35a9-46c9-8dc6-d2467c00e82e,108X991,,Amsterdam,
107B473,Universiteit van Amsterdam,113A697,Universiteit van Amsterdam,OPLEIDING,1001O6007,56805,,NVAO,Duitse Taal en Cultuur,German Language and Culture,2002-09-01,,WO-BA,BACHELOR,180,6,6,GETUIGSCHRIFT,Universiteit van Amsterdam,Duitse Taal en Cultuur,,Duitse Taal en Cultuur,VOLTIJD,NLD,2020-09-01,,2020-09-01,,http://www.uva.nl/ba-duitslandstudies,,,GEEN_DEFICIENTIES,GEEN_EISEN,GEEN_PROPEDEUTISCHE_FASE,STUDIEKEUZE_CHECK_VERPLICHT,GEEN_VERSNELD_TRAJECT,4a19a818-e571-4fab-954a-66da822b5dc4,4a19a818-e571-4fab-954a-66da822b5dc4,108X991,,Amsterdam,
107B473,Universiteit van Amsterdam,113A697,Universiteit van Amsterdam,OPLEIDING,1001O6013,56806,,NVAO,Engelse Taal en Cultuur,English Language and Culture,2002-09-01,,WO-BA,BACHELOR,180,6,6,GETUIGSCHRIFT,Universiteit van Amsterdam,English Language and Culture,,English Language and Culture,VOLTIJD,ENG,2020-09-01,,2020-09-01,,http://www.uva.nl/ba-english-language,,,GEEN_DEFICIENTIES,GEEN_EISEN,GEEN_PROPEDEUTISCHE_FASE,STUDIEKEUZE_CHECK_VERPLICHT,GEEN_VERSNELD_TRAJECT,17eb3c42-c7bd-46f7-a47f-057b9519b6a9,17eb3c42-c7bd-46f7-a47f-057b9519b6a9,108X991,,Amsterdam,
107B473,Universiteit van Amsterdam,113A697,Universiteit van Amsterdam,OPLEIDING,1001O6017,56807,,NVAO,Scandinavische Talen en Culturen,Scandinavian Languages and Cultures,2002-09-01,,WO-BA,BACHELOR,180,6,6,GETUIGSCHRIFT,Universiteit van Amsterdam,Scandinavische Talen en Culturen,,Scandinavische Talen en Culturen,VOLTIJD,NLD,2020-09-01,,2020-09-01,,http://www.uva.nl/ba-scandinavisch,,,GEEN_DEFICIENTIES,GEEN_EISEN,GEEN_PROPEDEUTISCHE_FASE,STUDIEKEUZE_CHECK_VERPLICHT,GEEN_VERSNELD_TRAJECT,139aacaa-88bc-470d-8cbf-1a257778263e,139aacaa-88bc-470d-8cbf-1a257778263e,108X991,,Amsterdam,
107B473,Universiteit van Amsterdam,113A697,Universiteit van Amsterdam,OPLEIDING,1001O6020,56808,,NVAO,Franse Taal en Cultuur,French Language and Culture,2002-09-01,,WO-BA,BACHELOR,180,6,6,GETUIGSCHRIFT,Universiteit van Amsterdam,Franse Taal en Cultuur,,Franse Taal en Cultuur,VOLTIJD,NLD,2020-09-01,,2020-09-01,,http://www.uva.nl/ba-frans,,,GEEN_DEFICIENTIES,GEEN_EISEN,GEEN_PROPEDEUTISCHE_FASE,STUDIEKEUZE_CHECK_VERPLICHT,GEEN_VERSNELD_TRAJECT,4be04d89-516b-406f-ac39-1bcb13a8b113,4be04d89-516b-406f-ac39-1bcb13a8b113,108X991,,Amsterdam,
107B473,Universiteit van Amsterdam,113A697,Universiteit van Amsterdam,OPLEIDING,1001O6025,56809,,NVAO,Italiaanse Taal en Cultuur,Italian Language and Culture,2002-09-01,,WO-BA,BACHELOR,180,6,6,GETUIGSCHRIFT,Universiteit van Amsterdam,Italiaanse Taal en Cultuur,,Italiaanse Taal en Cultuur,VOLTIJD,NLD,2020-09-01,,2020-09-01,,http://www.uva.nl/ba-italiaans,,,GEEN_DEFICIENTIES,GEEN_EISEN,GEEN_PROPEDEUTISCHE_FASE,STUDIEKEUZE_CHECK_VERPLICHT,GEEN_VERSNELD_TRAJECT,963bd95a-ea26-4c79-9a2f-6bc950fef287,963bd95a-ea26-4c79-9a2f-6bc950fef287,108X991,,Amsterdam,
107B473,Universiteit van Amsterdam,113A697,Universiteit van Amsterdam,OPLEIDING,1001O6027,56810,,NVAO,Spaanse Taal en Cultuur,Spanish Language and Culture,2002-09-01,,WO-BA,BACHELOR,180,6,6,GETUIGSCHRIFT,Universiteit van Amsterdam,Spaanse Taal en Cultuur,,Spaanse Taal en Cultuur,VOLTIJD,NLD,2020-09-01,,2020-09-01,,http://www.uva.nl/ba-spaans,,,GEEN_DEFICIENTIES,GEEN_EISEN,GEEN_PROPEDEUTISCHE_FASE,STUDIEKEUZE_CHECK_VERPLICHT,GEEN_VERSNELD_TRAJECT,90ed8c35-6e94-4339-b11c-984272d553d5,90ed8c35-6e94-4339-b11c-984272d553d5,108X991,,Amsterdam,
107B473,Universiteit van Amsterdam,113A697,Universiteit van Amsterdam,OPLEIDING,1001O6033,56813,,NVAO,Slavische Talen en Culturen,Slavonic Language and Culture,2002-09-01,,WO-BA,BACHELOR,180,6,6,GETUIGSCHRIFT,Universiteit van Amsterdam,Slavische Talen en Culturen,,Slavische Talen en Culturen,VOLTIJD,NLD,2020-09-01,,2020-09-01,,http://www.uva.nl/ba-slavisch,,,GEEN_DEFICIENTIES,GEEN_EISEN,GEEN_PROPEDEUTISCHE_FASE,STUDIEKEUZE_CHECK_VERPLICHT,GEEN_VERSNELD_TRAJECT,6b2a3216-8d29-47c4-97a1-4403f9e02848,6b2a3216-8d29-47c4-97a1-4403f9e02848,108X991,,Amsterdam,
107B473,Universiteit van Amsterdam,113A697,Universiteit van Amsterdam,OPLEIDING,1001O6034,56814,,NVAO,Nieuwgriekse Taal en Cultuur,Modern Greek Language and Culture,2002-09-01,,WO-BA,BACHELOR,180,6,6,GETUIGSCHRIFT,Universiteit van Amsterdam,Nieuwgriekse Taal en Cultuur,,Nieuwgriekse Taal en Cultuur,VOLTIJD,NLD,2020-11-19,,2020-11-19,,http://www.uva.nl/ba-nieuwgrieks,,,GEEN_DEFICIENTIES,GEEN_EISEN,PROPEDEUTISCHE_FASE_EXAMEN,STUDIEKEUZE_CHECK_VERPLICHT,GEEN_VERSNELD_TRAJECT,be408e0b-5b6a-4f84-b28a-e9cb5ef922cf,be408e0b-5b6a-4f84-b28a-e9cb5ef922cf,108X991,,Amsterdam,
107B473,Universiteit van Amsterdam,113A697,Universiteit van Amsterdam,OPLEIDING,1001O6051,56824,,NVAO,Kunstgeschiedenis,Art History,2002-09-01,,WO-BA,BACHELOR,180,6,6,GETUIGSCHRIFT,Universiteit van Amsterdam,Kunstgeschiedenis,,Kunstgeschiedenis,VOLTIJD,NLD,2020-09-01,,2020-09-01,,http://www.uva.nl/ba-kunstgeschiedenis,,,GEEN_DEFICIENTIES,GEEN_EISEN,GEEN_PROPEDEUTISCHE_FASE,STUDIEKEUZE_CHECK_VERPLICHT,GEEN_VERSNELD_TRAJECT,1a3540fa-4167-4946-871b-b03ec1fd65d9,1a3540fa-4167-4946-871b-b03ec1fd65d9,108X991,,Amsterdam,
107B473,Universiteit van Amsterdam,113A697,Universiteit van Amsterdam,OPLEIDING,1001O6065,56827,,NVAO,Fiscaal Recht,Tax Law,2003-09-01,,WO-BA,BACHELOR,180,6,6,GETUIGSCHRIFT,Universiteit van Amsterdam,Fiscaal Recht,,Fiscaal Recht,VOLTIJD,NLD,2019-01-31,,2019-01-31,,http://www.uva.nl/llb-fiscaal-recht,,,GEEN_DEFICIENTIES,GEEN_EISEN,GEEN_PROPEDEUTISCHE_FASE,STUDIEKEUZE_CHECK_VERPLICHT,GEEN_VERSNELD_TRAJECT,a8824be2-f644-4328-b126-052aa62edf5f,a8824be2-f644-4328-b126-052aa62edf5f,108X991,,Amsterdam,
107B473,Universiteit van Amsterdam,113A697,Universiteit van Amsterdam,OPLEIDING,1001O6090,56838,,NVAO,Sociale Geografie en Planologie,Human Geography and Planning,2009-09-01,,WO-BA,BACHELOR,180,6,6,GETUIGSCHRIFT,Universiteit van Amsterdam,Sociale Geografie en Planologie,,Human Geography and Planning,VOLTIJD,ENG,2023-09-01,,2023-09-01,,https://www.uva.nl/shared-content/programmas/en/bachelors/human-geography-and-planning/human-geography-and-planning.html,,,GEEN_DEFICIENTIES,GEEN_EISEN,GEEN_PROPEDEUTISCHE_FASE,STUDIEKEUZE_CHECK_VERPLICHT,GEEN_VERSNELD_TRAJECT,4b74d296-8c7a-462e-8c2b-81464a559e45,4b74d296-8c7a-462e-8c2b-81464a559e45,108X991,,Amsterdam,
107B473,Universiteit van Amsterdam,113A697,Universiteit van Amsterdam,OPLEIDING,1001O6090,56838,,NVAO,Sociale Geografie en Planologie,Human Geography and Planning,2009-09-01,,WO-BA,BACHELOR,180,6,6,GETUIGSCHRIFT,Universiteit van Amsterdam,Sociale Geografie en Planologie,,Human Geography and Planning,VOLTIJD,NLD,2023-09-01,,2023-09-01,,https://www.uva.nl/programmas/bachelors/sociale-geografie-en-planologie/sociale-geografie-en-planologie.html,,,GEEN_DEFICIENTIES,GEEN_EISEN,GEEN_PROPEDEUTISCHE_FASE,STUDIEKEUZE_CHECK_VERPLICHT,GEEN_VERSNELD_TRAJECT,e6c6504d-91a8-4dc4-b1de-798cab94a09c,e6c6504d-91a8-4dc4-b1de-798cab94a09c,108X991,,Amsterdam,
107B473,Universiteit van Amsterdam,113A697,Universiteit van Amsterdam,OPLEIDING,1001O6097,56842,,NVAO,Informatiekunde,Information Science,2003-09-01,,WO-BA,BACHELOR,180,6,6,GETUIGSCHRIFT,Universiteit van Amsterdam,Informatiekunde - vrije opleiding,,Informatiekunde - open curriculum,VOLTIJD,NLD,2020-10-02,,2020-10-02,,http://uva.nl/bsc-informatiekunde,,,GEEN_DEFICIENTIES,GEEN_EISEN,GEEN_PROPEDEUTISCHE_FASE,STUDIEKEUZE_CHECK_VERPLICHT,GEEN_VERSNELD_TRAJECT,a03e2629-a352-4eeb-baaf-85f2423695d2,a03e2629-a352-4eeb-baaf-85f2423695d2,108X991,,Amsterdam,
107B473,Universiteit van Amsterdam,113A697,Universiteit van Amsterdam,OPLEIDING,1001O6097,56842,,NVAO,Informatiekunde,Information Science,2003-09-01,,WO-BA,BACHELOR,180,6,6,GETUIGSCHRIFT,Universiteit van Amsterdam,Informatiekunde,,Informatiekunde,VOLTIJD,NLD,2020-10-02,,2020-10-02,,http://uva.nl/bsc-informatiekunde,,,GEEN_DEFICIENTIES,GEEN_EISEN,GEEN_PROPEDEUTISCHE_FASE,STUDIEKEUZE_CHECK_VERPLICHT,GEEN_VERSNELD_TRAJECT,8ab1d947-10ed-49e1-be37-cb73de3f8861,8ab1d947-10ed-49e1-be37-cb73de3f8861,108X991,,Amsterdam,
107B473,Universiteit van Amsterdam,113A697,Universiteit van Amsterdam,OPLEIDING,1001O6109,56856,,NVAO,Business Analytics,Business Analytics,2021-09-01,,WO-BA,BACHELOR,180,6,6,GETUIGSCHRIFT,Universiteit van Amsterdam,Business Analytics,,Business Analytics,VOLTIJD,ENG,2023-09-01,,2023-09-01,,https://www.uva.nl/bsc-business-analytics-en,,,GEEN_DEFICIENTIES,GEEN_EISEN,GEEN_PROPEDEUTISCHE_FASE,STUDIEKEUZE_CHECK_VERPLICHT,GEEN_VERSNELD_TRAJECT,01856e4c-048d-4580-98ca-1d4621577af2,01856e4c-048d-4580-98ca-1d4621577af2,108X991,,Amsterdam,
107B473,Universiteit van Amsterdam,113A697,Universiteit van Amsterdam,OPLEIDING,1001O6121,56860,,NVAO,Biologie,Biology,2003-09-01,,WO-BA,BACHELOR,180,6,6,GETUIGSCHRIFT,Universiteit van Amsterdam,Biologie,,Biologie,VOLTIJD,NLD,2022-06-29,,2022-06-29,,http://uva.nl/bsc-biologie,,,GEEN_DEFICIENTIES,GEEN_EISEN,GEEN_PROPEDEUTISCHE_FASE,STUDIEKEUZE_CHECK_VERPLICHT,GEEN_VERSNELD_TRAJECT,08fd8b27-0c85-43b5-9876-85ea46d2e062,08fd8b27-0c85-43b5-9876-85ea46d2e062,108X991,,Amsterdam,
107B473,Universiteit van Amsterdam,113A697,Universiteit van Amsterdam,OPLEIDING,1001O6172,56978,,NVAO,Informatica,Computing Science,2003-09-01,,WO-BA,BACHELOR,180,6,6,GETUIGSCHRIFT,Universiteit van Amsterdam,Informatica - vrije opleiding,,Informatica - open curriculum,VOLTIJD,NLD,2020-10-02,,2020-10-02,,http://uva.nl/bsc-informatica,,,GEEN_DEFICIENTIES,GEEN_EISEN,GEEN_PROPEDEUTISCHE_FASE,STUDIEKEUZE_CHECK_VERPLICHT,GEEN_VERSNELD_TRAJECT,471bcc5c-8d13-4638-8011-4ed9e23359b3,471bcc5c-8d13-4638-8011-4ed9e23359b3,108X991,,Amsterdam,
107B473,Universiteit van Amsterdam,113A697,Universiteit van Amsterdam,OPLEIDING,1001O6172,56978,,NVAO,Informatica,Computing Science,2003-09-01,,WO-BA,BACHELOR,180,6,6,GETUIGSCHRIFT,Universiteit van Amsterdam,Informatica,,Informatica,VOLTIJD,NLD,2020-10-02,,2020-10-02,,http://uva.nl/bsc-informatica,,,GEEN_DEFICIENTIES,GEEN_EISEN,GEEN_PROPEDEUTISCHE_FASE,STUDIEKEUZE_CHECK_VERPLICHT,GEEN_VERSNELD_TRAJECT,e5ebc562-ca67-42c1-8d8a-6b3cfdadd071,e5ebc562-ca67-42c1-8d8a-6b3cfdadd071,108X991,,Amsterdam,
107B473,Universiteit van Amsterdam,113A697,Universiteit van Amsterdam,OPLEIDING,1001O6179,56980,,NVAO,Wiskunde,Mathematics,2003-09-01,,WO-BA,BACHELOR,180,6,6,GETUIGSCHRIFT,Universiteit van Amsterdam,Wiskunde - vrije opleiding,,Wiskunde - open curriculum,VOLTIJD,NLD,2020-04-29,,2020-04-29,,http://uva.nl/bsc-wiskunde,,,GEEN_DEFICIENTIES,GEEN_EISEN,GEEN_PROPEDEUTISCHE_FASE,STUDIEKEUZE_CHECK_VERPLICHT,GEEN_VERSNELD_TRAJECT,8dd9af7e-f358-48fd-a806-d029248873af,8dd9af7e-f358-48fd-a806-d029248873af,108X991,,Amsterdam,
107B473,Universiteit van Amsterdam,113A697,Universiteit van Amsterdam,OPLEIDING,1001O6179,56980,,NVAO,Wiskunde,Mathematics,2003-09-01,,WO-BA,BACHELOR,180,6,6,GETUIGSCHRIFT,Universiteit van Amsterdam,Wiskunde,,Wiskunde,VOLTIJD,NLD,2020-04-29,,2020-04-29,,http://uva.nl/bsc-wiskunde,,,GEEN_DEFICIENTIES,GEEN_EISEN,GEEN_PROPEDEUTISCHE_FASE,STUDIEKEUZE_CHECK_VERPLICHT,GEEN_VERSNELD_TRAJECT,6fb89557-3029-465f-8b77-f295fa42a157,6fb89557-3029-465f-8b77-f295fa42a157,108X991,,Amsterdam,
107B473,Universiteit van Amsterdam,113A697,Universiteit van Amsterdam,OPLEIDING,1001O6184,56981,,NVAO,Kunstmatige Intelligentie,Artificial Intelligence,2003-09-01,,WO-BA,BACHELOR,180,6,6,GETUIGSCHRIFT,Universiteit van Amsterdam,Kunstmatige Intelligentie,,Kunstmatige Intelligentie,VOLTIJD,NLD,2021-09-01,,2021-09-01,,http://uva.nl/bsc-kunstmatige-intelligentie,,,GEEN_DEFICIENTIES,GEEN_EISEN,GEEN_PROPEDEUTISCHE_FASE,STUDIEKEUZE_CHECK_VERPLICHT,GEEN_VERSNELD_TRAJECT,a3951ff9-296e-41e8-98d3-df49b8de2d15,a3951ff9-296e-41e8-98d3-df49b8de2d15,108X991,,Amsterdam,
107B473,Universiteit van Amsterdam,113A697,Universiteit van Amsterdam,OPLEIDING,1001O6206,56990,,NVAO,Biomedische Wetenschappen,Biomedical Science,2003-09-01,,WO-BA,BACHELOR,180,6,6,GETUIGSCHRIFT,Universiteit van Amsterdam,Biomedische Wetenschappen,,Biomedische Wetenschappen,VOLTIJD,NLD,2023-09-01,,2023-09-01,,http://uva.nl/bsc-biomedisch,,,GEEN_DEFICIENTIES,GEEN_EISEN,GEEN_PROPEDEUTISCHE_FASE,GEEN_STUDIEKEUZE_CHECK,GEEN_VERSNELD_TRAJECT,78ab29bd-d4be-4a94-a320-ee89c1e92b1a,78ab29bd-d4be-4a94-a320-ee89c1e92b1a,108X991,,Amsterdam,
107B473,Universiteit van Amsterdam,113A697,Universiteit van Amsterdam,OPLEIDING,1001O6228,59312,,NVAO,"Politics, Psychology, Law and Economics","Politics, Psychology, Law and Economics",2014-09-01,,WO-BA,BACHELOR,180,6,6,GETUIGSCHRIFT,Universiteit van Amsterdam,"Politics, Psychology, Law and Economics",,"Politics, Psychology, Law and Economics",VOLTIJD,ENG,2020-07-07,,2020-07-07,,http://pple.uva.nl,,,GEEN_DEFICIENTIES,GEEN_EISEN,GEEN_PROPEDEUTISCHE_FASE,GEEN_STUDIEKEUZE_CHECK,GEEN_VERSNELD_TRAJECT,2de5894c-cefb-4f0c-a197-2a91979c01f1,2de5894c-cefb-4f0c-a197-2a91979c01f1,108X991,,Amsterdam,
107B473,Universiteit van Amsterdam,113A697,Universiteit van Amsterdam,OPLEIDING,1001O6230,59318,,NVAO,Economics and Business Economics,Economics and Business Economics,2017-09-01,,WO-BA,BACHELOR,180,6,6,GETUIGSCHRIFT,Universiteit van Amsterdam,Economics and Business Economics,,Economics and Business Economics,VOLTIJD,ENG,2023-09-01,,2023-09-01,,http://uva.nl/en/bsc-ebe,,,GEEN_DEFICIENTIES,GEEN_EISEN,GEEN_PROPEDEUTISCHE_FASE,STUDIEKEUZE_CHECK_VERPLICHT,GEEN_VERSNELD_TRAJECT,fc877a6f-d277-4534-9ae7-d8ae000235ec,fc877a6f-d277-4534-9ae7-d8ae000235ec,108X991,,Amsterdam,
107B473,Universiteit van Amsterdam,113A697,Universiteit van Amsterdam,OPLEIDING,1001O6230,59318,,NVAO,Economics and Business Economics,Economics and Business Economics,2017-09-01,,WO-BA,BACHELOR,180,6,6,GETUIGSCHRIFT,Universiteit van Amsterdam,Economics and Business Economics,,Economics and Business Economics,VOLTIJD,NLD,2025-09-01,,2025-09-01,,http://uva.nl/bsc-ebe,,,GEEN_DEFICIENTIES,GEEN_EISEN,GEEN_PROPEDEUTISCHE_FASE,STUDIEKEUZE_CHECK_VERPLICHT,GEEN_VERSNELD_TRAJECT,10b961de-2004-4b27-9ccc-4ae51842452d,10b961de-2004-4b27-9ccc-4ae51842452d,108X991,,Amsterdam,
107B473,Universiteit van Amsterdam,113A697,Universiteit van Amsterdam,OPLEIDING,1001O6239,59330,,NVAO,"Cognition, Language and Communication","Cognition, Language and Communication",2018-09-01,,WO-BA,BACHELOR,180,6,6,GETUIGSCHRIFT,Universiteit van Amsterdam,"Cognition, Language and Communication",,"Cognition, Language and Communication",VOLTIJD,NLD,2023-07-07,,2023-07-07,,http://www.uva.nl/ba-cognition-language-communication,,,GEEN_DEFICIENTIES,GEEN_EISEN,GEEN_PROPEDEUTISCHE_FASE,STUDIEKEUZE_CHECK_VERPLICHT,GEEN_VERSNELD_TRAJECT,a7c11c14-fa69-44ee-92cb-ca344ea5d8df,a7c11c14-fa69-44ee-92cb-ca344ea5d8df,108X991,,Amsterdam,
107B473,Universiteit van Amsterdam,113A697,Universiteit van Amsterdam,OPLEIDING,1001O6240,59332,,NVAO,Econometrics and Data Science,Econometrics and Data Science,2019-09-01,,WO-BA,BACHELOR,180,6,6,GETUIGSCHRIFT,Universiteit van Amsterdam,Econometrics and Data Science,,Econometrics and Data Science,VOLTIJD,ENG,2023-09-01,,2023-09-01,,http://uva.nl/bsc-econometrics,,,GEEN_DEFICIENTIES,GEEN_EISEN,GEEN_PROPEDEUTISCHE_FASE,STUDIEKEUZE_CHECK_VERPLICHT,GEEN_VERSNELD_TRAJECT,bac6aef9-e05a-4616-85fc-452db1e421f9,bac6aef9-e05a-4616-85fc-452db1e421f9,108X991,,Amsterdam,
107B473,Universiteit van Amsterdam,113A697,Universiteit van Amsterdam,OPLEIDING,1001O6240,59332,,NVAO,Econometrics and Data Science,Econometrics and Data Science,2019-09-01,,WO-BA,BACHELOR,180,6,6,GETUIGSCHRIFT,Universiteit van Amsterdam,Econometrics and Data Science,,Econometrics and Data Science,VOLTIJD,NLD,2025-09-01,,2025-09-01,,http://uva.nl/bsc-econometrie,,,GEEN_DEFICIENTIES,GEEN_EISEN,GEEN_PROPEDEUTISCHE_FASE,STUDIEKEUZE_CHECK_VERPLICHT,GEEN_VERSNELD_TRAJECT,63a7f897-c4cc-4a32-80f8-b0fa4b83f8cf,63a7f897-c4cc-4a32-80f8-b0fa4b83f8cf,108X991,,Amsterdam,
107B473,Universiteit van Amsterdam,113A697,Universiteit van Amsterdam,OPLEIDING,1001O8898,50993,,NVAO,"Science, Technology & Innovation","Science, Technology & Innovation",2024-09-01,,WO-BA,BACHELOR,180,6,6,GETUIGSCHRIFT,Universiteit van Amsterdam,"Science, Technology & Innovation",,"Science, Technology & Innovation",VOLTIJD,NLD,2024-09-01,,2024-09-01,,https://www.uva.nl/programmas/bachelors/science-technology-and-innovation/science-technology-and-innovation.html,,,GEEN_DEFICIENTIES,GEEN_EISEN,GEEN_PROPEDEUTISCHE_FASE,STUDIEKEUZE_CHECK_VERPLICHT,GEEN_VERSNELD_TRAJECT,6c5eaecb-13e7-4efe-986e-a52b9ae3f8f8,6c5eaecb-13e7-4efe-986e-a52b9ae3f8f8,108X991,,Amsterdam,
107B481,Stichting Katholieke Universiteit Brabant,112A446,Tilburg University,OPLEIDING,1001O5686,50393,,NVAO,Liberal Arts and Sciences,Liberal Arts and Sciences,2009-09-01,,WO-BA,BACHELOR,180,6,6,GETUIGSCHRIFT,Stichting Katholieke Universiteit Brabant,Liberal Arts and Sciences,,Liberal Arts and Sciences,VOLTIJD,ENG,2020-11-02,,2022-09-01,,,,,GEEN_DEFICIENTIES,GEEN_EISEN,GEEN_PROPEDEUTISCHE_FASE,GEEN_STUDIEKEUZE_CHECK,GEEN_VERSNELD_TRAJECT,55d1ea5d-f95e-4a70-974a-31f6bb61f32d,55d1ea5d-f95e-4a70-974a-31f6bb61f32d,111X362,Warandelaan,Tilburg,B Liberal Arts and Sciences
107B481,Stichting Katholieke Universiteit Brabant,112A446,Tilburg University,OPLEIDING,1001O5767,50950,,NVAO,Economie en Bedrijfseconomie,Economics and Business Economics,2009-09-01,,WO-BA,BACHELOR,180,6,6,GETUIGSCHRIFT,Stichting Katholieke Universiteit Brabant,Economie en Bedrijfseconomie,,Economics and Business Economics,VOLTIJD,NLD,2020-11-02,,2022-09-01,,,,,GEEN_DEFICIENTIES,GEEN_EISEN,GEEN_PROPEDEUTISCHE_FASE,STUDIEKEUZE_CHECK_VAN_TOEPASSING,GEEN_VERSNELD_TRAJECT,be3575d2-95c5-48fb-9ced-dba6f01a39d0,be3575d2-95c5-48fb-9ced-dba6f01a39d0,111X362,Warandelaan,Tilburg,B Economie en Bedrijfseconomie
107B481,Stichting Katholieke Universiteit Brabant,112A446,Tilburg University,OPLEIDING,1001O5773,50952,,NVAO,International Business Administration,International Business Administration,2009-09-01,,WO-BA,BACHELOR,180,6,6,GETUIGSCHRIFT,Stichting Katholieke Universiteit Brabant,International Business Administration,,International Business Administration,VOLTIJD,ENG,2020-11-02,,2022-09-01,,,,,GEEN_DEFICIENTIES,GEEN_EISEN,GEEN_PROPEDEUTISCHE_FASE,STUDIEKEUZE_CHECK_VERPLICHT,GEEN_VERSNELD_TRAJECT,83ed252b-2d40-4deb-9942-245a5a6f48a7,83ed252b-2d40-4deb-9942-245a5a6f48a7,111X362,Warandelaan,Tilburg,B International Business Administration
107B481,Stichting Katholieke Universiteit Brabant,112A446,Tilburg University,OPLEIDING,1001O5844,56081,,NVAO,Filosofie,Philosophy,2002-09-01,,WO-BA,BACHELOR,180,6,6,GETUIGSCHRIFT,Stichting Katholieke Universiteit Brabant,Filosofie,,Philosophy,VOLTIJD,NLD,2020-11-02,,2022-09-01,,,,,GEEN_DEFICIENTIES,GEEN_EISEN,GEEN_PROPEDEUTISCHE_FASE,GEEN_STUDIEKEUZE_CHECK,GEEN_VERSNELD_TRAJECT,3d460953-694f-4cbe-95a9-c95868f9573c,3d460953-694f-4cbe-95a9-c95868f9573c,111X362,Warandelaan,Tilburg,B Filosofie
107B481,Stichting Katholieke Universiteit Brabant,112A446,Tilburg University,OPLEIDING,1001O5858,56109,,NVAO,Theologie,Theology,2006-01-01,,WO-BA,BACHELOR,180,6,6,GETUIGSCHRIFT,Stichting Katholieke Universiteit Brabant,Theologie,,Theology,VOLTIJD,ENG,2020-11-02,,2022-09-01,,,,,GEEN_DEFICIENTIES,GEEN_EISEN,GEEN_PROPEDEUTISCHE_FASE,GEEN_STUDIEKEUZE_CHECK,GEEN_VERSNELD_TRAJECT,aef8281f-a56c-468f-bf61-3a17f47bf374,aef8281f-a56c-468f-bf61-3a17f47bf374,111X362,Warandelaan,Tilburg,B Theologie
107B481,Stichting Katholieke Universiteit Brabant,112A446,Tilburg University,OPLEIDING,1001O5858,56109,,NVAO,Theologie,Theology,2006-01-01,,WO-BA,BACHELOR,180,6,6,GETUIGSCHRIFT,Stichting Katholieke Universiteit Brabant,Theologie,,Theology,VOLTIJD,ENG,2020-11-02,,2024-09-01,,,,,GEEN_DEFICIENTIES,GEEN_EISEN,GEEN_PROPEDEUTISCHE_FASE,GEEN_STUDIEKEUZE_CHECK,GEEN_VERSNELD_TRAJECT,7a3f3634-f5b8-47bd-8d43-3c9dcd72fb45,7a3f3634-f5b8-47bd-8d43-3c9dcd72fb45,114X187,Nieuwegracht,Utrecht,B Theologie
107B481,Stichting Katholieke Universiteit Brabant,112A446,Tilburg University,OPLEIDING,1001O5883,56401,,NVAO,Economie,Economics,2009-09-01,,WO-BA,BACHELOR,180,6,6,GETUIGSCHRIFT,Stichting Katholieke Universiteit Brabant,Economics,,Economics,VOLTIJD,ENG,2020-11-02,,2022-09-01,,,,,GEEN_DEFICIENTIES,GEEN_EISEN,GEEN_PROPEDEUTISCHE_FASE,STUDIEKEUZE_CHECK_VERPLICHT,GEEN_VERSNELD_TRAJECT,e6bf9ead-7188-43ee-b800-72671f459690,e6bf9ead-7188-43ee-b800-72671f459690,111X362,Warandelaan,Tilburg,B Economics
107B481,Stichting Katholieke Universiteit Brabant,112A446,Tilburg University,OPLEIDING,1001O5902,56475,,NVAO,Global Law,Global Law,2013-09-01,,WO-BA,BACHELOR,180,6,6,GETUIGSCHRIFT,Stichting Katholieke Universiteit Brabant,Global Law,,Global Law,VOLTIJD,ENG,2020-11-02,,2022-09-01,,,,,GEEN_DEFICIENTIES,GEEN_EISEN,GEEN_PROPEDEUTISCHE_FASE,STUDIEKEUZE_CHECK_VERPLICHT,GEEN_VERSNELD_TRAJECT,0e31fa43-a733-4ee4-b2b3-7f68a245d0c1,0e31fa43-a733-4ee4-b2b3-7f68a245d0c1,111X362,Warandelaan,Tilburg,B Global Law
107B481,Stichting Katholieke Universiteit Brabant,112A446,Tilburg University,OPLEIDING,1001O6046,56823,,NVAO,Algemene Cultuurwetenschappen,Culture Studies,2002-09-01,,WO-BA,BACHELOR,180,6,6,GETUIGSCHRIFT,Stichting Katholieke Universiteit Brabant,Algemene Cultuurwetenschappen,,Culture Studies,VOLTIJD,NLD,2020-11-02,,2022-09-01,,,,,GEEN_DEFICIENTIES,GEEN_EISEN,GEEN_PROPEDEUTISCHE_FASE,GEEN_STUDIEKEUZE_CHECK,GEEN_VERSNELD_TRAJECT,65b743d9-46e0-4f63-b7f1-8d0b10bbe2b5,65b743d9-46e0-4f63-b7f1-8d0b10bbe2b5,111X362,Warandelaan,Tilburg,B Algemene Cultuurwetenschappen
107B481,Stichting Katholieke Universiteit Brabant,112A446,Tilburg University,OPLEIDING,1001O6060,56826,,NVAO,Communicatie- en Informatiewetenschappen,Communication and Information Sciences,2002-09-01,,WO-BA,BACHELOR,180,6,6,GETUIGSCHRIFT,Stichting Katholieke Universiteit Brabant,Communicatie- en Informatiewetenschappen,,Communication and Information Sciences,VOLTIJD,NLD,2020-11-02,,2022-09-01,,,,,GEEN_DEFICIENTIES,GEEN_EISEN,GEEN_PROPEDEUTISCHE_FASE,GEEN_STUDIEKEUZE_CHECK,GEEN_VERSNELD_TRAJECT,98ad9ed3-ecd3-4217-9844-b2453d4c45d1,98ad9ed3-ecd3-4217-9844-b2453d4c45d1,111X362,Warandelaan,Tilburg,B Communicatie- en Informatiewetenschappen
107B481,Stichting Katholieke Universiteit Brabant,112A446,Tilburg University,OPLEIDING,1001O6081,56833,,NVAO,Econometrie en Operationele Research,Econometrics and Operations Research,2002-09-01,,WO-BA,BACHELOR,180,6,6,GETUIGSCHRIFT,Stichting Katholieke Universiteit Brabant,Econometrie en Operationele Research,,Econometrics and Operations Research,VOLTIJD,ENG,2020-11-02,,2022-09-01,,,,,GEEN_DEFICIENTIES,GEEN_EISEN,GEEN_PROPEDEUTISCHE_FASE,GEEN_STUDIEKEUZE_CHECK,GEEN_VERSNELD_TRAJECT,f642259f-1a46-4c7d-af4d-e4b4ea55bb48,f642259f-1a46-4c7d-af4d-e4b4ea55bb48,111X362,Warandelaan,Tilburg,B Econometrie en Operationele Research
107B481,Stichting Katholieke Universiteit Brabant,112A446,Tilburg University,OPLEIDING,1001O6245,59338,,NVAO,Cognitive Science and Artificial Intelligence,Cognitive Science and Artificial Intelligence,2019-09-01,,WO-BA,BACHELOR,180,6,6,GETUIGSCHRIFT,Stichting Katholieke Universiteit Brabant,Cognitive Science and Artificial Intelligence,,Cognitive Science and Artificial Intelligence,VOLTIJD,ENG,2020-11-02,,2022-09-01,,,,,GEEN_DEFICIENTIES,GEEN_EISEN,GEEN_PROPEDEUTISCHE_FASE,GEEN_STUDIEKEUZE_CHECK,GEEN_VERSNELD_TRAJECT,fe0190e9-546b-4687-a488-8798a97fc4be,fe0190e9-546b-4687-a488-8798a97fc4be,111X362,Warandelaan,Tilburg,B Cognitive Science and Artificial Intelligence
107B481,Stichting Katholieke Universiteit Brabant,112A446,Tilburg University,OPLEIDING,1001O6247,59340,,NVAO,Entrepreneurship and Business Innovation,Entrepreneurship and Business Innovation,2020-09-01,,WO-BA,BACHELOR,180,6,6,GETUIGSCHRIFT,Stichting Katholieke Universiteit Brabant,Entrepreneurship and Business Innovation,,Entrepreneurship and Business Innovation,VOLTIJD,ENG,2020-11-02,,2022-09-01,,,,,GEEN_DEFICIENTIES,GEEN_EISEN,GEEN_PROPEDEUTISCHE_FASE,STUDIEKEUZE_CHECK_VERPLICHT,GEEN_VERSNELD_TRAJECT,70a504d4-da6a-4ed9-93c4-928e91f14059,70a504d4-da6a-4ed9-93c4-928e91f14059,111X362,Warandelaan,Tilburg,B Entrepreneurship and Business Innovation
107B481,Stichting Katholieke Universiteit Brabant,112A446,Tilburg University,OPLEIDING,1016O0438,,,,B Fiscale Economie,B Tax Economics,,,WO-BA,BACHELOR,,6,6,DIPLOMA,Stichting Katholieke Universiteit Brabant,Fiscale economie,,Tax Economics,VOLTIJD,NLD,2020-11-02,,2022-09-01,,,,,GEEN_DEFICIENTIES,GEEN_EISEN,GEEN_PROPEDEUTISCHE_FASE,STUDIEKEUZE_CHECK_VAN_TOEPASSING,GEEN_VERSNELD_TRAJECT,b6a0ccc1-41ca-4c13-b4e7-71b5c05e541e,b6a0ccc1-41ca-4c13-b4e7-71b5c05e541e,111X362,Warandelaan,Tilburg,B Fiscale economie
107B481,Stichting Katholieke Universiteit Brabant,112A446,Tilburg University,OPLEIDING,1016O1094,,,,B Data Science (joint degree),B Data Science (joint degree),,,WO-BA,BACHELOR,,6,6,DIPLOMA,Stichting Katholieke Universiteit Brabant,Data Science,,Data Science,VOLTIJD,ENG,2020-11-02,,2022-09-01,,,,,GEEN_DEFICIENTIES,GEEN_EISEN,GEEN_PROPEDEUTISCHE_FASE,STUDIEKEUZE_CHECK_VERPLICHT,GEEN_VERSNELD_TRAJECT,497276e4-db19-46ab-9e63-69cbacc4023c,497276e4-db19-46ab-9e63-69cbacc4023c,111X362,Warandelaan,Tilburg,B Data Science
107B481,Stichting Katholieke Universiteit Brabant,112A446,Tilburg University,VARIANT,1016O0439,,56604,NVAO,B Psychologie (Nederlandstalig),B Psychology (Dutch),,,WO-BA,BACHELOR,180,6,6,DIPLOMA,Stichting Katholieke Universiteit Brabant,B Psychologie (Nederlandstalig),,B Psychology (Dutch),VOLTIJD,NLD,2020-11-02,,2022-09-01,,,,,GEEN_DEFICIENTIES,GEEN_EISEN,GEEN_PROPEDEUTISCHE_FASE,GEEN_STUDIEKEUZE_CHECK,GEEN_VERSNELD_TRAJECT,17cfb7fe-c43e-41e8-bfa9-ee2d203be078,17cfb7fe-c43e-41e8-bfa9-ee2d203be078,111X362,Warandelaan,Tilburg,Psychologie
107B481,Stichting Katholieke Universiteit Brabant,112A446,Tilburg University,VARIANT,1016O0440,,56604,NVAO,B Psychologie (Engelstalig),B Psychology (English),,,WO-BA,BACHELOR,180,6,6,DIPLOMA,Stichting Katholieke Universiteit Brabant,B Psychologie (Engelstalig),,B Psychology (English),VOLTIJD,ENG,2020-11-02,,2022-09-01,,,,,GEEN_DEFICIENTIES,GEEN_EISEN,GEEN_PROPEDEUTISCHE_FASE,GEEN_STUDIEKEUZE_CHECK,GEEN_VERSNELD_TRAJECT,8c87a4cd-795b-479c-acd2-3294d83010fa,8c87a4cd-795b-479c-acd2-3294d83010fa,111X362,Warandelaan,Tilburg,Psychologie
107B481,Stichting Katholieke Universiteit Brabant,112A446,Tilburg University,VARIANT,1016O0539,,50700,NVAO,B Rechtsgeleerdheid,B Law,,,WO-BA,BACHELOR,180,6,6,DIPLOMA,Stichting Katholieke Universiteit Brabant,B Rechtsgeleerdheid,,B Law,VOLTIJD,NLD,2020-11-02,,2022-09-01,,,,,GEEN_DEFICIENTIES,GEEN_EISEN,GEEN_PROPEDEUTISCHE_FASE,GEEN_STUDIEKEUZE_CHECK,GEEN_VERSNELD_TRAJECT,34ac50b9-496c-4401-b50a-ef46b7d8b404,34ac50b9-496c-4401-b50a-ef46b7d8b404,111X362,Warandelaan,Tilburg,Rechtsgeleerdheid
107B481,Stichting Katholieke Universiteit Brabant,112A446,Tilburg University,VARIANT,1016O0540,,50700,NVAO,B Rechtsgeleerdheid: Specialisatie Ondernemingsrecht,B Law: Specialization Business Law,,,WO-BA,BACHELOR,180,6,6,DIPLOMA,Stichting Katholieke Universiteit Brabant,B Rechtsgeleerdheid: Specialisatie Ondernemingsrecht,,B Law: Specialization Business Law,VOLTIJD,NLD,2020-11-02,,2022-09-01,,,,,GEEN_DEFICIENTIES,GEEN_EISEN,GEEN_PROPEDEUTISCHE_FASE,GEEN_STUDIEKEUZE_CHECK,GEEN_VERSNELD_TRAJECT,846c10c4-22c1-4b10-b144-a249eeed02dd,846c10c4-22c1-4b10-b144-a249eeed02dd,111X362,Warandelaan,Tilburg,Rechtsgeleerdheid: Specialisatie Ondernemingsrecht
107B481,Stichting Katholieke Universiteit Brabant,112A446,Tilburg University,VARIANT,1016O0543,,50754,NVAO,B Organisatie- en Managementwetenschappen,B Organization and Management Studies (Dutch program),,,WO-BA,BACHELOR,180,6,6,DIPLOMA,Stichting Katholieke Universiteit Brabant,B Organisatie- en Managementwetenschappen,,B Organization and Management Studies (Dutch program),VOLTIJD,NLD,2020-11-02,,2022-09-01,,,,,GEEN_DEFICIENTIES,GEEN_EISEN,GEEN_PROPEDEUTISCHE_FASE,GEEN_STUDIEKEUZE_CHECK,GEEN_VERSNELD_TRAJECT,d6bbd376-44c9-49bf-a492-871db64d8340,d6bbd376-44c9-49bf-a492-871db64d8340,111X362,Warandelaan,Tilburg,Organisatie- en Managementwetenschappen
107B481,Stichting Katholieke Universiteit Brabant,112A446,Tilburg University,VARIANT,1016O0544,,50754,NVAO,B Organisatie- en Managementwetenschappen:GMSI (Engelstalig),B Organization and Management Studies:GMSI (English program),,,WO-BA,BACHELOR,180,6,6,DIPLOMA,Stichting Katholieke Universiteit Brabant,B Organisatie- en Managementwetenschappen:GMSI (Engelstalig),,B Organization and Management Studies:GMSI (English program),VOLTIJD,ENG,2020-11-02,,2022-09-01,,,,,GEEN_DEFICIENTIES,GEEN_EISEN,GEEN_PROPEDEUTISCHE_FASE,GEEN_STUDIEKEUZE_CHECK,GEEN_VERSNELD_TRAJECT,8f32c604-e8c1-47bd-a58e-017c97c644ff,8f32c604-e8c1-47bd-a58e-017c97c644ff,111X362,Warandelaan,Tilburg,Organisatie- en Managementwetenschappen: Global Management of Social Issues
107B481,Stichting Katholieke Universiteit Brabant,112A446,Tilburg University,VARIANT,1016O0545,,50755,NVAO,B Personeelwetenschappen,B Human Resource Studies,,,WO-BA,BACHELOR,180,6,6,DIPLOMA,Stichting Katholieke Universiteit Brabant,B Personeelwetenschappen,,B Human Resource Studies,VOLTIJD,NLD,2020-11-02,,2022-09-01,,,,,GEEN_DEFICIENTIES,GEEN_EISEN,GEEN_PROPEDEUTISCHE_FASE,GEEN_STUDIEKEUZE_CHECK,GEEN_VERSNELD_TRAJECT,62e99cdf-41eb-411c-b32e-ce0b81027230,62e99cdf-41eb-411c-b32e-ce0b81027230,111X362,Warandelaan,Tilburg,Personeelwetenschappen
107B481,Stichting Katholieke Universiteit Brabant,112A446,Tilburg University,VARIANT,1016O0546,,50755,NVAO,B Personeelwetenschappen (HRS: People Management),B Human Resource Studies (HRS: People Management),,,WO-BA,BACHELOR,180,6,6,DIPLOMA,Stichting Katholieke Universiteit Brabant,B Personeelwetenschappen (HRS: People Management),,B Human Resource Studies (HRS: People Management),VOLTIJD,ENG,2020-11-02,,2022-09-01,,,,,GEEN_DEFICIENTIES,GEEN_EISEN,GEEN_PROPEDEUTISCHE_FASE,STUDIEKEUZE_CHECK_VAN_TOEPASSING,GEEN_VERSNELD_TRAJECT,9219846e-0da4-477e-8adb-bba94c2320ff,9219846e-0da4-477e-8adb-bba94c2320ff,111X362,Warandelaan,Tilburg,Personeelwetenschappen: People Management
107B481,Stichting Katholieke Universiteit Brabant,112A446,Tilburg University,VARIANT,1016O0553,,56601,NVAO,B Sociologie,B Sociology,,,WO-BA,BACHELOR,180,6,6,DIPLOMA,Stichting Katholieke Universiteit Brabant,B Sociologie,,B Sociology,VOLTIJD,NLD,2020-11-02,,2022-09-01,,,,,GEEN_DEFICIENTIES,GEEN_EISEN,GEEN_PROPEDEUTISCHE_FASE,GEEN_STUDIEKEUZE_CHECK,GEEN_VERSNELD_TRAJECT,3ade8948-42f3-4b25-88ec-224ac18925aa,3ade8948-42f3-4b25-88ec-224ac18925aa,111X362,Warandelaan,Tilburg,Sociologie
107B481,Stichting Katholieke Universiteit Brabant,112A446,Tilburg University,VARIANT,1016O0554,,56627,NVAO,B Bestuurskunde,B Public Governance,,,WO-BA,BACHELOR,180,6,6,DIPLOMA,Stichting Katholieke Universiteit Brabant,B Bestuurskunde,,B Public Governance,VOLTIJD,NLD,2020-11-02,,2022-09-01,,,,,GEEN_DEFICIENTIES,GEEN_EISEN,GEEN_PROPEDEUTISCHE_FASE,GEEN_STUDIEKEUZE_CHECK,GEEN_VERSNELD_TRAJECT,ccc226b6-54b8-4a00-8815-a6ad02213ec2,ccc226b6-54b8-4a00-8815-a6ad02213ec2,111X362,Warandelaan,Tilburg,Bestuurskunde
107B481,Stichting Katholieke Universiteit Brabant,112A446,Tilburg University,VARIANT,1016O1090,,,,B Bedrijfskunde,B Business Administration,,,WO-BA,BACHELOR,,6,6,DIPLOMA,Stichting Katholieke Universiteit Brabant,B Bedrijfskunde,,B Business Administration,VOLTIJD,NLD,2023-09-14,,,,,,,GEEN_DEFICIENTIES,GEEN_EISEN,GEEN_PROPEDEUTISCHE_FASE,GEEN_STUDIEKEUZE_CHECK,GEEN_VERSNELD_TRAJECT,e49d865c-85a9-44a2-b0b0-07d36e668ba0,e49d865c-85a9-44a2-b0b0-07d36e668ba0,111X362,Warandelaan,Tilburg,Bedrijfskunde
107B481,Stichting Katholieke Universiteit Brabant,112A446,Tilburg University,VARIANT,1016O1091,,56627,NVAO,B Public Governance,B Public Governance,,,WO-BA,BACHELOR,180,6,6,DIPLOMA,Stichting Katholieke Universiteit Brabant,B Public Governance,,B Public Governance,VOLTIJD,ENG,2020-11-02,,2022-09-01,,,,,GEEN_DEFICIENTIES,GEEN_EISEN,GEEN_PROPEDEUTISCHE_FASE,GEEN_STUDIEKEUZE_CHECK,GEEN_VERSNELD_TRAJECT,9fd6b04b-98e1-4cf3-997d-76c8de20102e,9fd6b04b-98e1-4cf3-997d-76c8de20102e,111X362,Warandelaan,Tilburg,Bestuurskunde
107B481,Stichting Katholieke Universiteit Brabant,112A446,Tilburg University,VARIANT,1016O1092,,56601,NVAO,B Sociologie (International Sociology),B Sociology (International Sociology),,,WO-BA,BACHELOR,180,6,6,DIPLOMA,Stichting Katholieke Universiteit Brabant,B Sociologie (International Sociology),,B Sociology (International Sociology),VOLTIJD,ENG,2020-11-02,,2022-09-01,,,,,GEEN_DEFICIENTIES,GEEN_EISEN,GEEN_PROPEDEUTISCHE_FASE,GEEN_STUDIEKEUZE_CHECK,GEEN_VERSNELD_TRAJECT,51e1f981-9c8a-4c08-bbb3-9b8d02bbc343,51e1f981-9c8a-4c08-bbb3-9b8d02bbc343,111X362,Warandelaan,Tilburg,Sociologie
107B482,Het College van Bestuur van de Vrije Universiteit,111A136,VU - Vrije Universiteit Amsterdam,OPLEIDING,1001O5627,50007,,NVAO,Bestuurs- en Organisatiewetenschap,Public Administration and Organization Science,2002-09-01,,WO-BA,BACHELOR,180,6,6,GETUIGSCHRIFT,Stichting VU,B Bestuurs- en Organisatiewetenschap,,B Public Administration and Organization,VOLTIJD,NLD,2024-09-06,,2024-09-01,,,,,GEEN_DEFICIENTIES,EISEN,GEEN_PROPEDEUTISCHE_FASE,GEEN_STUDIEKEUZE_CHECK,GEEN_VERSNELD_TRAJECT,baac29d0-a222-4cd1-a028-a8a8c8d06af4,baac29d0-a222-4cd1-a028-a8a8c8d06af4,111X680,De Boelelaan,Amsterdam,
107B482,Het College van Bestuur van de Vrije Universiteit,111A136,VU - Vrije Universiteit Amsterdam,OPLEIDING,1001O5654,50035,,NVAO,Culturele Antropologie en Ontwikkelingssociologie,Cultural Anthropology and Development Sociology,2008-09-01,,WO-BA,BACHELOR,180,6,6,GETUIGSCHRIFT,Stichting VU,B Cultural Anthropology and Dev. Soc.,,Cultural Anthropology and Dev. Soc.,VOLTIJD,ENG,2020-09-01,,2020-09-01,,,,,GEEN_DEFICIENTIES,EISEN,GEEN_PROPEDEUTISCHE_FASE,GEEN_STUDIEKEUZE_CHECK,GEEN_VERSNELD_TRAJECT,672aad0c-6c9e-44a6-a731-a75629f4364d,672aad0c-6c9e-44a6-a731-a75629f4364d,111X680,De Boelelaan,Amsterdam,
107B482,Het College van Bestuur van de Vrije Universiteit,111A136,VU - Vrije Universiteit Amsterdam,OPLEIDING,1001O5654,50035,,NVAO,Culturele Antropologie en Ontwikkelingssociologie,Cultural Anthropology and Development Sociology,2008-09-01,,WO-BA,BACHELOR,180,6,6,GETUIGSCHRIFT,Stichting VU,B Culturele Antropologie en Ontw. Soc.,,B Cultural Anthropology and Dev. Soc.,VOLTIJD,NLD,2020-09-01,,2020-09-01,,,,,GEEN_DEFICIENTIES,EISEN,GEEN_PROPEDEUTISCHE_FASE,GEEN_STUDIEKEUZE_CHECK,GEEN_VERSNELD_TRAJECT,788cccf7-c0a9-4730-ac05-9037db20c33c,788cccf7-c0a9-4730-ac05-9037db20c33c,111X680,De Boelelaan,Amsterdam,
107B482,Het College van Bestuur van de Vrije Universiteit,111A136,VU - Vrije Universiteit Amsterdam,OPLEIDING,1001O5694,50426,,NVAO,Computer Science,Computer Science,2013-09-01,,WO-BA,BACHELOR,180,6,6,GETUIGSCHRIFT,Stichting VU,B Computer Science,,B Computer Science,VOLTIJD,ENG,2024-09-01,,2024-09-01,,,,,DEFICIENTIES,EISEN,GEEN_PROPEDEUTISCHE_FASE,GEEN_STUDIEKEUZE_CHECK,GEEN_VERSNELD_TRAJECT,81223d0d-15f7-4c76-a73f-7dd0abc449e0,81223d0d-15f7-4c76-a73f-7dd0abc449e0,111X680,De Boelelaan,Amsterdam,
107B482,Het College van Bestuur van de Vrije Universiteit,111A136,VU - Vrije Universiteit Amsterdam,OPLEIDING,1001O5702,50509,,NVAO,Gezondheid en Leven,Health and Life Sciences,2007-09-01,,WO-BA,BACHELOR,180,6,6,GETUIGSCHRIFT,Stichting VU,B Gezondheid en Leven,,B Health and Life Sciences,VOLTIJD,ENG,2024-09-01,,2024-09-01,,,,,GEEN_DEFICIENTIES,EISEN,GEEN_PROPEDEUTISCHE_FASE,GEEN_STUDIEKEUZE_CHECK,GEEN_VERSNELD_TRAJECT,48685113-c28b-469a-82b7-c00d001e5852,48685113-c28b-469a-82b7-c00d001e5852,111X680,De Boelelaan,Amsterdam,
107B482,Het College van Bestuur van de Vrije Universiteit,111A136,VU - Vrije Universiteit Amsterdam,OPLEIDING,1001O5714,50645,,NVAO,Bedrijfskunde,Business Administration,2009-09-01,,WO-BA,BACHELOR,180,6,6,GETUIGSCHRIFT,Stichting VU,B Bedrijfskunde,,B Business Administration,VOLTIJD,NLD,2023-09-01,,2023-09-01,,,,,GEEN_DEFICIENTIES,EISEN,GEEN_PROPEDEUTISCHE_FASE,GEEN_STUDIEKEUZE_CHECK,GEEN_VERSNELD_TRAJECT,01508adf-22fa-47e1-a7a7-d26506a6344c,01508adf-22fa-47e1-a7a7-d26506a6344c,111X680,De Boelelaan,Amsterdam,
107B482,Het College van Bestuur van de Vrije Universiteit,111A136,VU - Vrije Universiteit Amsterdam,OPLEIDING,1001O5722,50668,,NVAO,"Aarde, Economie en Duurzaamheid","Earth Sciences, Economics and Sustainability",2007-09-01,,WO-BA,BACHELOR,180,6,6,GETUIGSCHRIFT,Stichting VU,"B Aarde, Economie en Duurzaamheid",,"B Earth Sciences, Economics and Sustain.",VOLTIJD,NLD,2020-09-01,,2020-09-01,,,,,GEEN_DEFICIENTIES,EISEN,GEEN_PROPEDEUTISCHE_FASE,GEEN_STUDIEKEUZE_CHECK,GEEN_VERSNELD_TRAJECT,97609a36-3604-454a-a51e-b389d2bfa005,97609a36-3604-454a-a51e-b389d2bfa005,111X680,De Boelelaan,Amsterdam,
107B482,Het College van Bestuur van de Vrije Universiteit,111A136,VU - Vrije Universiteit Amsterdam,OPLEIDING,1001O5723,50670,,NVAO,"Science, Business & Innovation","Science, Business & Innovation",2010-05-26,,WO-BA,BACHELOR,180,6,6,GETUIGSCHRIFT,Stichting VU,"B Science, Business & Innovation",,"B Science, Business & Innovation",VOLTIJD,NLD,2023-06-29,,2023-09-01,,,,,GEEN_DEFICIENTIES,EISEN,GEEN_PROPEDEUTISCHE_FASE,GEEN_STUDIEKEUZE_CHECK,GEEN_VERSNELD_TRAJECT,97aeff04-947f-4585-994c-13cfab50f7a4,97aeff04-947f-4585-994c-13cfab50f7a4,111X680,De Boelelaan,Amsterdam,
107B482,Het College van Bestuur van de Vrije Universiteit,111A136,VU - Vrije Universiteit Amsterdam,OPLEIDING,1001O5730,50700,,NVAO,Rechtsgeleerdheid,Law,2006-09-01,,WO-BA,BACHELOR,180,6,6,GETUIGSCHRIFT,Stichting VU,B Rechtsgeleerdheid,,B in Law,VOLTIJD,NLD,2019-01-31,,2019-09-01,,,,,GEEN_DEFICIENTIES,EISEN,GEEN_PROPEDEUTISCHE_FASE,GEEN_STUDIEKEUZE_CHECK,GEEN_VERSNELD_TRAJECT,83735250-73b2-43ed-99ee-d4d48ac78fab,83735250-73b2-43ed-99ee-d4d48ac78fab,111X680,De Boelelaan,Amsterdam,
107B482,Het College van Bestuur van de Vrije Universiteit,111A136,VU - Vrije Universiteit Amsterdam,OPLEIDING,1001O5745,50800,,NVAO,Medische Natuurwetenschappen,Medical Natural Sciences,2002-09-01,,WO-BA,BACHELOR,180,6,6,GETUIGSCHRIFT,Stichting VU,B Medische Natuurwetenschappen,,B Medical Natural Sciences,VOLTIJD,NLD,2019-04-24,,2019-09-01,,,,,GEEN_DEFICIENTIES,EISEN,GEEN_PROPEDEUTISCHE_FASE,GEEN_STUDIEKEUZE_CHECK,GEEN_VERSNELD_TRAJECT,9c3b380b-9334-458d-bef8-015d7e3fa931,9c3b380b-9334-458d-bef8-015d7e3fa931,111X680,De Boelelaan,Amsterdam,
107B482,Het College van Bestuur van de Vrije Universiteit,111A136,VU - Vrije Universiteit Amsterdam,OPLEIDING,1001O5765,50950,,NVAO,Economie en Bedrijfseconomie,Economics and Business Economics,2006-03-01,,WO-BA,BACHELOR,180,6,6,GETUIGSCHRIFT,Stichting VU,B Economie en bedrijfseconomie,,B Economics and Business Economics,VOLTIJD,NLD,2023-09-01,,2023-09-01,,,,,GEEN_DEFICIENTIES,EISEN,GEEN_PROPEDEUTISCHE_FASE,GEEN_STUDIEKEUZE_CHECK,GEEN_VERSNELD_TRAJECT,6fad83f4-b1ed-4a6a-8fda-4b55501214de,6fad83f4-b1ed-4a6a-8fda-4b55501214de,111X680,De Boelelaan,Amsterdam,
107B482,Het College van Bestuur van de Vrije Universiteit,111A136,VU - Vrije Universiteit Amsterdam,OPLEIDING,1001O5772,50952,,NVAO,International Business Administration,International Business Administration,2005-09-01,,WO-BA,BACHELOR,180,6,6,GETUIGSCHRIFT,Stichting VU,B International Business Administration,,B International Business Administration,VOLTIJD,ENG,2023-09-01,,2023-09-01,,,,,GEEN_DEFICIENTIES,EISEN,GEEN_PROPEDEUTISCHE_FASE,GEEN_STUDIEKEUZE_CHECK,GEEN_VERSNELD_TRAJECT,b1c00a7f-44c2-4c52-8577-65f8a2ff74a6,b1c00a7f-44c2-4c52-8577-65f8a2ff74a6,111X680,De Boelelaan,Amsterdam,
107B482,Het College van Bestuur van de Vrije Universiteit,111A136,VU - Vrije Universiteit Amsterdam,OPLEIDING,1001O5779,54999,,NVAO,"Philosophy, Politics and Economics","Philosophy, Politics and Economics",2016-09-01,,WO-BA,BACHELOR,180,6,6,GETUIGSCHRIFT,Stichting VU,"B Philosophy, Politics and Economics",,"B Philosophy, Politics and Economics",VOLTIJD,ENG,2022-11-03,,2023-09-01,,,,,GEEN_DEFICIENTIES,EISEN,GEEN_PROPEDEUTISCHE_FASE,GEEN_STUDIEKEUZE_CHECK,GEEN_VERSNELD_TRAJECT,21d5268e-6416-4441-8e93-b47e04d3c94f,21d5268e-6416-4441-8e93-b47e04d3c94f,111X680,De Boelelaan,Amsterdam,
107B482,Het College van Bestuur van de Vrije Universiteit,111A136,VU - Vrije Universiteit Amsterdam,OPLEIDING,1001O5801,55822,,NVAO,"Media, Kunst, Design en Architectuur","Media, Art, Design and Architecture",2013-09-01,,WO-BA,BACHELOR,180,6,6,GETUIGSCHRIFT,Stichting VU,"B Media, Kunst, Design en Architectuur",,"B Media, Art, Design and Architecture",VOLTIJD,NLD,2020-09-01,,2020-09-01,,,,,GEEN_DEFICIENTIES,EISEN,GEEN_PROPEDEUTISCHE_FASE,GEEN_STUDIEKEUZE_CHECK,GEEN_VERSNELD_TRAJECT,6f904f64-ad55-4430-8a47-2881f14dd028,6f904f64-ad55-4430-8a47-2881f14dd028,111X680,De Boelelaan,Amsterdam,
107B482,Het College van Bestuur van de Vrije Universiteit,111A136,VU - Vrije Universiteit Amsterdam,OPLEIDING,1001O5802,55823,,NVAO,Literatuur en Samenleving,Literature and Society,2013-09-01,,WO-BA,BACHELOR,180,6,6,GETUIGSCHRIFT,Stichting VU,B Literatuur en Samenleving,,B Literature and Society,VOLTIJD,NLD,2020-09-01,,2020-09-01,,,,,GEEN_DEFICIENTIES,EISEN,GEEN_PROPEDEUTISCHE_FASE,GEEN_STUDIEKEUZE_CHECK,GEEN_VERSNELD_TRAJECT,e8cddac0-95ea-4733-b318-f664457447c8,e8cddac0-95ea-4733-b318-f664457447c8,111X680,De Boelelaan,Amsterdam,
107B482,Het College van Bestuur van de Vrije Universiteit,111A136,VU - Vrije Universiteit Amsterdam,OPLEIDING,1001O5808,56003,,NVAO,Griekse en Latijnse Taal en Cultuur,Greek and Latin Languages and Cultures,2002-09-01,,WO-BA,BACHELOR,180,6,6,GETUIGSCHRIFT,Stichting VU,B Griekse en Latijnse Taal en Cultuur,,B Greek and Latin Languages and Cultures,VOLTIJD,NLD,2020-09-01,,2020-09-01,,,,,DEFICIENTIES,EISEN,GEEN_PROPEDEUTISCHE_FASE,GEEN_STUDIEKEUZE_CHECK,GEEN_VERSNELD_TRAJECT,dc6b3bf0-d131-480c-82b8-60369d14b576,dc6b3bf0-d131-480c-82b8-60369d14b576,111X680,De Boelelaan,Amsterdam,
107B482,Het College van Bestuur van de Vrije Universiteit,111A136,VU - Vrije Universiteit Amsterdam,OPLEIDING,1001O5821,56034,,NVAO,Geschiedenis,History,2002-09-01,,WO-BA,BACHELOR,180,6,6,GETUIGSCHRIFT,Stichting VU,B Geschiedenis,,B History,VOLTIJD,NLD,2020-09-01,,2020-09-01,,,,,GEEN_DEFICIENTIES,EISEN,GEEN_PROPEDEUTISCHE_FASE,GEEN_STUDIEKEUZE_CHECK,GEEN_VERSNELD_TRAJECT,1ee5aa6e-d0f6-42dd-bdc1-2e1958f1d2ce,1ee5aa6e-d0f6-42dd-bdc1-2e1958f1d2ce,111X680,De Boelelaan,Amsterdam,
107B482,Het College van Bestuur van de Vrije Universiteit,111A136,VU - Vrije Universiteit Amsterdam,OPLEIDING,1001O5842,56081,,NVAO,Filosofie,Philosophy,2002-09-01,,WO-BA,BACHELOR,180,6,6,GETUIGSCHRIFT,Stichting VU,B Filosofie,,B Philosophy,VOLTIJD,NLD,2024-06-25,,2024-09-01,,,,,GEEN_DEFICIENTIES,EISEN,GEEN_PROPEDEUTISCHE_FASE,GEEN_STUDIEKEUZE_CHECK,GEEN_VERSNELD_TRAJECT,798a0b06-9b15-4570-adf1-c7a67dce0e0c,798a0b06-9b15-4570-adf1-c7a67dce0e0c,111X680,De Boelelaan,Amsterdam,
107B482,Het College van Bestuur van de Vrije Universiteit,111A136,VU - Vrije Universiteit Amsterdam,OPLEIDING,1001O5901,56469,,NVAO,Criminologie,Criminology,2002-09-01,,WO-BA,BACHELOR,180,6,6,GETUIGSCHRIFT,Stichting VU,B Criminologie,,B Criminology,VOLTIJD,NLD,2024-09-01,,2024-09-01,,,,,GEEN_DEFICIENTIES,EISEN,GEEN_PROPEDEUTISCHE_FASE,GEEN_STUDIEKEUZE_CHECK,GEEN_VERSNELD_TRAJECT,abfae861-2119-46ae-8c1f-e12bbaca4f06,abfae861-2119-46ae-8c1f-e12bbaca4f06,111X680,De Boelelaan,Amsterdam,
107B482,Het College van Bestuur van de Vrije Universiteit,111A136,VU - Vrije Universiteit Amsterdam,OPLEIDING,1001O5909,56551,,NVAO,Geneeskunde,Medicine,2005-09-01,,WO-BA,BACHELOR,180,6,6,GETUIGSCHRIFT,Stichting VU,B Geneeskunde,,B Medicine,VOLTIJD,NLD,2024-09-01,,2024-09-01,,,,,GEEN_DEFICIENTIES,EISEN,GEEN_PROPEDEUTISCHE_FASE,GEEN_STUDIEKEUZE_CHECK,GEEN_VERSNELD_TRAJECT,fbb226a6-634b-4f94-b54d-de1f324bd4ed,fbb226a6-634b-4f94-b54d-de1f324bd4ed,111X680,De Boelelaan,Amsterdam,
107B482,Het College van Bestuur van de Vrije Universiteit,111A136,VU - Vrije Universiteit Amsterdam,OPLEIDING,1001O5914,56553,,NVAO,Gezondheidswetenschappen,Health Sciences,2008-09-01,,WO-BA,BACHELOR,180,6,6,GETUIGSCHRIFT,Stichting VU,B Gezondheidswetenschappen,,B Health Sciences,VOLTIJD,NLD,2023-09-01,,2023-09-01,,,,,GEEN_DEFICIENTIES,EISEN,GEEN_PROPEDEUTISCHE_FASE,GEEN_STUDIEKEUZE_CHECK,GEEN_VERSNELD_TRAJECT,0ac3ddc1-1440-4048-a3fd-b97b075cf11d,0ac3ddc1-1440-4048-a3fd-b97b075cf11d,111X680,De Boelelaan,Amsterdam,
107B482,Het College van Bestuur van de Vrije Universiteit,111A136,VU - Vrije Universiteit Amsterdam,OPLEIDING,1001O5917,56560,,NVAO,Tandheelkunde,Dentistry,2003-09-01,,WO-BA,BACHELOR,180,6,6,GETUIGSCHRIFT,Stichting VU,B Tandheelkunde,,B Dentistry,VOLTIJD,NLD,2024-09-01,,2024-09-01,,,,,GEEN_DEFICIENTIES,EISEN,GEEN_PROPEDEUTISCHE_FASE,GEEN_STUDIEKEUZE_CHECK,GEEN_VERSNELD_TRAJECT,d7b53240-642a-47d8-afd7-5b3296c30f17,d7b53240-642a-47d8-afd7-5b3296c30f17,111X680,De Boelelaan,Amsterdam,
107B482,Het College van Bestuur van de Vrije Universiteit,111A136,VU - Vrije Universiteit Amsterdam,OPLEIDING,1001O5925,56601,,NVAO,Sociologie,Sociology,2007-09-01,,WO-BA,BACHELOR,180,6,6,GETUIGSCHRIFT,Stichting VU,B Sociologie,,B Sociology,VOLTIJD,NLD,2020-09-01,,2020-09-01,,,,,GEEN_DEFICIENTIES,EISEN,GEEN_PROPEDEUTISCHE_FASE,GEEN_STUDIEKEUZE_CHECK,GEEN_VERSNELD_TRAJECT,0269979c-7ce8-424d-8703-8876ada217c9,0269979c-7ce8-424d-8703-8876ada217c9,111X680,De Boelelaan,Amsterdam,
107B482,Het College van Bestuur van de Vrije Universiteit,111A136,VU - Vrije Universiteit Amsterdam,OPLEIDING,1001O5935,56604,,NVAO,Psychologie,Psychology,2002-09-01,,WO-BA,BACHELOR,180,6,6,GETUIGSCHRIFT,Stichting VU,B Psychologie,,B Psychology,VOLTIJD,NLD,2024-09-01,,2024-09-01,,,,,GEEN_DEFICIENTIES,EISEN,GEEN_PROPEDEUTISCHE_FASE,GEEN_STUDIEKEUZE_CHECK,GEEN_VERSNELD_TRAJECT,a58a6d57-e4fd-4c0c-9612-dc56d44c01cc,a58a6d57-e4fd-4c0c-9612-dc56d44c01cc,111X680,De Boelelaan,Amsterdam,
107B482,Het College van Bestuur van de Vrije Universiteit,111A136,VU - Vrije Universiteit Amsterdam,OPLEIDING,1001O5941,56606,,NVAO,Politicologie,Political Science,2002-09-01,,WO-BA,BACHELOR,180,6,6,GETUIGSCHRIFT,Stichting VU,B Political Science,,B Political Science,VOLTIJD,ENG,2024-01-04,,2024-09-01,,,,,GEEN_DEFICIENTIES,EISEN,GEEN_PROPEDEUTISCHE_FASE,GEEN_STUDIEKEUZE_CHECK,GEEN_VERSNELD_TRAJECT,801e07a1-fac2-4d6c-b283-2dc654ccfd2c,801e07a1-fac2-4d6c-b283-2dc654ccfd2c,111X680,De Boelelaan,Amsterdam,
107B482,Het College van Bestuur van de Vrije Universiteit,111A136,VU - Vrije Universiteit Amsterdam,OPLEIDING,1001O5941,56606,,NVAO,Politicologie,Political Science,2002-09-01,,WO-BA,BACHELOR,180,6,6,GETUIGSCHRIFT,Stichting VU,B Politicologie,,B Politicologie (Dutch taught),VOLTIJD,NLD,2024-01-04,,2024-09-01,,,,,GEEN_DEFICIENTIES,EISEN,GEEN_PROPEDEUTISCHE_FASE,GEEN_STUDIEKEUZE_CHECK,GEEN_VERSNELD_TRAJECT,c619837a-5628-4312-b0cf-7fa49962fcc5,c619837a-5628-4312-b0cf-7fa49962fcc5,111X680,De Boelelaan,Amsterdam,
107B482,Het College van Bestuur van de Vrije Universiteit,111A136,VU - Vrije Universiteit Amsterdam,OPLEIDING,1001O5948,56607,,NVAO,Pedagogische Wetenschappen,Pedagogical Sciences,2002-09-01,,WO-BA,BACHELOR,180,6,6,GETUIGSCHRIFT,Stichting VU,B Pedagogische wetenschappen,,B Education,VOLTIJD,NLD,2020-09-01,,2020-09-01,,,,,GEEN_DEFICIENTIES,EISEN,GEEN_PROPEDEUTISCHE_FASE,GEEN_STUDIEKEUZE_CHECK,GEEN_VERSNELD_TRAJECT,94b45eb4-070f-4577-a6c3-70b298a3c94e,94b45eb4-070f-4577-a6c3-70b298a3c94e,111X680,De Boelelaan,Amsterdam,
107B482,Het College van Bestuur van de Vrije Universiteit,111A136,VU - Vrije Universiteit Amsterdam,OPLEIDING,1001O5960,56615,,NVAO,Communicatiewetenschap,Communication Science,2002-09-01,,WO-BA,BACHELOR,180,6,6,GETUIGSCHRIFT,Stichting VU,B Communicatiewetenschap,,B Communication Science (Dutch taught),VOLTIJD,NLD,2020-09-01,,2020-09-01,,,,,GEEN_DEFICIENTIES,EISEN,GEEN_PROPEDEUTISCHE_FASE,GEEN_STUDIEKEUZE_CHECK,GEEN_VERSNELD_TRAJECT,492cf5b7-8a2a-430f-90fe-9485f79d12c4,492cf5b7-8a2a-430f-90fe-9485f79d12c4,111X680,De Boelelaan,Amsterdam,
107B482,Het College van Bestuur van de Vrije Universiteit,111A136,VU - Vrije Universiteit Amsterdam,OPLEIDING,1001O5960,56615,,NVAO,Communicatiewetenschap,Communication Science,2002-09-01,,WO-BA,BACHELOR,180,6,6,GETUIGSCHRIFT,Stichting VU,B Communication Science,,B Communication Science,VOLTIJD,ENG,2020-09-01,,2020-09-01,,,,,GEEN_DEFICIENTIES,EISEN,GEEN_PROPEDEUTISCHE_FASE,GEEN_STUDIEKEUZE_CHECK,GEEN_VERSNELD_TRAJECT,7fc2e861-5f38-46fb-b85e-4dd564a29527,7fc2e861-5f38-46fb-b85e-4dd564a29527,111X680,De Boelelaan,Amsterdam,
107B482,Het College van Bestuur van de Vrije Universiteit,111A136,VU - Vrije Universiteit Amsterdam,OPLEIDING,1001O5981,56703,,NVAO,Archeologie,Archaeology,2008-09-01,,WO-BA,BACHELOR,180,6,6,GETUIGSCHRIFT,Stichting VU,B Archeologie,,B Archaeology,VOLTIJD,NLD,2021-03-03,,2021-09-01,,,,,GEEN_DEFICIENTIES,EISEN,GEEN_PROPEDEUTISCHE_FASE,GEEN_STUDIEKEUZE_CHECK,GEEN_VERSNELD_TRAJECT,5edccba3-01b4-4e30-b323-84554b6339a9,5edccba3-01b4-4e30-b323-84554b6339a9,111X680,De Boelelaan,Amsterdam,
107B482,Het College van Bestuur van de Vrije Universiteit,111A136,VU - Vrije Universiteit Amsterdam,OPLEIDING,1001O5983,56704,,NVAO,Oudheidwetenschappen,Ancient Studies,2002-09-01,,WO-BA,BACHELOR,180,6,6,GETUIGSCHRIFT,Stichting VU,B Oudheidwetenschappen,,B Ancient Studies,VOLTIJD,NLD,2020-09-01,,2020-09-01,,,,,GEEN_DEFICIENTIES,EISEN,GEEN_PROPEDEUTISCHE_FASE,GEEN_STUDIEKEUZE_CHECK,GEEN_VERSNELD_TRAJECT,d2feb082-cf6c-489d-8628-7397830ab151,d2feb082-cf6c-489d-8628-7397830ab151,111X680,De Boelelaan,Amsterdam,
107B482,Het College van Bestuur van de Vrije Universiteit,111A136,VU - Vrije Universiteit Amsterdam,OPLEIDING,1001O6058,56826,,NVAO,Communicatie- en Informatiewetenschappen,Communication and Information Studies,2002-09-01,,WO-BA,BACHELOR,180,6,6,GETUIGSCHRIFT,Stichting VU,B Communicatie & Informatiewetenschappen,,B Communication and Information Studies,VOLTIJD,NLD,2020-09-01,,2020-09-01,,,,,GEEN_DEFICIENTIES,EISEN,GEEN_PROPEDEUTISCHE_FASE,GEEN_STUDIEKEUZE_CHECK,GEEN_VERSNELD_TRAJECT,49da5a24-ec09-4a87-9967-7879ca73da76,49da5a24-ec09-4a87-9967-7879ca73da76,111X680,De Boelelaan,Amsterdam,
107B482,Het College van Bestuur van de Vrije Universiteit,111A136,VU - Vrije Universiteit Amsterdam,OPLEIDING,1001O6070,56828,,NVAO,Notarieel Recht,Notarial Law,2002-09-01,,WO-BA,BACHELOR,180,6,6,GETUIGSCHRIFT,Stichting VU,B Notarieel recht,,B in Notarial Law,VOLTIJD,NLD,2019-01-31,,2019-09-01,,,,,GEEN_DEFICIENTIES,EISEN,GEEN_PROPEDEUTISCHE_FASE,GEEN_STUDIEKEUZE_CHECK,GEEN_VERSNELD_TRAJECT,48816250-821e-4dfd-86b2-6c417e4cb490,48816250-821e-4dfd-86b2-6c417e4cb490,111X680,De Boelelaan,Amsterdam,
107B482,Het College van Bestuur van de Vrije Universiteit,111A136,VU - Vrije Universiteit Amsterdam,OPLEIDING,1001O6080,56833,,NVAO,Econometrie en Operationele Research,Econometrics and Operations Research,2002-09-01,,WO-BA,BACHELOR,180,6,6,GETUIGSCHRIFT,Stichting VU,B Econometrie en Operationele Research,,B Econometrics and Operations Research,VOLTIJD,NLD,2023-09-01,,2023-09-01,,,,,GEEN_DEFICIENTIES,EISEN,GEEN_PROPEDEUTISCHE_FASE,GEEN_STUDIEKEUZE_CHECK,GEEN_VERSNELD_TRAJECT,1af3b60d-3605-446d-a0b5-ca6daa94a987,1af3b60d-3605-446d-a0b5-ca6daa94a987,111X680,De Boelelaan,Amsterdam,
107B482,Het College van Bestuur van de Vrije Universiteit,111A136,VU - Vrije Universiteit Amsterdam,OPLEIDING,1001O6110,56856,,NVAO,Business Analytics,Business Analytics,2002-09-01,,WO-BA,BACHELOR,180,6,6,GETUIGSCHRIFT,Stichting VU,B Business Analytics,,B Business Analytics,VOLTIJD,ENG,2019-11-26,,2020-09-01,,,,,GEEN_DEFICIENTIES,EISEN,GEEN_PROPEDEUTISCHE_FASE,GEEN_STUDIEKEUZE_CHECK,GEEN_VERSNELD_TRAJECT,82668260-7bb1-4df7-a78e-58e997ad50b5,82668260-7bb1-4df7-a78e-58e997ad50b5,111X680,De Boelelaan,Amsterdam,
107B482,Het College van Bestuur van de Vrije Universiteit,111A136,VU - Vrije Universiteit Amsterdam,OPLEIDING,1001O6122,56860,,NVAO,Biologie,Biology,2002-09-01,,WO-BA,BACHELOR,180,6,6,GETUIGSCHRIFT,Stichting VU,B Biologie,,B Biology,VOLTIJD,NLD,2022-03-21,,2022-09-01,,,,,GEEN_DEFICIENTIES,EISEN,GEEN_PROPEDEUTISCHE_FASE,GEEN_STUDIEKEUZE_CHECK,GEEN_VERSNELD_TRAJECT,8789f120-addb-482e-a0d1-a0bd65411e05,8789f120-addb-482e-a0d1-a0bd65411e05,111X680,De Boelelaan,Amsterdam,
107B482,Het College van Bestuur van de Vrije Universiteit,111A136,VU - Vrije Universiteit Amsterdam,OPLEIDING,1001O6128,56945,,NVAO,Artificial Intelligence,Artificial Intelligence,2018-11-01,,WO-BA,BACHELOR,180,6,6,GETUIGSCHRIFT,Stichting VU,B Artificial Intelligence,,B Artificial Intelligence,VOLTIJD,ENG,2020-09-07,,2021-09-01,,,,,GEEN_DEFICIENTIES,EISEN,GEEN_PROPEDEUTISCHE_FASE,GEEN_STUDIEKEUZE_CHECK,GEEN_VERSNELD_TRAJECT,1c27cc8b-ffad-48e4-9ff6-69186f31944d,1c27cc8b-ffad-48e4-9ff6-69186f31944d,111X680,De Boelelaan,Amsterdam,
107B482,Het College van Bestuur van de Vrije Universiteit,111A136,VU - Vrije Universiteit Amsterdam,OPLEIDING,1001O6135,56950,,NVAO,Bewegingswetenschappen,Human Movement Sciences,2002-09-01,,WO-BA,BACHELOR,180,6,6,GETUIGSCHRIFT,Stichting VU,B Bewegingswetenschappen,,B Human Movement Sciences,VOLTIJD,NLD,2023-09-01,,2023-09-01,,,,,GEEN_DEFICIENTIES,EISEN,GEEN_PROPEDEUTISCHE_FASE,GEEN_STUDIEKEUZE_CHECK,GEEN_VERSNELD_TRAJECT,2327073f-1a0a-4cee-8595-2dca36242c0f,2327073f-1a0a-4cee-8595-2dca36242c0f,111X680,De Boelelaan,Amsterdam,
107B482,Het College van Bestuur van de Vrije Universiteit,111A136,VU - Vrije Universiteit Amsterdam,OPLEIDING,1001O6196,56986,,NVAO,Aardwetenschappen,Earth Sciences,2002-09-01,,WO-BA,BACHELOR,180,6,6,GETUIGSCHRIFT,Stichting VU,B Aardwetenschappen,,B Earth Sciences,VOLTIJD,NLD,2019-05-17,,2019-09-01,,,,,GEEN_DEFICIENTIES,EISEN,GEEN_PROPEDEUTISCHE_FASE,GEEN_STUDIEKEUZE_CHECK,GEEN_VERSNELD_TRAJECT,cd13c113-8eb8-49aa-a380-fb7b999983fb,cd13c113-8eb8-49aa-a380-fb7b999983fb,111X680,De Boelelaan,Amsterdam,
107B482,Het College van Bestuur van de Vrije Universiteit,111A136,VU - Vrije Universiteit Amsterdam,OPLEIDING,1001O6202,56989,,NVAO,Farmaceutische Wetenschappen,Pharmaceutical Sciences,2002-09-01,,WO-BA,BACHELOR,180,6,6,GETUIGSCHRIFT,Stichting VU,B Farmaceutische Wetenschappen,,B Pharmaceutical Sciences,VOLTIJD,NLD,2019-07-15,,2019-09-01,,,,,GEEN_DEFICIENTIES,EISEN,GEEN_PROPEDEUTISCHE_FASE,GEEN_STUDIEKEUZE_CHECK,GEEN_VERSNELD_TRAJECT,949d90e8-8f3d-4e81-a85d-30ccce2d0ac6,949d90e8-8f3d-4e81-a85d-30ccce2d0ac6,111X680,De Boelelaan,Amsterdam,
107B482,Het College van Bestuur van de Vrije Universiteit,111A136,VU - Vrije Universiteit Amsterdam,OPLEIDING,1001O6232,59322,,NVAO,Mathematics,Mathematics,2018-09-01,,WO-BA,BACHELOR,180,6,6,GETUIGSCHRIFT,Stichting VU,B Mathematics,,B Mathematics,VOLTIJD,ENG,2019-11-26,,2020-09-01,,,,,DEFICIENTIES,EISEN,GEEN_PROPEDEUTISCHE_FASE,GEEN_STUDIEKEUZE_CHECK,GEEN_VERSNELD_TRAJECT,44db7501-62ed-4d02-ace4-95480fd96ef4,44db7501-62ed-4d02-ace4-95480fd96ef4,111X680,De Boelelaan,Amsterdam,
107B482,Het College van Bestuur van de Vrije Universiteit,111A136,VU - Vrije Universiteit Amsterdam,OPLEIDING,1001O6233,59324,,NVAO,Biomedical Sciences,Biomedical Sciences,2018-09-01,2026-09-01,WO-BA,BACHELOR,180,6,6,GETUIGSCHRIFT,Stichting VU,B Biomedical Sciences,,B Biomedical Sciences,VOLTIJD,ENG,2024-09-01,,2024-09-01,,,,,GEEN_DEFICIENTIES,EISEN,GEEN_PROPEDEUTISCHE_FASE,GEEN_STUDIEKEUZE_CHECK,GEEN_VERSNELD_TRAJECT,ce95e488-4fb0-4673-ad37-593a42a45b6d,ce95e488-4fb0-4673-ad37-593a42a45b6d,111X680,De Boelelaan,Amsterdam,
107B482,Het College van Bestuur van de Vrije Universiteit,111A136,VU - Vrije Universiteit Amsterdam,OPLEIDING,1001O6241,59334,,NVAO,Law in Society,Law in Society,2019-09-01,,WO-BA,BACHELOR,180,6,6,GETUIGSCHRIFT,Stichting VU,B Law in Society,,B Law in Society,VOLTIJD,ENG,2019-09-01,,2019-09-01,,,,,GEEN_DEFICIENTIES,EISEN,GEEN_PROPEDEUTISCHE_FASE,GEEN_STUDIEKEUZE_CHECK,GEEN_VERSNELD_TRAJECT,cf47c510-0742-48a4-a988-b2aa491784af,cf47c510-0742-48a4-a988-b2aa491784af,111X680,De Boelelaan,Amsterdam,
107B482,Het College van Bestuur van de Vrije Universiteit,111A136,VU - Vrije Universiteit Amsterdam,OPLEIDING,1001O8891,59332,,NVAO,Econometrics and Data Science,Econometrics and Data Science,2024-09-01,,WO-BA,BACHELOR,180,6,6,GETUIGSCHRIFT,Stichting VU,B Econometrics and Data Science,,B Econometrics and Data Science,VOLTIJD,NLD,2024-09-01,,2024-09-01,,,,,GEEN_DEFICIENTIES,EISEN,GEEN_PROPEDEUTISCHE_FASE,GEEN_STUDIEKEUZE_CHECK,GEEN_VERSNELD_TRAJECT,c6d01b42-fe52-491a-96ed-13245079dc31,c6d01b42-fe52-491a-96ed-13245079dc31,111X680,De Boelelaan,Amsterdam,
107B482,Het College van Bestuur van de Vrije Universiteit,113A697,Universiteit van Amsterdam,OPLEIDING,1001O5782,55002,,NVAO,Liberal Arts and Sciences (joint degree),Liberal Arts and Sciences (joint degree),2011-10-06,,WO-BA,BACHELOR,180,6,6,GETUIGSCHRIFT,Stichting VU,Liberal Arts and Sciences - joint degree UvA-VU,,Liberal Arts and Sciences - joint degree UvA-VU,VOLTIJD,ENG,2019-07-15,,2019-07-15,,http://www.auc.nl/,111A136,,GEEN_DEFICIENTIES,GEEN_EISEN,GEEN_PROPEDEUTISCHE_FASE,GEEN_STUDIEKEUZE_CHECK,GEEN_VERSNELD_TRAJECT,ce9c0cb0-77b0-4c5b-a50e-7774287eb2d5,ce9c0cb0-77b0-4c5b-a50e-7774287eb2d5,108X991,,Amsterdam,
107B484,Het College van Bestuur van de Radboud Universiteit Nijmegen,114A122,Radboud Universiteit Nijmegen (RU) Faculteit der FTR,OPLEIDING,1001O5755,50902,,NVAO,Religiewetenschappen,Religious Studies,2004-09-01,,WO-BA,BACHELOR,180,6,6,GETUIGSCHRIFT,Stichting Radboud Universiteit,Pre-master Orthodox Christianity,,Pre-Master's Orthodox Christianity,VOLTIJD,ENG,2021-09-01,,2026-09-01,,,,,GEEN_DEFICIENTIES,GEEN_EISEN,GEEN_PROPEDEUTISCHE_FASE,GEEN_STUDIEKEUZE_CHECK,GEEN_VERSNELD_TRAJECT,4faa0775-2bf4-4a53-9608-7ebbac708ad0,4faa0775-2bf4-4a53-9608-7ebbac708ad0,114X875,Houtlaan,Nijmegen,Pre-master Orthodox Christianity
107B484,Het College van Bestuur van de Radboud Universiteit Nijmegen,114A122,Radboud Universiteit Nijmegen (RU) Faculteit der FTR,OPLEIDING,1001O5755,50902,,NVAO,Religiewetenschappen,Religious Studies,2004-09-01,,WO-BA,BACHELOR,180,6,6,GETUIGSCHRIFT,Stichting Radboud Universiteit,"Pre-master Theologie & Religiewetenschappen: Islam, Politiek en Samenleving",,"Pre-Master's Theology & Religious Studies: Islam, Politics and Society",VOLTIJD,NLD,2022-09-01,,2026-09-01,,,,,GEEN_DEFICIENTIES,GEEN_EISEN,GEEN_PROPEDEUTISCHE_FASE,GEEN_STUDIEKEUZE_CHECK,GEEN_VERSNELD_TRAJECT,7b9faa9f-7506-4423-85a5-110b32a71301,7b9faa9f-7506-4423-85a5-110b32a71301,114X875,Houtlaan,Nijmegen,Pre-master Theologie & Religiewetenschappen: IPS
107B484,Het College van Bestuur van de Radboud Universiteit Nijmegen,114A122,Radboud Universiteit Nijmegen (RU) Faculteit der FTR,OPLEIDING,1001O5755,50902,,NVAO,Religiewetenschappen,Religious Studies,2004-09-01,,WO-BA,BACHELOR,180,6,6,GETUIGSCHRIFT,Stichting Radboud Universiteit,Pre-master Theologie & Religiewetenschappen: Religiewetenschappen,,Pre-Master's Theology & Religious Studies: Religious Studies,VOLTIJD,NLD,2022-09-01,,2026-09-01,,,,,GEEN_DEFICIENTIES,GEEN_EISEN,GEEN_PROPEDEUTISCHE_FASE,GEEN_STUDIEKEUZE_CHECK,GEEN_VERSNELD_TRAJECT,2521b2f9-e78f-43f0-8876-d9ded264e374,2521b2f9-e78f-43f0-8876-d9ded264e374,114X875,Houtlaan,Nijmegen,Pre-master Theologie & Religiewetenschappen: Rel
107B484,Het College van Bestuur van de Radboud Universiteit Nijmegen,114A122,Radboud Universiteit Nijmegen (RU) Faculteit der FTR,OPLEIDING,1001O5843,56081,,NVAO,Filosofie,Philosophy,2002-09-01,,WO-BA,BACHELOR,180,6,6,GETUIGSCHRIFT,Stichting Radboud Universiteit,Pre-master 1 jarige lerarenopleiding RDA-FFTR,,Pre-Master's 1 year Teaching RDA-FFTR,VOLTIJD,NLD,2021-09-01,,2026-09-01,,,,,GEEN_DEFICIENTIES,GEEN_EISEN,GEEN_PROPEDEUTISCHE_FASE,GEEN_STUDIEKEUZE_CHECK,GEEN_VERSNELD_TRAJECT,135295e8-f4fc-4738-8a5f-d76d21d11bc0,135295e8-f4fc-4738-8a5f-d76d21d11bc0,114X875,Houtlaan,Nijmegen,Pre-master 1jarige lerarenopleiding RDA-FFTR
107B484,Het College van Bestuur van de Radboud Universiteit Nijmegen,114A122,Radboud Universiteit Nijmegen (RU) Faculteit der FTR,OPLEIDING,1001O5843,56081,,NVAO,Filosofie,Philosophy,2002-09-01,,WO-BA,BACHELOR,180,6,6,GETUIGSCHRIFT,Stichting Radboud Universiteit,Pre-master Filosofie,,Pre-Master's Philosophy,VOLTIJD,NLD,2019-09-01,,2026-09-01,,,,,GEEN_DEFICIENTIES,GEEN_EISEN,GEEN_PROPEDEUTISCHE_FASE,GEEN_STUDIEKEUZE_CHECK,GEEN_VERSNELD_TRAJECT,7fce4250-f802-4a3e-b7f6-3b1e52bae8b1,7fce4250-f802-4a3e-b7f6-3b1e52bae8b1,114X875,Houtlaan,Nijmegen,Pre-master Filosofie
107B484,Het College van Bestuur van de Radboud Universiteit Nijmegen,114A122,Radboud Universiteit Nijmegen (RU) Faculteit der FTR,OPLEIDING,1001O5857,56109,,NVAO,Theologie,Theology,2002-09-01,,WO-BA,BACHELOR,180,6,6,GETUIGSCHRIFT,Stichting Radboud Universiteit,Pre-master Theologie,,Pre-Master's Theology,VOLTIJD,NLD,2019-09-01,,2026-09-01,,,,,GEEN_DEFICIENTIES,GEEN_EISEN,GEEN_PROPEDEUTISCHE_FASE,GEEN_STUDIEKEUZE_CHECK,GEEN_VERSNELD_TRAJECT,875fe5f9-e480-4905-b5a4-c847021f59f5,875fe5f9-e480-4905-b5a4-c847021f59f5,114X875,Houtlaan,Nijmegen,Pre-master Theologie
107B484,Het College van Bestuur van de Radboud Universiteit Nijmegen,114A122,Radboud Universiteit Nijmegen (RU) Faculteit der FTR,VARIANT,1015O6459,,56081,NVAO,Filosofie,Philosophy,,,WO-BA,BACHELOR,180,6,6,DIPLOMA,Stichting Radboud Universiteit,Filosofie,,Philosophy,VOLTIJD,NLD,2002-09-01,,2026-09-01,,,,,GEEN_DEFICIENTIES,GEEN_EISEN,GEEN_PROPEDEUTISCHE_FASE,STUDIEKEUZE_CHECK_VAN_TOEPASSING,GEEN_VERSNELD_TRAJECT,2f54ec7b-04ae-437d-bfbf-22adba92452c,2f54ec7b-04ae-437d-bfbf-22adba92452c,114X875,Houtlaan,Nijmegen,B Filosofie
107B484,Het College van Bestuur van de Radboud Universiteit Nijmegen,114A122,Radboud Universiteit Nijmegen (RU) Faculteit der FTR,VARIANT,1015O6460,,56081,NVAO,"Philosophy, Politics and Society","Philosophy, Politics and Society",,,WO-BA,BACHELOR,180,6,6,DIPLOMA,Stichting Radboud Universiteit,"Philosophy, Politics and Society",,"Philosophy, Politics and Society",VOLTIJD,ENG,2018-09-01,,2026-09-01,,,,,GEEN_DEFICIENTIES,GEEN_EISEN,GEEN_PROPEDEUTISCHE_FASE,STUDIEKEUZE_CHECK_VAN_TOEPASSING,GEEN_VERSNELD_TRAJECT,d60f05ba-bc0e-4f4e-bb53-f582efff72f9,d60f05ba-bc0e-4f4e-bb53-f582efff72f9,114X875,Houtlaan,Nijmegen,"B Philosophy, Politics and Society"
107B484,Het College van Bestuur van de Radboud Universiteit Nijmegen,114A122,Radboud Universiteit Nijmegen (RU) Faculteit der FTR,VARIANT,1016O6658,,50902,NVAO,"Islam, Politiek en Samenleving","Islam, Politics and Society",,,WO-BA,BACHELOR,180,6,6,DIPLOMA,Stichting Radboud Universiteit,"Islam, Politiek en Samenleving",,"Islam, Politics and Society",VOLTIJD,NLD,2022-09-01,,2026-09-01,,,,,GEEN_DEFICIENTIES,GEEN_EISEN,GEEN_PROPEDEUTISCHE_FASE,STUDIEKEUZE_CHECK_VAN_TOEPASSING,GEEN_VERSNELD_TRAJECT,d514a08b-89d8-4f6b-9e79-1695fb4f6ee4,d514a08b-89d8-4f6b-9e79-1695fb4f6ee4,114X875,Houtlaan,Nijmegen,"B Islam, Politiek en Samenleving"
107B484,Het College van Bestuur van de Radboud Universiteit Nijmegen,114A122,Radboud Universiteit Nijmegen (RU) Faculteit der FTR,VARIANT,1016O6659,,50902,NVAO,"Religie, Politiek en Samenleving","Religion, Politics and Society",,,WO-BA,BACHELOR,180,6,6,DIPLOMA,Stichting Radboud Universiteit,"Religie, Politiek en Samenleving",,"Religion, Politics and Society",VOLTIJD,NLD,2022-09-01,,2026-09-01,,,,,GEEN_DEFICIENTIES,GEEN_EISEN,GEEN_PROPEDEUTISCHE_FASE,STUDIEKEUZE_CHECK_VAN_TOEPASSING,GEEN_VERSNELD_TRAJECT,503d783b-e952-44a0-9894-aa05e4cf0dd9,503d783b-e952-44a0-9894-aa05e4cf0dd9,114X875,Houtlaan,Nijmegen,"B Religie, Politiek en Samenleving"
107B484,Het College van Bestuur van de Radboud Universiteit Nijmegen,114A122,Radboud Universiteit Nijmegen (RU) Faculteit der FTR,VARIANT,1016O6838,,56109,NVAO,Theologie,Theology,,,WO-BA,BACHELOR,180,6,6,DIPLOMA,Stichting Radboud Universiteit,Theologie,,Theology,VOLTIJD,NLD,2002-09-01,,2026-09-01,,,,,GEEN_DEFICIENTIES,GEEN_EISEN,GEEN_PROPEDEUTISCHE_FASE,STUDIEKEUZE_CHECK_VAN_TOEPASSING,GEEN_VERSNELD_TRAJECT,cefb4922-5684-4ad3-b71e-5e3e7117bbf6,cefb4922-5684-4ad3-b71e-5e3e7117bbf6,114X875,Houtlaan,Nijmegen,B Theologie
107B484,Het College van Bestuur van de Radboud Universiteit Nijmegen,114A123,Radboud Universiteit Nijmegen (RU) Faculteit der Rechtsgeleerdheid,OPLEIDING,1001O5640,50017,,NVAO,European Law School,European Law School,2012-09-01,2027-09-01,WO-BA,BACHELOR,180,6,6,GETUIGSCHRIFT,Stichting Radboud Universiteit,European Law School,,European Law School,VOLTIJD,NLD,2012-09-01,,2026-09-01,,,,,GEEN_DEFICIENTIES,GEEN_EISEN,GEEN_PROPEDEUTISCHE_FASE,STUDIEKEUZE_CHECK_VAN_TOEPASSING,GEEN_VERSNELD_TRAJECT,ff66a977-b280-4159-b41b-ea3222e2aee1,ff66a977-b280-4159-b41b-ea3222e2aee1,114X875,Houtlaan,Nijmegen,B European Law School
107B484,Het College van Bestuur van de Radboud Universiteit Nijmegen,114A123,Radboud Universiteit Nijmegen (RU) Faculteit der Rechtsgeleerdheid,OPLEIDING,1001O5731,50700,,NVAO,Rechtsgeleerdheid,Law,2009-09-01,,WO-BA,BACHELOR,180,6,6,GETUIGSCHRIFT,Stichting Radboud Universiteit,Pre-master Fiscaal Recht,,Pre-Master's Tax Law,VOLTIJD,NLD,2021-09-01,,2026-09-01,,,,,GEEN_DEFICIENTIES,GEEN_EISEN,GEEN_PROPEDEUTISCHE_FASE,GEEN_STUDIEKEUZE_CHECK,GEEN_VERSNELD_TRAJECT,e1a4e2df-9394-4959-af80-d8f7d6abf19d,e1a4e2df-9394-4959-af80-d8f7d6abf19d,114X875,Houtlaan,Nijmegen,Pre-master Fiscaal Recht
107B484,Het College van Bestuur van de Radboud Universiteit Nijmegen,114A123,Radboud Universiteit Nijmegen (RU) Faculteit der Rechtsgeleerdheid,OPLEIDING,1001O5731,50700,,NVAO,Rechtsgeleerdheid,Law,2009-09-01,,WO-BA,BACHELOR,180,6,6,GETUIGSCHRIFT,Stichting Radboud Universiteit,Pre-master Privaatrecht,,Pre-Master's Private Law,VOLTIJD,NLD,2024-09-01,,2026-09-01,,,,,GEEN_DEFICIENTIES,GEEN_EISEN,GEEN_PROPEDEUTISCHE_FASE,GEEN_STUDIEKEUZE_CHECK,GEEN_VERSNELD_TRAJECT,d3937af7-aca0-42a7-8a87-b7313b808e8e,d3937af7-aca0-42a7-8a87-b7313b808e8e,114X875,Houtlaan,Nijmegen,Pre-master Privaatrecht
107B484,Het College van Bestuur van de Radboud Universiteit Nijmegen,114A123,Radboud Universiteit Nijmegen (RU) Faculteit der Rechtsgeleerdheid,OPLEIDING,1001O5731,50700,,NVAO,Rechtsgeleerdheid,Law,2009-09-01,,WO-BA,BACHELOR,180,6,6,GETUIGSCHRIFT,Stichting Radboud Universiteit,Pre-master Publiekrecht,,Pre-Master's Public Law,VOLTIJD,NLD,2024-09-01,,2026-09-01,,,,,GEEN_DEFICIENTIES,GEEN_EISEN,GEEN_PROPEDEUTISCHE_FASE,GEEN_STUDIEKEUZE_CHECK,GEEN_VERSNELD_TRAJECT,205b7429-5d17-4e14-8d50-1710606e64ab,205b7429-5d17-4e14-8d50-1710606e64ab,114X875,Houtlaan,Nijmegen,Pre-master Publiekrecht
107B484,Het College van Bestuur van de Radboud Universiteit Nijmegen,114A123,Radboud Universiteit Nijmegen (RU) Faculteit der Rechtsgeleerdheid,OPLEIDING,1001O6071,56828,,NVAO,Notarieel Recht,Notarial Law,2002-09-01,,WO-BA,BACHELOR,180,6,6,GETUIGSCHRIFT,Stichting Radboud Universiteit,Pre-master Notarieel Recht,,Pre-Master's Notarial Law,VOLTIJD,NLD,2019-09-01,,2026-09-01,,,,,GEEN_DEFICIENTIES,GEEN_EISEN,GEEN_PROPEDEUTISCHE_FASE,GEEN_STUDIEKEUZE_CHECK,GEEN_VERSNELD_TRAJECT,3a0226de-1bb3-423c-84ae-eeff9a1e764f,3a0226de-1bb3-423c-84ae-eeff9a1e764f,114X875,Houtlaan,Nijmegen,Pre-master Notarieel Recht
107B484,Het College van Bestuur van de Radboud Universiteit Nijmegen,114A123,Radboud Universiteit Nijmegen (RU) Faculteit der Rechtsgeleerdheid,VARIANT,1016O6834,,50700,NVAO,Rechtsgeleerdheid,Law,,,WO-BA,BACHELOR,180,6,6,DIPLOMA,Stichting Radboud Universiteit,Rechtsgeleerdheid,,Law,VOLTIJD,NLD,2009-09-01,,2026-09-01,,,,,GEEN_DEFICIENTIES,GEEN_EISEN,GEEN_PROPEDEUTISCHE_FASE,STUDIEKEUZE_CHECK_VAN_TOEPASSING,GEEN_VERSNELD_TRAJECT,e87e02ad-4cad-404b-9663-018c7c735a21,e87e02ad-4cad-404b-9663-018c7c735a21,114X875,Houtlaan,Nijmegen,B Rechtsgeleerdheid
107B484,Het College van Bestuur van de Radboud Universiteit Nijmegen,114A123,Radboud Universiteit Nijmegen (RU) Faculteit der Rechtsgeleerdheid,VARIANT,1016O6840,,56828,NVAO,Notarieel Recht,Notarial Law,,,WO-BA,BACHELOR,180,6,6,DIPLOMA,Stichting Radboud Universiteit,Notarieel Recht,,Notarial Law,VOLTIJD,NLD,2002-09-01,,2026-09-01,,,,,GEEN_DEFICIENTIES,GEEN_EISEN,GEEN_PROPEDEUTISCHE_FASE,STUDIEKEUZE_CHECK_VAN_TOEPASSING,GEEN_VERSNELD_TRAJECT,c0f0b972-978b-416d-95a4-39b4536c2589,c0f0b972-978b-416d-95a4-39b4536c2589,114X875,Houtlaan,Nijmegen,B Notarieel Recht
107B484,Het College van Bestuur van de Radboud Universiteit Nijmegen,114A124,Radboud Universiteit Nijmegen (RU) Faculteit der Letteren,OPLEIDING,1001O5672,50290,,NVAO,English Language and Culture,English Language and Culture,2021-09-01,,WO-BA,BACHELOR,180,6,6,GETUIGSCHRIFT,Stichting Radboud Universiteit,"Pre-master Noord-Amerika Studies:Transatlantic Studies: History, Culture and Politics",,"Pre-Master's North American Studies: Transatlantic Studies History, Culture and Politics",VOLTIJD,ENG,2021-09-01,,2026-09-01,,,,,GEEN_DEFICIENTIES,GEEN_EISEN,GEEN_PROPEDEUTISCHE_FASE,GEEN_STUDIEKEUZE_CHECK,GEEN_VERSNELD_TRAJECT,fa46e276-7891-4838-bbd8-a39cd3b50c86,fa46e276-7891-4838-bbd8-a39cd3b50c86,114X875,Houtlaan,Nijmegen,Pre-master Noord-Amerika Studies: Transatlantic Studies Hi
107B484,Het College van Bestuur van de Radboud Universiteit Nijmegen,114A124,Radboud Universiteit Nijmegen (RU) Faculteit der Letteren,OPLEIDING,1001O5672,50290,,NVAO,English Language and Culture,English Language and Culture,2021-09-01,,WO-BA,BACHELOR,180,6,6,GETUIGSCHRIFT,Stichting Radboud Universiteit,Pre-master Tweejarige Educatieve Master Engels,,Two-year Educational Pre-Master's English,VOLTIJD,NLD,2025-09-01,,2026-09-01,,,,,GEEN_DEFICIENTIES,GEEN_EISEN,GEEN_PROPEDEUTISCHE_FASE,GEEN_STUDIEKEUZE_CHECK,GEEN_VERSNELD_TRAJECT,f6dd47dc-aa16-40b1-918c-49b2bc81a5c5,f6dd47dc-aa16-40b1-918c-49b2bc81a5c5,114X875,Houtlaan,Nijmegen,Pre-master Tweejarige Educatieve Master Engels
107B484,Het College van Bestuur van de Radboud Universiteit Nijmegen,114A124,Radboud Universiteit Nijmegen (RU) Faculteit der Letteren,OPLEIDING,1001O5809,56003,,NVAO,Griekse en Latijnse Taal en Cultuur,Classics,2002-09-01,,WO-BA,BACHELOR,180,6,6,GETUIGSCHRIFT,Stichting Radboud Universiteit,Griekse en Latijnse Taal en Cultuur,,Classics,VOLTIJD,NLD,2002-09-01,,2026-09-01,,,,,GEEN_DEFICIENTIES,GEEN_EISEN,GEEN_PROPEDEUTISCHE_FASE,STUDIEKEUZE_CHECK_VAN_TOEPASSING,GEEN_VERSNELD_TRAJECT,77af18be-c752-473a-b2f1-fd142e1d4c00,77af18be-c752-473a-b2f1-fd142e1d4c00,114X875,Houtlaan,Nijmegen,B Griekse en Latijnse Taal en Cultuur
107B484,Het College van Bestuur van de Radboud Universiteit Nijmegen,114A124,Radboud Universiteit Nijmegen (RU) Faculteit der Letteren,OPLEIDING,1001O5809,56003,,NVAO,Griekse en Latijnse Taal en Cultuur,Classics,2002-09-01,,WO-BA,BACHELOR,180,6,6,GETUIGSCHRIFT,Stichting Radboud Universiteit,Pre-master Oudheidstudies: Romeinse Archeologie,,Pre-Master's Classics & Ancient Civilizations: Roman Archeology,VOLTIJD,NLD,2025-09-01,,2026-09-01,,,,,GEEN_DEFICIENTIES,GEEN_EISEN,GEEN_PROPEDEUTISCHE_FASE,GEEN_STUDIEKEUZE_CHECK,GEEN_VERSNELD_TRAJECT,22954522-347d-4ce2-aa86-88166c2bf586,22954522-347d-4ce2-aa86-88166c2bf586,114X875,Houtlaan,Nijmegen,Pre-master Oudheidstudies: Romeinse Archeologie
107B484,Het College van Bestuur van de Radboud Universiteit Nijmegen,114A124,Radboud Universiteit Nijmegen (RU) Faculteit der Letteren,OPLEIDING,1001O5822,56034,,NVAO,Geschiedenis,History,2002-09-01,,WO-BA,BACHELOR,180,6,6,GETUIGSCHRIFT,Stichting Radboud Universiteit,Pre-master Geschiedenis: Ancient and Medieval Mediterranean Worlds,,Pre-Master's History: Ancient and Medieval Mediterranean Worlds,VOLTIJD,ENG,2020-09-01,,2026-09-01,,,,,GEEN_DEFICIENTIES,GEEN_EISEN,GEEN_PROPEDEUTISCHE_FASE,GEEN_STUDIEKEUZE_CHECK,GEEN_VERSNELD_TRAJECT,9995c1cb-e481-4c12-9791-7ae7015ff4d0,9995c1cb-e481-4c12-9791-7ae7015ff4d0,114X875,Houtlaan,Nijmegen,Pre-master Gesch Ancient & Medieval Mediterranean Worlds
107B484,Het College van Bestuur van de Radboud Universiteit Nijmegen,114A124,Radboud Universiteit Nijmegen (RU) Faculteit der Letteren,OPLEIDING,1001O5822,56034,,NVAO,Geschiedenis,History,2002-09-01,,WO-BA,BACHELOR,180,6,6,GETUIGSCHRIFT,Stichting Radboud Universiteit,Pre-master Geschiedenis: Geschiedenis en Actualiteit,,Pre-Master's History: Modern and Contemporary History,VOLTIJD,NLD,2020-09-01,,2026-09-01,,,,,GEEN_DEFICIENTIES,GEEN_EISEN,GEEN_PROPEDEUTISCHE_FASE,GEEN_STUDIEKEUZE_CHECK,GEEN_VERSNELD_TRAJECT,663d33da-a6ad-4bec-8d6e-d7c7641d5625,663d33da-a6ad-4bec-8d6e-d7c7641d5625,114X875,Houtlaan,Nijmegen,Pre-master Geschiedenis: Geschiedenis en Actualiteit
107B484,Het College van Bestuur van de Radboud Universiteit Nijmegen,114A124,Radboud Universiteit Nijmegen (RU) Faculteit der Letteren,OPLEIDING,1001O5822,56034,,NVAO,Geschiedenis,History,2002-09-01,,WO-BA,BACHELOR,180,6,6,GETUIGSCHRIFT,Stichting Radboud Universiteit,Pre-master Geschiedenis: Politiek en Parlement,,Pre-Master's History: Politics and Parliament,VOLTIJD,NLD,2020-09-01,,2026-09-01,,,,,GEEN_DEFICIENTIES,GEEN_EISEN,GEEN_PROPEDEUTISCHE_FASE,GEEN_STUDIEKEUZE_CHECK,GEEN_VERSNELD_TRAJECT,2ab0ae95-f0d7-4e99-bc87-49b3b64c3585,2ab0ae95-f0d7-4e99-bc87-49b3b64c3585,114X875,Houtlaan,Nijmegen,Pre-master Geschiedenis: Politiek en Parlement
107B484,Het College van Bestuur van de Radboud Universiteit Nijmegen,114A124,Radboud Universiteit Nijmegen (RU) Faculteit der Letteren,OPLEIDING,1001O5822,56034,,NVAO,Geschiedenis,History,2002-09-01,,WO-BA,BACHELOR,180,6,6,GETUIGSCHRIFT,Stichting Radboud Universiteit,Pre-master Tweejarige Educatieve Master Geschiedenis,,Two-year Educational Pre-Master's History,VOLTIJD,NLD,2025-09-01,,2026-09-01,,,,,GEEN_DEFICIENTIES,GEEN_EISEN,GEEN_PROPEDEUTISCHE_FASE,GEEN_STUDIEKEUZE_CHECK,GEEN_VERSNELD_TRAJECT,6c9437cf-82f4-49b0-b0c0-9bcf148053d7,6c9437cf-82f4-49b0-b0c0-9bcf148053d7,114X875,Houtlaan,Nijmegen,Pre-master Tweejarige Educatieve Master Geschiedenis
107B484,Het College van Bestuur van de Radboud Universiteit Nijmegen,114A124,Radboud Universiteit Nijmegen (RU) Faculteit der Letteren,OPLEIDING,1001O5835,56074,,NVAO,Romaanse Talen en Culturen,Romance Languages and Cultures,2003-09-01,,WO-BA,BACHELOR,180,6,6,GETUIGSCHRIFT,Stichting Radboud Universiteit,Pre-master Tweejarige Educatieve Master Frans,,Two-year Educational Pre-Master's French,VOLTIJD,NLD,2025-09-01,,2026-09-01,,,,,GEEN_DEFICIENTIES,GEEN_EISEN,GEEN_PROPEDEUTISCHE_FASE,GEEN_STUDIEKEUZE_CHECK,GEEN_VERSNELD_TRAJECT,92e50565-9a86-43f8-a706-ae6bce19a53d,92e50565-9a86-43f8-a706-ae6bce19a53d,114X875,Houtlaan,Nijmegen,Pre-master Tweejarige Educatieve Master Frans
107B484,Het College van Bestuur van de Radboud Universiteit Nijmegen,114A124,Radboud Universiteit Nijmegen (RU) Faculteit der Letteren,OPLEIDING,1001O5835,56074,,NVAO,Romaanse Talen en Culturen,Romance Languages and Cultures,2003-09-01,,WO-BA,BACHELOR,180,6,6,GETUIGSCHRIFT,Stichting Radboud Universiteit,Pre-master Tweejarige Educatieve Master Spaans,,Two-year Educational Pre-Master's Spanish,VOLTIJD,NLD,2025-09-01,,2026-09-01,,,,,GEEN_DEFICIENTIES,GEEN_EISEN,GEEN_PROPEDEUTISCHE_FASE,GEEN_STUDIEKEUZE_CHECK,GEEN_VERSNELD_TRAJECT,33e91c3e-008c-4632-8231-d77d06f3e089,33e91c3e-008c-4632-8231-d77d06f3e089,114X875,Houtlaan,Nijmegen,Pre-master Tweejarige Educatieve Master Spaans
107B484,Het College van Bestuur van de Radboud Universiteit Nijmegen,114A124,Radboud Universiteit Nijmegen (RU) Faculteit der Letteren,OPLEIDING,1001O5997,56803,,NVAO,Taalwetenschap,Linguistics,2002-09-01,,WO-BA,BACHELOR,180,6,6,GETUIGSCHRIFT,Stichting Radboud Universiteit,Pre-master Language Variation and Multilingualism,,Pre-Master's Language Variation and Multilingualism,VOLTIJD,ENG,2024-09-01,,2026-09-01,,,,,GEEN_DEFICIENTIES,GEEN_EISEN,GEEN_PROPEDEUTISCHE_FASE,GEEN_STUDIEKEUZE_CHECK,GEEN_VERSNELD_TRAJECT,9c262482-ae97-4fff-9c42-3d6999b4207a,9c262482-ae97-4fff-9c42-3d6999b4207a,114X875,Houtlaan,Nijmegen,Pre-master Taalwetenschappen: LVM (Engelstalig)
107B484,Het College van Bestuur van de Radboud Universiteit Nijmegen,114A124,Radboud Universiteit Nijmegen (RU) Faculteit der Letteren,OPLEIDING,1001O5997,56803,,NVAO,Taalwetenschap,Linguistics,2002-09-01,,WO-BA,BACHELOR,180,6,6,GETUIGSCHRIFT,Stichting Radboud Universiteit,Pre-master Language Variation and Multilingualism,,Pre-Master's Language Variation and Multilingualism,VOLTIJD,NLD,2022-09-01,,2026-09-01,,,,,GEEN_DEFICIENTIES,GEEN_EISEN,GEEN_PROPEDEUTISCHE_FASE,GEEN_STUDIEKEUZE_CHECK,GEEN_VERSNELD_TRAJECT,3e059bff-b7bb-49b1-8687-56ed52078a41,3e059bff-b7bb-49b1-8687-56ed52078a41,114X875,Houtlaan,Nijmegen,Pre-master Taalwetenschappen: LVM
107B484,Het College van Bestuur van de Radboud Universiteit Nijmegen,114A124,Radboud Universiteit Nijmegen (RU) Faculteit der Letteren,OPLEIDING,1001O5997,56803,,NVAO,Taalwetenschap,Linguistics,2002-09-01,,WO-BA,BACHELOR,180,6,6,GETUIGSCHRIFT,Stichting Radboud Universiteit,Pre-master Nederlands als Tweede Taal: Docent en Expert,,Pre-Master's Dutch as a Second Language: Teacher and Expert,VOLTIJD,NLD,2020-09-01,,2026-09-01,,,,,GEEN_DEFICIENTIES,GEEN_EISEN,GEEN_PROPEDEUTISCHE_FASE,GEEN_STUDIEKEUZE_CHECK,GEEN_VERSNELD_TRAJECT,cc2f48b3-a080-4033-a212-0ec35759fa3b,cc2f48b3-a080-4033-a212-0ec35759fa3b,114X875,Houtlaan,Nijmegen,Pre-master Taalwetenschappen NL Tweede Taal: Docent en Exp
107B484,Het College van Bestuur van de Radboud Universiteit Nijmegen,114A124,Radboud Universiteit Nijmegen (RU) Faculteit der Letteren,OPLEIDING,1001O5997,56803,,NVAO,Taalwetenschap,Linguistics,2002-09-01,,WO-BA,BACHELOR,180,6,6,GETUIGSCHRIFT,Stichting Radboud Universiteit,Pre-master Taal- en Communicatietechnologie,,Pre-Master's Language and Communication Technology,VOLTIJD,NLD,2025-09-01,,2026-09-01,,,,,GEEN_DEFICIENTIES,GEEN_EISEN,GEEN_PROPEDEUTISCHE_FASE,GEEN_STUDIEKEUZE_CHECK,GEEN_VERSNELD_TRAJECT,21b32b63-9cc8-460d-834a-844b490bb589,21b32b63-9cc8-460d-834a-844b490bb589,114X875,Houtlaan,Nijmegen,Pre-master Taalwetensch: Taal- en Communicatietechnologie
107B484,Het College van Bestuur van de Radboud Universiteit Nijmegen,114A124,Radboud Universiteit Nijmegen (RU) Faculteit der Letteren,OPLEIDING,1001O5997,56803,,NVAO,Taalwetenschap,Linguistics,2002-09-01,,WO-BA,BACHELOR,180,6,6,GETUIGSCHRIFT,Stichting Radboud Universiteit,Pre-master Taal- en Spraakpathologie,,Pre-Master's Language and Speech Pathology,VOLTIJD,NLD,2020-09-01,,2026-09-01,,,,,GEEN_DEFICIENTIES,GEEN_EISEN,GEEN_PROPEDEUTISCHE_FASE,GEEN_STUDIEKEUZE_CHECK,GEEN_VERSNELD_TRAJECT,737071c8-07cf-4432-ba53-197b9a19da63,737071c8-07cf-4432-ba53-197b9a19da63,114X875,Houtlaan,Nijmegen,Pre-master Taalwetenschappen: Taal- en Spraakpathologie
107B484,Het College van Bestuur van de Radboud Universiteit Nijmegen,114A124,Radboud Universiteit Nijmegen (RU) Faculteit der Letteren,OPLEIDING,1001O5997,56803,,NVAO,Taalwetenschap,Linguistics,2002-09-01,,WO-BA,BACHELOR,180,6,6,GETUIGSCHRIFT,Stichting Radboud Universiteit,Taalwetenschap,,Linguistics,VOLTIJD,NLD,2002-09-01,,2026-09-01,,,,,GEEN_DEFICIENTIES,GEEN_EISEN,GEEN_PROPEDEUTISCHE_FASE,STUDIEKEUZE_CHECK_VAN_TOEPASSING,GEEN_VERSNELD_TRAJECT,07deb57c-52b5-4707-b755-9f7a884062c3,07deb57c-52b5-4707-b755-9f7a884062c3,114X875,Houtlaan,Nijmegen,B Taalwetenschap
107B484,Het College van Bestuur van de Radboud Universiteit Nijmegen,114A124,Radboud Universiteit Nijmegen (RU) Faculteit der Letteren,OPLEIDING,1001O6003,56804,,NVAO,Nederlandse Taal en Cultuur,Dutch Language and Culture,2002-09-01,,WO-BA,BACHELOR,180,6,6,GETUIGSCHRIFT,Stichting Radboud Universiteit,Nederlandse Taal en Cultuur,,Dutch Language and Culture,VOLTIJD,NLD,2002-09-01,,2026-09-01,,,,,GEEN_DEFICIENTIES,GEEN_EISEN,GEEN_PROPEDEUTISCHE_FASE,STUDIEKEUZE_CHECK_VAN_TOEPASSING,GEEN_VERSNELD_TRAJECT,0b88c46d-9df8-4f8e-a257-818499c1cb2e,0b88c46d-9df8-4f8e-a257-818499c1cb2e,114X875,Houtlaan,Nijmegen,B Nederlandse Taal en Cultuur
107B484,Het College van Bestuur van de Radboud Universiteit Nijmegen,114A124,Radboud Universiteit Nijmegen (RU) Faculteit der Letteren,OPLEIDING,1001O6003,56804,,NVAO,Nederlandse Taal en Cultuur,Dutch Language and Culture,2002-09-01,,WO-BA,BACHELOR,180,6,6,GETUIGSCHRIFT,Stichting Radboud Universiteit,Pre-master 1 jarige lerarenopleiding RDA-FdL,,Pre-Master's 1 year Teaching RDA-FdL,VOLTIJD,NLD,2021-09-01,,2026-09-01,,,,,GEEN_DEFICIENTIES,GEEN_EISEN,GEEN_PROPEDEUTISCHE_FASE,GEEN_STUDIEKEUZE_CHECK,GEEN_VERSNELD_TRAJECT,baf3be94-7afd-4a7c-887d-46f8a1be799b,baf3be94-7afd-4a7c-887d-46f8a1be799b,114X875,Houtlaan,Nijmegen,Pre-master 1jarige lerarenopleiding RDA-FdL
107B484,Het College van Bestuur van de Radboud Universiteit Nijmegen,114A124,Radboud Universiteit Nijmegen (RU) Faculteit der Letteren,OPLEIDING,1001O6003,56804,,NVAO,Nederlandse Taal en Cultuur,Dutch Language and Culture,2002-09-01,,WO-BA,BACHELOR,180,6,6,GETUIGSCHRIFT,Stichting Radboud Universiteit,Pre-master Letterkunde: Literair Bedrijf,,Pre-Master's Literature: The Book Industry,VOLTIJD,NLD,2020-09-01,,2026-09-01,,,,,GEEN_DEFICIENTIES,GEEN_EISEN,GEEN_PROPEDEUTISCHE_FASE,GEEN_STUDIEKEUZE_CHECK,GEEN_VERSNELD_TRAJECT,d0b26c4b-a51a-414c-a95e-02188b7b19cc,d0b26c4b-a51a-414c-a95e-02188b7b19cc,114X875,Houtlaan,Nijmegen,Pre-master Letterkunde: Literair Bedrijf
107B484,Het College van Bestuur van de Radboud Universiteit Nijmegen,114A124,Radboud Universiteit Nijmegen (RU) Faculteit der Letteren,OPLEIDING,1001O6003,56804,,NVAO,Nederlandse Taal en Cultuur,Dutch Language and Culture,2002-09-01,,WO-BA,BACHELOR,180,6,6,GETUIGSCHRIFT,Stichting Radboud Universiteit,Pre-master Letterkunde: Literatuur en Samenleving,,Pre-Master's Literature: Literature and Society,VOLTIJD,NLD,2022-09-01,,2026-09-01,,,,,GEEN_DEFICIENTIES,GEEN_EISEN,GEEN_PROPEDEUTISCHE_FASE,GEEN_STUDIEKEUZE_CHECK,GEEN_VERSNELD_TRAJECT,36e6dcde-fdd3-4cb2-a145-8c1e7610d41a,36e6dcde-fdd3-4cb2-a145-8c1e7610d41a,114X875,Houtlaan,Nijmegen,Pre-master Letterkunde: Literatuur en Samenleving
107B484,Het College van Bestuur van de Radboud Universiteit Nijmegen,114A124,Radboud Universiteit Nijmegen (RU) Faculteit der Letteren,OPLEIDING,1001O6003,56804,,NVAO,Nederlandse Taal en Cultuur,Dutch Language and Culture,2002-09-01,,WO-BA,BACHELOR,180,6,6,GETUIGSCHRIFT,Stichting Radboud Universiteit,Pre-master Tweejarige Educatieve Master Nederlands,,Two-year Educational Pre-Master's Dutch,VOLTIJD,NLD,2025-09-01,,2026-09-01,,,,,GEEN_DEFICIENTIES,GEEN_EISEN,GEEN_PROPEDEUTISCHE_FASE,GEEN_STUDIEKEUZE_CHECK,GEEN_VERSNELD_TRAJECT,8a29a387-d838-427f-a393-47bdcdfad0ac,8a29a387-d838-427f-a393-47bdcdfad0ac,114X875,Houtlaan,Nijmegen,Pre-master Tweejarige Educatieve Master Nederlands
107B484,Het College van Bestuur van de Radboud Universiteit Nijmegen,114A124,Radboud Universiteit Nijmegen (RU) Faculteit der Letteren,OPLEIDING,1001O6009,56805,,NVAO,Duitse Taal en Cultuur,German Language and Culture,2002-09-01,,WO-BA,BACHELOR,180,6,6,GETUIGSCHRIFT,Stichting Radboud Universiteit,Duitse Taal en Cultuur,,German Language and Culture,VOLTIJD,NLD,2002-09-01,,2026-09-01,,,,,GEEN_DEFICIENTIES,GEEN_EISEN,GEEN_PROPEDEUTISCHE_FASE,STUDIEKEUZE_CHECK_VAN_TOEPASSING,GEEN_VERSNELD_TRAJECT,9a503cb2-0de0-46e8-a71e-da44dccea1c6,9a503cb2-0de0-46e8-a71e-da44dccea1c6,114X875,Houtlaan,Nijmegen,B Duitse Taal en Cultuur
107B484,Het College van Bestuur van de Radboud Universiteit Nijmegen,114A124,Radboud Universiteit Nijmegen (RU) Faculteit der Letteren,OPLEIDING,1001O6009,56805,,NVAO,Duitse Taal en Cultuur,German Language and Culture,2002-09-01,,WO-BA,BACHELOR,180,6,6,GETUIGSCHRIFT,Stichting Radboud Universiteit,Pre-master Europese Studies,,Pre-Master's European Studies,VOLTIJD,NLD,2020-09-01,,2026-09-01,,,,,GEEN_DEFICIENTIES,GEEN_EISEN,GEEN_PROPEDEUTISCHE_FASE,GEEN_STUDIEKEUZE_CHECK,GEEN_VERSNELD_TRAJECT,806bf6a7-f08d-4d0a-b25f-112fdc9a7168,806bf6a7-f08d-4d0a-b25f-112fdc9a7168,114X875,Houtlaan,Nijmegen,Pre-master Europese Studies
107B484,Het College van Bestuur van de Radboud Universiteit Nijmegen,114A124,Radboud Universiteit Nijmegen (RU) Faculteit der Letteren,OPLEIDING,1001O6009,56805,,NVAO,Duitse Taal en Cultuur,German Language and Culture,2002-09-01,,WO-BA,BACHELOR,180,6,6,GETUIGSCHRIFT,Stichting Radboud Universiteit,Pre-master Tweejarige Educatieve Master Duits,,Two-year Educational Pre-Master's German,VOLTIJD,NLD,2025-09-01,,2026-09-01,,,,,GEEN_DEFICIENTIES,GEEN_EISEN,GEEN_PROPEDEUTISCHE_FASE,GEEN_STUDIEKEUZE_CHECK,GEEN_VERSNELD_TRAJECT,174726b5-fed9-4110-9d89-0dca1c6871e9,174726b5-fed9-4110-9d89-0dca1c6871e9,114X875,Houtlaan,Nijmegen,Pre-master Tweejarige Educatieve Master Duits
107B484,Het College van Bestuur van de Radboud Universiteit Nijmegen,114A124,Radboud Universiteit Nijmegen (RU) Faculteit der Letteren,OPLEIDING,1001O6045,56823,,NVAO,Algemene Cultuurwetenschappen,Arts and Culture Studies,2002-09-01,,WO-BA,BACHELOR,180,6,6,GETUIGSCHRIFT,Stichting Radboud Universiteit,Pre-master Arts & Culture Studies,,Pre-Master's Arts & Culture Studies,VOLTIJD,ENG,2026-09-01,,2026-09-01,,,,,GEEN_DEFICIENTIES,GEEN_EISEN,GEEN_PROPEDEUTISCHE_FASE,GEEN_STUDIEKEUZE_CHECK,GEEN_VERSNELD_TRAJECT,8428a07a-42bb-4c7e-ac9a-87d811a364ca,8428a07a-42bb-4c7e-ac9a-87d811a364ca,114X875,Houtlaan,Nijmegen,Pre-master Arts & Culture Studies
107B484,Het College van Bestuur van de Radboud Universiteit Nijmegen,114A124,Radboud Universiteit Nijmegen (RU) Faculteit der Letteren,OPLEIDING,1001O6045,56823,,NVAO,Algemene Cultuurwetenschappen,Arts and Culture Studies,2002-09-01,,WO-BA,BACHELOR,180,6,6,GETUIGSCHRIFT,Stichting Radboud Universiteit,Pre-master Kunst- & Cultuurwetenschappen,,Pre-Master's Arts & Culture Studies,VOLTIJD,NLD,2026-09-01,,2026-09-01,,,,,GEEN_DEFICIENTIES,GEEN_EISEN,GEEN_PROPEDEUTISCHE_FASE,GEEN_STUDIEKEUZE_CHECK,GEEN_VERSNELD_TRAJECT,f0ede05f-7f96-4c5d-b451-30e80c9ae321,f0ede05f-7f96-4c5d-b451-30e80c9ae321,114X875,Houtlaan,Nijmegen,Pre-master Kunst- & Cultuurwetenschappen
107B484,Het College van Bestuur van de Radboud Universiteit Nijmegen,114A124,Radboud Universiteit Nijmegen (RU) Faculteit der Letteren,OPLEIDING,1001O6053,56824,,NVAO,Kunstgeschiedenis,Art History,2002-09-01,,WO-BA,BACHELOR,180,6,6,GETUIGSCHRIFT,Stichting Radboud Universiteit,Kunstgeschiedenis,,Art History,VOLTIJD,NLD,2002-09-01,,2026-09-01,,,,,GEEN_DEFICIENTIES,GEEN_EISEN,GEEN_PROPEDEUTISCHE_FASE,STUDIEKEUZE_CHECK_VAN_TOEPASSING,GEEN_VERSNELD_TRAJECT,5b617df2-ebca-4c2d-9020-add2f3ac245f,5b617df2-ebca-4c2d-9020-add2f3ac245f,114X875,Houtlaan,Nijmegen,B Kunstgeschiedenis
107B484,Het College van Bestuur van de Radboud Universiteit Nijmegen,114A124,Radboud Universiteit Nijmegen (RU) Faculteit der Letteren,OPLEIDING,1001O6053,56824,,NVAO,Kunstgeschiedenis,Art History,2002-09-01,,WO-BA,BACHELOR,180,6,6,GETUIGSCHRIFT,Stichting Radboud Universiteit,Pre-master Kunst- & cultuurwetenschappen: Kunstgeschiedenis,,Pre-Master's Arts & Culture: Art History,VOLTIJD,NLD,2020-09-01,,2026-09-01,,,,,GEEN_DEFICIENTIES,GEEN_EISEN,GEEN_PROPEDEUTISCHE_FASE,GEEN_STUDIEKEUZE_CHECK,GEEN_VERSNELD_TRAJECT,b22caf59-f650-4005-876c-cba4b6ebfbb0,b22caf59-f650-4005-876c-cba4b6ebfbb0,114X875,Houtlaan,Nijmegen,Pre-master Kunst & cultuurwetensch: Kunstgeschiedenis
107B484,Het College van Bestuur van de Radboud Universiteit Nijmegen,114A124,Radboud Universiteit Nijmegen (RU) Faculteit der Letteren,OPLEIDING,1001O6053,56824,,NVAO,Kunstgeschiedenis,Art History,2002-09-01,,WO-BA,BACHELOR,180,6,6,GETUIGSCHRIFT,Stichting Radboud Universiteit,Pre-master Tweejarige Educatieve Master Kunstgeschiedenis en Culturele en Kunstzinnige Vorming,,Two-year Educational Pre-Master's Art History and Cultural and Artistic Education,VOLTIJD,NLD,2025-09-01,,2026-09-01,,,,,GEEN_DEFICIENTIES,GEEN_EISEN,GEEN_PROPEDEUTISCHE_FASE,GEEN_STUDIEKEUZE_CHECK,GEEN_VERSNELD_TRAJECT,43069d1c-d093-45db-ba81-3bf4a8113d77,43069d1c-d093-45db-ba81-3bf4a8113d77,114X875,Houtlaan,Nijmegen,Pre-master tweejarige Edu Master Kunstgeschiedenis & CKV
107B484,Het College van Bestuur van de Radboud Universiteit Nijmegen,114A124,Radboud Universiteit Nijmegen (RU) Faculteit der Letteren,OPLEIDING,1001O6059,56826,,NVAO,Communicatie- en Informatiewetenschappen,Communication and Information Studies,2002-09-01,,WO-BA,BACHELOR,180,6,6,GETUIGSCHRIFT,Stichting Radboud Universiteit,Pre-master Communicatie en Beïnvloeding,,Pre-Master's Communication and Persuasion,VOLTIJD,NLD,2020-09-01,,2026-09-01,,,,,GEEN_DEFICIENTIES,GEEN_EISEN,GEEN_PROPEDEUTISCHE_FASE,GEEN_STUDIEKEUZE_CHECK,GEEN_VERSNELD_TRAJECT,5dfbfcef-e14c-407c-9499-a0ac79fcb714,5dfbfcef-e14c-407c-9499-a0ac79fcb714,114X875,Houtlaan,Nijmegen,Pre-master Communicatie en Beïnvloeding
107B484,Het College van Bestuur van de Radboud Universiteit Nijmegen,114A124,Radboud Universiteit Nijmegen (RU) Faculteit der Letteren,OPLEIDING,1001O6059,56826,,NVAO,Communicatie- en Informatiewetenschappen,Communication and Information Studies,2002-09-01,,WO-BA,BACHELOR,180,6,6,GETUIGSCHRIFT,Stichting Radboud Universiteit,Pre-master Global Communication and Diversity,,Pre-Master's Global Communication and Diversity,VOLTIJD,ENG,2022-09-01,,2026-09-01,,,,,GEEN_DEFICIENTIES,GEEN_EISEN,GEEN_PROPEDEUTISCHE_FASE,GEEN_STUDIEKEUZE_CHECK,GEEN_VERSNELD_TRAJECT,a7060475-5c3b-47f4-a069-3a07e2b8df49,a7060475-5c3b-47f4-a069-3a07e2b8df49,114X875,Houtlaan,Nijmegen,Pre-master Global Communication and Diversity
107B484,Het College van Bestuur van de Radboud Universiteit Nijmegen,114A124,Radboud Universiteit Nijmegen (RU) Faculteit der Letteren,VARIANT,1015O6440,,56823,NVAO,Algemene Cultuurwetenschappen,Arts and Culture Studies,,,WO-BA,BACHELOR,180,6,6,DIPLOMA,Stichting Radboud Universiteit,Algemene Cultuurwetenschappen,,Arts and Culture Studies,VOLTIJD,NLD,2002-09-01,,2026-09-01,,,,,GEEN_DEFICIENTIES,GEEN_EISEN,GEEN_PROPEDEUTISCHE_FASE,STUDIEKEUZE_CHECK_VAN_TOEPASSING,GEEN_VERSNELD_TRAJECT,d5dd44ab-146c-4a79-8192-643b92988e3d,d5dd44ab-146c-4a79-8192-643b92988e3d,114X875,Houtlaan,Nijmegen,B Algemene Cultuurwetenschappen
107B484,Het College van Bestuur van de Radboud Universiteit Nijmegen,114A124,Radboud Universiteit Nijmegen (RU) Faculteit der Letteren,VARIANT,1015O6441,,56823,NVAO,Arts and Culture Studies,Arts and Culture Studies,,,WO-BA,BACHELOR,180,6,6,DIPLOMA,Stichting Radboud Universiteit,Arts and Culture Studies,,Arts and Culture Studies,VOLTIJD,ENG,2016-09-01,,2026-09-01,,,,,GEEN_DEFICIENTIES,GEEN_EISEN,GEEN_PROPEDEUTISCHE_FASE,STUDIEKEUZE_CHECK_VAN_TOEPASSING,GEEN_VERSNELD_TRAJECT,84152ad3-625c-40ea-9872-d11c60843bd1,84152ad3-625c-40ea-9872-d11c60843bd1,114X875,Houtlaan,Nijmegen,B ACW Arts & Culture Studies
107B484,Het College van Bestuur van de Radboud Universiteit Nijmegen,114A124,Radboud Universiteit Nijmegen (RU) Faculteit der Letteren,VARIANT,1015O6449,,56826,NVAO,Communicatie- en Informatiewetenschappen,Communication and Information Studies,,,WO-BA,BACHELOR,180,6,6,DIPLOMA,Stichting Radboud Universiteit,Communicatie- en Informatiewetenschappen,,Communication and Information Studies,VOLTIJD,NLD,2002-09-01,,2026-09-01,,,,,GEEN_DEFICIENTIES,GEEN_EISEN,GEEN_PROPEDEUTISCHE_FASE,STUDIEKEUZE_CHECK_VAN_TOEPASSING,GEEN_VERSNELD_TRAJECT,52a19d2d-cc99-4cdd-910e-2af8d17c89ab,52a19d2d-cc99-4cdd-910e-2af8d17c89ab,114X875,Houtlaan,Nijmegen,B Communicatie- en Informatiewetenschappen
107B484,Het College van Bestuur van de Radboud Universiteit Nijmegen,114A124,Radboud Universiteit Nijmegen (RU) Faculteit der Letteren,VARIANT,1015O6450,,56826,NVAO,International Business Communication,International Business Communication,,,WO-BA,BACHELOR,180,6,6,DIPLOMA,Stichting Radboud Universiteit,International Business Communication,,International Business Communication,VOLTIJD,ENG,2016-09-01,,2026-09-01,,,,,GEEN_DEFICIENTIES,GEEN_EISEN,GEEN_PROPEDEUTISCHE_FASE,STUDIEKEUZE_CHECK_VAN_TOEPASSING,GEEN_VERSNELD_TRAJECT,658afe4c-9fe6-4f4d-a5ec-76dd83c24825,658afe4c-9fe6-4f4d-a5ec-76dd83c24825,114X875,Houtlaan,Nijmegen,B CIW International Business Communication
107B484,Het College van Bestuur van de Radboud Universiteit Nijmegen,114A124,Radboud Universiteit Nijmegen (RU) Faculteit der Letteren,VARIANT,1015O6456,,50290,NVAO,English Language and Culture,English Language and Culture,,,WO-BA,BACHELOR,180,6,6,DIPLOMA,Stichting Radboud Universiteit,English Language and Culture,,English Language and Culture,VOLTIJD,ENG,2021-09-01,,2026-09-01,,,,,GEEN_DEFICIENTIES,GEEN_EISEN,GEEN_PROPEDEUTISCHE_FASE,STUDIEKEUZE_CHECK_VAN_TOEPASSING,GEEN_VERSNELD_TRAJECT,e16c4706-23f7-496b-83b4-28b79d523657,e16c4706-23f7-496b-83b4-28b79d523657,114X875,Houtlaan,Nijmegen,B English Language and Culture
107B484,Het College van Bestuur van de Radboud Universiteit Nijmegen,114A124,Radboud Universiteit Nijmegen (RU) Faculteit der Letteren,VARIANT,1015O6457,,50290,NVAO,American Studies,American Studies,,,WO-BA,BACHELOR,180,6,6,DIPLOMA,Stichting Radboud Universiteit,American Studies,,American Studies,VOLTIJD,ENG,2021-09-01,,2026-09-01,,,,,GEEN_DEFICIENTIES,GEEN_EISEN,GEEN_PROPEDEUTISCHE_FASE,STUDIEKEUZE_CHECK_VAN_TOEPASSING,GEEN_VERSNELD_TRAJECT,ec93aa78-9a51-4984-bfd3-a8f72a613d04,ec93aa78-9a51-4984-bfd3-a8f72a613d04,114X875,Houtlaan,Nijmegen,B American Studies
107B484,Het College van Bestuur van de Radboud Universiteit Nijmegen,114A124,Radboud Universiteit Nijmegen (RU) Faculteit der Letteren,VARIANT,1015O6464,,56034,NVAO,Geschiedenis,History,,,WO-BA,BACHELOR,180,6,6,DIPLOMA,Stichting Radboud Universiteit,Geschiedenis,,History,VOLTIJD,NLD,2002-09-01,,2026-09-01,,,,,GEEN_DEFICIENTIES,GEEN_EISEN,GEEN_PROPEDEUTISCHE_FASE,STUDIEKEUZE_CHECK_VAN_TOEPASSING,GEEN_VERSNELD_TRAJECT,e37d3b88-66c0-4517-b234-194a45a0a058,e37d3b88-66c0-4517-b234-194a45a0a058,114X875,Houtlaan,Nijmegen,B Geschiedenis
107B484,Het College van Bestuur van de Radboud Universiteit Nijmegen,114A124,Radboud Universiteit Nijmegen (RU) Faculteit der Letteren,VARIANT,1015O6482,,56074,NVAO,Franse Taal en Cultuur,French Language and Culture,,,WO-BA,BACHELOR,180,6,6,DIPLOMA,Stichting Radboud Universiteit,Franse Taal en Cultuur,,French Language and Culture,VOLTIJD,NLD,2018-09-01,,2026-09-01,,,,,GEEN_DEFICIENTIES,GEEN_EISEN,GEEN_PROPEDEUTISCHE_FASE,STUDIEKEUZE_CHECK_VAN_TOEPASSING,GEEN_VERSNELD_TRAJECT,5d33adae-f0c2-4a35-b594-2a39b2488e1a,5d33adae-f0c2-4a35-b594-2a39b2488e1a,114X875,Houtlaan,Nijmegen,B Franse Taal en Cultuur
107B484,Het College van Bestuur van de Radboud Universiteit Nijmegen,114A124,Radboud Universiteit Nijmegen (RU) Faculteit der Letteren,VARIANT,1015O6483,,56074,NVAO,Spaanse Taal en Cultuur,Spanish Language and Culture,,,WO-BA,BACHELOR,180,6,6,DIPLOMA,Stichting Radboud Universiteit,Spaanse Taal en Cultuur,,Spanish Language and Culture,VOLTIJD,NLD,2018-09-01,,2026-09-01,,,,,GEEN_DEFICIENTIES,GEEN_EISEN,GEEN_PROPEDEUTISCHE_FASE,STUDIEKEUZE_CHECK_VAN_TOEPASSING,GEEN_VERSNELD_TRAJECT,83deace9-f7a1-47eb-b138-44bdb6499682,83deace9-f7a1-47eb-b138-44bdb6499682,114X875,Houtlaan,Nijmegen,B Spaanse Taal en Cultuur
107B484,Het College van Bestuur van de Radboud Universiteit Nijmegen,114A124,Radboud Universiteit Nijmegen (RU) Faculteit der Letteren,VARIANT,1016O0146,,56823,NVAO,"Samenleving, Taal en Cultuur","Society, Language and Culture",,,WO-BA,BACHELOR,180,6,6,DIPLOMA,Stichting Radboud Universiteit,"Samenleving, Taal en Cultuur",,"Society, Language and Culture",VOLTIJD,NLD,2025-09-01,,2026-09-01,,,,,GEEN_DEFICIENTIES,GEEN_EISEN,GEEN_PROPEDEUTISCHE_FASE,STUDIEKEUZE_CHECK_VAN_TOEPASSING,GEEN_VERSNELD_TRAJECT,1e37aeda-012a-4cf2-9ef3-d6c8ce1fdb36,1e37aeda-012a-4cf2-9ef3-d6c8ce1fdb36,114X875,Houtlaan,Nijmegen,"B ACW Samenleving, Taal en Cultuur"
107B484,Het College van Bestuur van de Radboud Universiteit Nijmegen,114A125,Radboud Universiteit Nijmegen (RU) Faculteit der Managementwetenschappen,OPLEIDING,1001O5715,50645,,NVAO,Bedrijfskunde,Business Administration,2009-09-01,,WO-BA,BACHELOR,180,6,6,GETUIGSCHRIFT,Stichting Radboud Universiteit,Pre-master Business Administration,,Pre-Master's Business Administration,VOLTIJD,ENG,2019-09-01,,2026-09-01,,,,,GEEN_DEFICIENTIES,GEEN_EISEN,GEEN_PROPEDEUTISCHE_FASE,GEEN_STUDIEKEUZE_CHECK,GEEN_VERSNELD_TRAJECT,e16da346-9524-4925-a79f-56369a9da754,e16da346-9524-4925-a79f-56369a9da754,114X875,Houtlaan,Nijmegen,Pre-master Business Administration
107B484,Het College van Bestuur van de Radboud Universiteit Nijmegen,114A125,Radboud Universiteit Nijmegen (RU) Faculteit der Managementwetenschappen,OPLEIDING,1001O5766,50950,,NVAO,Economie en Bedrijfseconomie,Economics and Business Economics,2010-09-01,,WO-BA,BACHELOR,180,6,6,GETUIGSCHRIFT,Stichting Radboud Universiteit,Pre-master Economics,,Pre-Master's Economics,VOLTIJD,ENG,2019-09-01,,2026-09-01,,,,,GEEN_DEFICIENTIES,GEEN_EISEN,GEEN_PROPEDEUTISCHE_FASE,GEEN_STUDIEKEUZE_CHECK,GEEN_VERSNELD_TRAJECT,e6914d7e-f437-45e8-ad06-8c80ad107e07,e6914d7e-f437-45e8-ad06-8c80ad107e07,114X875,Houtlaan,Nijmegen,Pre-master Economics
107B484,Het College van Bestuur van de Radboud Universiteit Nijmegen,114A125,Radboud Universiteit Nijmegen (RU) Faculteit der Managementwetenschappen,OPLEIDING,1001O5942,56606,,NVAO,Politicologie,Political Science,2002-09-01,,WO-BA,BACHELOR,180,6,6,GETUIGSCHRIFT,Stichting Radboud Universiteit,Politicologie,,Political Science,VOLTIJD,NLD,2002-09-01,,2026-09-01,,,,,GEEN_DEFICIENTIES,GEEN_EISEN,GEEN_PROPEDEUTISCHE_FASE,STUDIEKEUZE_CHECK_VAN_TOEPASSING,GEEN_VERSNELD_TRAJECT,589bbb17-c3ea-4153-9dde-1120c44421bb,589bbb17-c3ea-4153-9dde-1120c44421bb,114X875,Houtlaan,Nijmegen,B Politicologie
107B484,Het College van Bestuur van de Radboud Universiteit Nijmegen,114A125,Radboud Universiteit Nijmegen (RU) Faculteit der Managementwetenschappen,OPLEIDING,1001O5942,56606,,NVAO,Politicologie,Political Science,2002-09-01,,WO-BA,BACHELOR,180,6,6,GETUIGSCHRIFT,Stichting Radboud Universiteit,Pre-master Political Science,,Pre-Master's Political Science,VOLTIJD,ENG,2019-09-01,,2026-09-01,,,,,GEEN_DEFICIENTIES,GEEN_EISEN,GEEN_PROPEDEUTISCHE_FASE,GEEN_STUDIEKEUZE_CHECK,GEEN_VERSNELD_TRAJECT,0f2137e6-f334-4fa4-b986-38489fe96db7,0f2137e6-f334-4fa4-b986-38489fe96db7,114X875,Houtlaan,Nijmegen,Pre-master Political Science
107B484,Het College van Bestuur van de Radboud Universiteit Nijmegen,114A125,Radboud Universiteit Nijmegen (RU) Faculteit der Managementwetenschappen,OPLEIDING,1001O5942,56606,,NVAO,Politicologie,Political Science,2002-09-01,,WO-BA,BACHELOR,180,6,6,GETUIGSCHRIFT,Stichting Radboud Universiteit,Pre-master Tweejarige Educatieve Master Maatschappijwetenschappen,,Two-year Educational Pre-Master's Society Studies,VOLTIJD,NLD,2025-09-01,,2026-09-01,,,,,GEEN_DEFICIENTIES,GEEN_EISEN,GEEN_PROPEDEUTISCHE_FASE,GEEN_STUDIEKEUZE_CHECK,GEEN_VERSNELD_TRAJECT,7cd09e61-90bf-46c5-a2c8-5f6e6bbb8aab,7cd09e61-90bf-46c5-a2c8-5f6e6bbb8aab,114X875,Houtlaan,Nijmegen,Pre-master Tweejarige Educatieve Master Maatsch. wet.
107B484,Het College van Bestuur van de Radboud Universiteit Nijmegen,114A125,Radboud Universiteit Nijmegen (RU) Faculteit der Managementwetenschappen,OPLEIDING,1001O5969,56627,,NVAO,Bestuurskunde,Public Administration,2002-09-01,,WO-BA,BACHELOR,180,6,6,GETUIGSCHRIFT,Stichting Radboud Universiteit,Bestuurskunde,,Public Administration,VOLTIJD,NLD,2002-09-01,,2026-09-01,,,,,GEEN_DEFICIENTIES,GEEN_EISEN,GEEN_PROPEDEUTISCHE_FASE,STUDIEKEUZE_CHECK_VAN_TOEPASSING,GEEN_VERSNELD_TRAJECT,8cb1dc73-ece7-4219-b0b6-01d57d6c64ec,8cb1dc73-ece7-4219-b0b6-01d57d6c64ec,114X875,Houtlaan,Nijmegen,B Bestuurskunde
107B484,Het College van Bestuur van de Radboud Universiteit Nijmegen,114A125,Radboud Universiteit Nijmegen (RU) Faculteit der Managementwetenschappen,OPLEIDING,1001O5969,56627,,NVAO,Bestuurskunde,Public Administration,2002-09-01,,WO-BA,BACHELOR,180,6,6,GETUIGSCHRIFT,Stichting Radboud Universiteit,Pre-master Bestuurskunde,,Pre-Master's Public Administration,VOLTIJD,NLD,2019-09-01,,2026-09-01,,,,,GEEN_DEFICIENTIES,GEEN_EISEN,GEEN_PROPEDEUTISCHE_FASE,GEEN_STUDIEKEUZE_CHECK,GEEN_VERSNELD_TRAJECT,276f194c-b89b-47e3-8d65-574452f51735,276f194c-b89b-47e3-8d65-574452f51735,114X875,Houtlaan,Nijmegen,Pre-master Bestuurskunde
107B484,Het College van Bestuur van de Radboud Universiteit Nijmegen,114A125,Radboud Universiteit Nijmegen (RU) Faculteit der Managementwetenschappen,OPLEIDING,1001O6131,56947,,NVAO,"Geografie, Planologie en Milieu","Geography, Spatial Planning and Environment",2012-09-01,,WO-BA,BACHELOR,180,6,6,GETUIGSCHRIFT,Stichting Radboud Universiteit,"Geografie, Planologie en Milieu",,"Geography, Spatial Planning and Environment",VOLTIJD,NLD,2012-09-01,,2026-09-01,,,,,GEEN_DEFICIENTIES,GEEN_EISEN,GEEN_PROPEDEUTISCHE_FASE,STUDIEKEUZE_CHECK_VAN_TOEPASSING,GEEN_VERSNELD_TRAJECT,46378952-8ba8-48a3-8d95-ba2dc150741c,46378952-8ba8-48a3-8d95-ba2dc150741c,114X875,Houtlaan,Nijmegen,"B Geografie, Planologie en Milieu"
107B484,Het College van Bestuur van de Radboud Universiteit Nijmegen,114A125,Radboud Universiteit Nijmegen (RU) Faculteit der Managementwetenschappen,OPLEIDING,1001O6131,56947,,NVAO,"Geografie, Planologie en Milieu","Geography, Spatial Planning and Environment",2012-09-01,,WO-BA,BACHELOR,180,6,6,GETUIGSCHRIFT,Stichting Radboud Universiteit,Pre-master Environment and Society Studies,,Pre-Master's Environment and Society Studies,VOLTIJD,ENG,2020-09-01,,2026-09-01,,,,,GEEN_DEFICIENTIES,GEEN_EISEN,GEEN_PROPEDEUTISCHE_FASE,GEEN_STUDIEKEUZE_CHECK,GEEN_VERSNELD_TRAJECT,e0dea269-b15c-483d-a9a8-4c9a389737a3,e0dea269-b15c-483d-a9a8-4c9a389737a3,114X875,Houtlaan,Nijmegen,Pre-master Environment and Society Studies
107B484,Het College van Bestuur van de Radboud Universiteit Nijmegen,114A125,Radboud Universiteit Nijmegen (RU) Faculteit der Managementwetenschappen,OPLEIDING,1001O6131,56947,,NVAO,"Geografie, Planologie en Milieu","Geography, Spatial Planning and Environment",2012-09-01,,WO-BA,BACHELOR,180,6,6,GETUIGSCHRIFT,Stichting Radboud Universiteit,Pre-master Human Geography,,Pre-Master's Human Geography,VOLTIJD,ENG,2020-09-01,,2026-09-01,,,,,GEEN_DEFICIENTIES,GEEN_EISEN,GEEN_PROPEDEUTISCHE_FASE,GEEN_STUDIEKEUZE_CHECK,GEEN_VERSNELD_TRAJECT,c65f5a51-8ea5-4336-8bed-adfd1a23b6f5,c65f5a51-8ea5-4336-8bed-adfd1a23b6f5,114X875,Houtlaan,Nijmegen,Pre-master Human Geography
107B484,Het College van Bestuur van de Radboud Universiteit Nijmegen,114A125,Radboud Universiteit Nijmegen (RU) Faculteit der Managementwetenschappen,OPLEIDING,1001O6131,56947,,NVAO,"Geografie, Planologie en Milieu","Geography, Spatial Planning and Environment",2012-09-01,,WO-BA,BACHELOR,180,6,6,GETUIGSCHRIFT,Stichting Radboud Universiteit,Pre-master Spatial Planning,,Pre-Master's Spatial Planning,VOLTIJD,ENG,2020-09-01,,2026-09-01,,,,,GEEN_DEFICIENTIES,GEEN_EISEN,GEEN_PROPEDEUTISCHE_FASE,GEEN_STUDIEKEUZE_CHECK,GEEN_VERSNELD_TRAJECT,366f55f6-5851-435e-86c5-8f632c673625,366f55f6-5851-435e-86c5-8f632c673625,114X875,Houtlaan,Nijmegen,Pre-master Spatial Planning
107B484,Het College van Bestuur van de Radboud Universiteit Nijmegen,114A125,Radboud Universiteit Nijmegen (RU) Faculteit der Managementwetenschappen,OPLEIDING,1001O6131,56947,,NVAO,"Geografie, Planologie en Milieu","Geography, Spatial Planning and Environment",2012-09-01,,WO-BA,BACHELOR,180,6,6,GETUIGSCHRIFT,Stichting Radboud Universiteit,Pre-master Tweejarige Educatieve Master Aardrijkskunde,,Two-year Educational Pre-Master's Geography,VOLTIJD,NLD,2025-09-01,,2026-09-01,,,,,GEEN_DEFICIENTIES,GEEN_EISEN,GEEN_PROPEDEUTISCHE_FASE,GEEN_STUDIEKEUZE_CHECK,GEEN_VERSNELD_TRAJECT,b2547d39-88b4-4b4b-8a5f-e1ab718861e6,b2547d39-88b4-4b4b-8a5f-e1ab718861e6,114X875,Houtlaan,Nijmegen,Pre-master Tweejarige Educatieve Master Aardrijkskunde
107B484,Het College van Bestuur van de Radboud Universiteit Nijmegen,114A125,Radboud Universiteit Nijmegen (RU) Faculteit der Managementwetenschappen,VARIANT,1016O1025,,50645,NVAO,Bedrijfskunde,Business Administration,,,WO-BA,BACHELOR,180,6,6,DIPLOMA,Stichting Radboud Universiteit,Bedrijfskunde,,Business Administration,VOLTIJD,NLD,2009-09-01,,2026-09-01,,,,,GEEN_DEFICIENTIES,GEEN_EISEN,GEEN_PROPEDEUTISCHE_FASE,STUDIEKEUZE_CHECK_VAN_TOEPASSING,GEEN_VERSNELD_TRAJECT,302d58f5-e0f4-4ccb-b3b9-40b01b1991b2,302d58f5-e0f4-4ccb-b3b9-40b01b1991b2,114X875,Houtlaan,Nijmegen,B Bedrijfskunde
107B484,Het College van Bestuur van de Radboud Universiteit Nijmegen,114A125,Radboud Universiteit Nijmegen (RU) Faculteit der Managementwetenschappen,VARIANT,1016O1029,,50950,NVAO,Economics and Business Economics,Economics and Business Economics,,,WO-BA,BACHELOR,180,6,6,DIPLOMA,Stichting Radboud Universiteit,Economics and Business Economics,,Economics and Business Economics,VOLTIJD,ENG,2017-09-01,,2026-09-01,,,,,GEEN_DEFICIENTIES,GEEN_EISEN,GEEN_PROPEDEUTISCHE_FASE,STUDIEKEUZE_CHECK_VAN_TOEPASSING,GEEN_VERSNELD_TRAJECT,ddca2e9f-7897-4322-aa62-964f4f9f85b6,ddca2e9f-7897-4322-aa62-964f4f9f85b6,114X875,Houtlaan,Nijmegen,B Economics and Business Economics
107B484,Het College van Bestuur van de Radboud Universiteit Nijmegen,114A125,Radboud Universiteit Nijmegen (RU) Faculteit der Managementwetenschappen,VARIANT,1016O1030,,50950,NVAO,Economie en Bedrijfseconomie,Economics and Business Economics,,,WO-BA,BACHELOR,180,6,6,DIPLOMA,Stichting Radboud Universiteit,Economie en Bedrijfseconomie,,Economics and Business Economics,VOLTIJD,NLD,2010-09-01,,2026-09-01,,,,,GEEN_DEFICIENTIES,GEEN_EISEN,GEEN_PROPEDEUTISCHE_FASE,STUDIEKEUZE_CHECK_VAN_TOEPASSING,GEEN_VERSNELD_TRAJECT,e53a5e67-3fbc-4640-8668-f0a9e1e60700,e53a5e67-3fbc-4640-8668-f0a9e1e60700,114X875,Houtlaan,Nijmegen,B Economie en Bedrijfseconomie
107B484,Het College van Bestuur van de Radboud Universiteit Nijmegen,114A125,Radboud Universiteit Nijmegen (RU) Faculteit der Managementwetenschappen,VARIANT,1016O1159,,50645,NVAO,International Business Administration,International Business Administration,,,WO-BA,BACHELOR,180,6,6,DIPLOMA,Stichting Radboud Universiteit,International Business Administration,,International Business Administration,VOLTIJD,ENG,2025-09-01,,2026-09-01,,,,,GEEN_DEFICIENTIES,GEEN_EISEN,GEEN_PROPEDEUTISCHE_FASE,STUDIEKEUZE_CHECK_VAN_TOEPASSING,GEEN_VERSNELD_TRAJECT,82fd2c05-20ed-4194-a979-f450ef1df956,82fd2c05-20ed-4194-a979-f450ef1df956,114X875,Houtlaan,Nijmegen,B International Business Administration
107B484,Het College van Bestuur van de Radboud Universiteit Nijmegen,114A126,Radboud Universiteit Nijmegen (RU) Faculteit der Medische Wetenschappen,OPLEIDING,1001O5910,56551,,NVAO,Geneeskunde,Medicine,2005-09-01,,WO-BA,BACHELOR,180,6,6,GETUIGSCHRIFT,Stichting Radboud Universiteit,Geneeskunde,,Medicine,VOLTIJD,NLD,2005-09-01,,,,,,,GEEN_DEFICIENTIES,GEEN_EISEN,GEEN_PROPEDEUTISCHE_FASE,GEEN_STUDIEKEUZE_CHECK,GEEN_VERSNELD_TRAJECT,9afc9f9f-e6b0-4d1c-acfa-96bb1b9aadc9,9afc9f9f-e6b0-4d1c-acfa-96bb1b9aadc9,114X875,Houtlaan,Nijmegen,B Geneeskunde
107B484,Het College van Bestuur van de Radboud Universiteit Nijmegen,114A126,Radboud Universiteit Nijmegen (RU) Faculteit der Medische Wetenschappen,OPLEIDING,1001O5910,56551,,NVAO,Geneeskunde,Medicine,2005-09-01,,WO-BA,BACHELOR,180,6,6,GETUIGSCHRIFT,Stichting Radboud Universiteit,Pre-master Geneeskunde,,Pre-Master's Medicine,VOLTIJD,NLD,2019-09-01,,2026-09-01,,,,,GEEN_DEFICIENTIES,GEEN_EISEN,GEEN_PROPEDEUTISCHE_FASE,GEEN_STUDIEKEUZE_CHECK,GEEN_VERSNELD_TRAJECT,60392ff8-aef8-47e8-ad7d-255517f2807d,60392ff8-aef8-47e8-ad7d-255517f2807d,114X875,Houtlaan,Nijmegen,Pre-master Geneeskunde
107B484,Het College van Bestuur van de Radboud Universiteit Nijmegen,114A126,Radboud Universiteit Nijmegen (RU) Faculteit der Medische Wetenschappen,OPLEIDING,1001O5918,56560,,NVAO,Tandheelkunde,Dentistry,2004-09-01,,WO-BA,BACHELOR,180,6,6,GETUIGSCHRIFT,Stichting Radboud Universiteit,Tandheelkunde,,Dentistry,VOLTIJD,NLD,2004-09-01,,,,,,,GEEN_DEFICIENTIES,GEEN_EISEN,GEEN_PROPEDEUTISCHE_FASE,GEEN_STUDIEKEUZE_CHECK,GEEN_VERSNELD_TRAJECT,046b1fee-e4b6-49d4-8ec6-6c6c667eeca8,046b1fee-e4b6-49d4-8ec6-6c6c667eeca8,114X875,Houtlaan,Nijmegen,B Tandheelkunde
107B484,Het College van Bestuur van de Radboud Universiteit Nijmegen,114A126,Radboud Universiteit Nijmegen (RU) Faculteit der Medische Wetenschappen,OPLEIDING,1001O6208,56990,,NVAO,Biomedische Wetenschappen,Biomedical Sciences,2002-09-01,,WO-BA,BACHELOR,180,6,6,GETUIGSCHRIFT,Stichting Radboud Universiteit,Biomedische Wetenschappen,,Biomedical Sciences,VOLTIJD,NLD,2002-09-01,,,,,,,GEEN_DEFICIENTIES,GEEN_EISEN,GEEN_PROPEDEUTISCHE_FASE,GEEN_STUDIEKEUZE_CHECK,GEEN_VERSNELD_TRAJECT,4002ec00-fd34-4ac6-9406-995382c34bb7,4002ec00-fd34-4ac6-9406-995382c34bb7,114X875,Houtlaan,Nijmegen,B Biomedische Wetenschappen
107B484,Het College van Bestuur van de Radboud Universiteit Nijmegen,114A126,Radboud Universiteit Nijmegen (RU) Faculteit der Medische Wetenschappen,OPLEIDING,1001O6208,56990,,NVAO,Biomedische Wetenschappen,Biomedical Sciences,2002-09-01,,WO-BA,BACHELOR,180,6,6,GETUIGSCHRIFT,Stichting Radboud Universiteit,Pre-master Biomedical Sciences,,Pre-Master's Biomedical Sciences,VOLTIJD,NLD,2019-09-01,,2026-09-01,,,,,GEEN_DEFICIENTIES,GEEN_EISEN,GEEN_PROPEDEUTISCHE_FASE,GEEN_STUDIEKEUZE_CHECK,GEEN_VERSNELD_TRAJECT,d9b4e263-50e5-4f39-bd95-8dbb2d26183a,d9b4e263-50e5-4f39-bd95-8dbb2d26183a,114X875,Houtlaan,Nijmegen,Pre-master Biomedical Sciences
107B484,Het College van Bestuur van de Radboud Universiteit Nijmegen,114A127,Radboud Universiteit Nijmegen (RU) Faculteit der NWI,OPLEIDING,1001O6126,56943,,NVAO,Chemistry,Chemistry,2017-09-01,,WO-BA,BACHELOR,180,6,6,GETUIGSCHRIFT,Stichting Radboud Universiteit,Pre-master Tweejarige Educatieve Master Scheikunde,,Pre-Master's Two-year Educational Master's Chemistry,VOLTIJD,NLD,2025-09-01,,2026-09-01,,,,,GEEN_DEFICIENTIES,GEEN_EISEN,GEEN_PROPEDEUTISCHE_FASE,GEEN_STUDIEKEUZE_CHECK,GEEN_VERSNELD_TRAJECT,65f1617e-075f-4f14-bb4a-47733a0b2c3f,65f1617e-075f-4f14-bb4a-47733a0b2c3f,114X875,Houtlaan,Nijmegen,Pre-master Tweejarige Educatieve Master Scheikunde
107B484,Het College van Bestuur van de Radboud Universiteit Nijmegen,114A127,Radboud Universiteit Nijmegen (RU) Faculteit der NWI,OPLEIDING,1001O6126,56943,,NVAO,Chemistry,Chemistry,2017-09-01,,WO-BA,BACHELOR,180,6,6,GETUIGSCHRIFT,Stichting Radboud Universiteit,Scheikunde,,Chemistry,VOLTIJD,ENG,2017-09-01,,2026-09-01,,,,,GEEN_DEFICIENTIES,GEEN_EISEN,GEEN_PROPEDEUTISCHE_FASE,STUDIEKEUZE_CHECK_VAN_TOEPASSING,GEEN_VERSNELD_TRAJECT,d3fbb1a0-6025-4246-9238-a651f8b31c86,d3fbb1a0-6025-4246-9238-a651f8b31c86,114X875,Houtlaan,Nijmegen,B Scheikunde
107B484,Het College van Bestuur van de Radboud Universiteit Nijmegen,114A127,Radboud Universiteit Nijmegen (RU) Faculteit der NWI,OPLEIDING,1001O6127,56944,,NVAO,Molecular Life Sciences,Molecular Life Sciences,2017-09-01,,WO-BA,BACHELOR,180,6,6,GETUIGSCHRIFT,Stichting Radboud Universiteit,Moleculaire Levenswetenschappen,,Molecular Life Sciences,VOLTIJD,ENG,2017-09-01,,2026-09-01,,,,,GEEN_DEFICIENTIES,GEEN_EISEN,GEEN_PROPEDEUTISCHE_FASE,STUDIEKEUZE_CHECK_VAN_TOEPASSING,GEEN_VERSNELD_TRAJECT,87594c0c-75b5-4430-aa50-861c5eae7aec,87594c0c-75b5-4430-aa50-861c5eae7aec,114X875,Houtlaan,Nijmegen,B Molecular Life Sciences
107B484,Het College van Bestuur van de Radboud Universiteit Nijmegen,114A127,Radboud Universiteit Nijmegen (RU) Faculteit der NWI,OPLEIDING,1001O6127,56944,,NVAO,Molecular Life Sciences,Molecular Life Sciences,2017-09-01,,WO-BA,BACHELOR,180,6,6,GETUIGSCHRIFT,Stichting Radboud Universiteit,Pre-master Molecular Sciences: Chemistry of Life,,Pre-Master's Molecular Sciences: Chemistry of Life,VOLTIJD,ENG,2022-09-01,,2026-09-01,,,,,GEEN_DEFICIENTIES,GEEN_EISEN,GEEN_PROPEDEUTISCHE_FASE,GEEN_STUDIEKEUZE_CHECK,GEEN_VERSNELD_TRAJECT,323e15d6-f821-4ab4-a901-1b5600b7b980,323e15d6-f821-4ab4-a901-1b5600b7b980,114X875,Houtlaan,Nijmegen,Pre-master Molecular Sciences: Chemistry of Life
107B484,Het College van Bestuur van de Radboud Universiteit Nijmegen,114A127,Radboud Universiteit Nijmegen (RU) Faculteit der NWI,OPLEIDING,1001O6127,56944,,NVAO,Molecular Life Sciences,Molecular Life Sciences,2017-09-01,,WO-BA,BACHELOR,180,6,6,GETUIGSCHRIFT,Stichting Radboud Universiteit,Pre-master Molecular Sciences: Medicinal Chemistry,,Pre-Master's Molecular Sciences: Medicinal Chemistry,VOLTIJD,ENG,2022-09-01,,2026-09-01,,,,,GEEN_DEFICIENTIES,GEEN_EISEN,GEEN_PROPEDEUTISCHE_FASE,GEEN_STUDIEKEUZE_CHECK,GEEN_VERSNELD_TRAJECT,074acd72-1825-41cc-81a8-7c0b9808a22b,074acd72-1825-41cc-81a8-7c0b9808a22b,114X875,Houtlaan,Nijmegen,Pre-master Molecular Sciences: Medicinal Chemistry
107B484,Het College van Bestuur van de Radboud Universiteit Nijmegen,114A127,Radboud Universiteit Nijmegen (RU) Faculteit der NWI,OPLEIDING,1001O6127,56944,,NVAO,Molecular Life Sciences,Molecular Life Sciences,2017-09-01,,WO-BA,BACHELOR,180,6,6,GETUIGSCHRIFT,Stichting Radboud Universiteit,Pre-master Molecular Sciences: Molecular Chemistry,,Pre-Master's Molecular Sciences: Molecular Chemistry,VOLTIJD,ENG,2022-09-01,,2026-09-01,,,,,GEEN_DEFICIENTIES,GEEN_EISEN,GEEN_PROPEDEUTISCHE_FASE,GEEN_STUDIEKEUZE_CHECK,GEEN_VERSNELD_TRAJECT,8df1135d-f9e3-467c-8f10-48382f4378b7,8df1135d-f9e3-467c-8f10-48382f4378b7,114X875,Houtlaan,Nijmegen,Pre-master Molecular Sciences: Molecular Chemistry
107B484,Het College van Bestuur van de Radboud Universiteit Nijmegen,114A127,Radboud Universiteit Nijmegen (RU) Faculteit der NWI,OPLEIDING,1001O6127,56944,,NVAO,Molecular Life Sciences,Molecular Life Sciences,2017-09-01,,WO-BA,BACHELOR,180,6,6,GETUIGSCHRIFT,Stichting Radboud Universiteit,Pre-master Molecular Sciences: Physical Chemistry,,Pre-Master's Molecular Sciences: Physical Chemistry,VOLTIJD,ENG,2022-09-01,,2026-09-01,,,,,GEEN_DEFICIENTIES,GEEN_EISEN,GEEN_PROPEDEUTISCHE_FASE,GEEN_STUDIEKEUZE_CHECK,GEEN_VERSNELD_TRAJECT,af185022-c1a9-48ec-9878-323ca23aba25,af185022-c1a9-48ec-9878-323ca23aba25,114X875,Houtlaan,Nijmegen,Pre-master Molecular Sciences: Physical Chemistry
107B484,Het College van Bestuur van de Radboud Universiteit Nijmegen,114A127,Radboud Universiteit Nijmegen (RU) Faculteit der NWI,OPLEIDING,1001O6132,56948,,NVAO,Natural Sciences,Natural Sciences,2012-09-01,,WO-BA,BACHELOR,180,6,6,GETUIGSCHRIFT,Stichting Radboud Universiteit,Natural Sciences,,Natural Sciences,VOLTIJD,NLD,2012-09-01,,2026-09-01,,,,,GEEN_DEFICIENTIES,GEEN_EISEN,GEEN_PROPEDEUTISCHE_FASE,STUDIEKEUZE_CHECK_VAN_TOEPASSING,GEEN_VERSNELD_TRAJECT,ce0239ec-53f4-4d12-a220-c3aa4aae3eda,ce0239ec-53f4-4d12-a220-c3aa4aae3eda,114X875,Houtlaan,Nijmegen,B Natural Sciences
107B484,Het College van Bestuur van de Radboud Universiteit Nijmegen,114A127,Radboud Universiteit Nijmegen (RU) Faculteit der NWI,OPLEIDING,1001O6132,56948,,NVAO,Natural Sciences,Natural Sciences,2012-09-01,,WO-BA,BACHELOR,180,6,6,GETUIGSCHRIFT,Stichting Radboud Universiteit,"Pre-master 1 jarige lerarenopleiding RDA-FNWI Engelstalige vakken (Biology, MLS en Chemistry)",,"Pre-Master's 1 year Teaching RDA-FNWI English-taught (Biology, MLS en Chemistry)",VOLTIJD,ENG,2021-09-01,,2026-09-01,,,,,GEEN_DEFICIENTIES,GEEN_EISEN,GEEN_PROPEDEUTISCHE_FASE,GEEN_STUDIEKEUZE_CHECK,GEEN_VERSNELD_TRAJECT,d9a97c1c-3c70-4f9b-9883-9c49d211b11c,d9a97c1c-3c70-4f9b-9883-9c49d211b11c,114X875,Houtlaan,Nijmegen,Pre-master 1jarige lerarenopleiding RDA-FNWI EN
107B484,Het College van Bestuur van de Radboud Universiteit Nijmegen,114A127,Radboud Universiteit Nijmegen (RU) Faculteit der NWI,OPLEIDING,1001O6132,56948,,NVAO,Natural Sciences,Natural Sciences,2012-09-01,,WO-BA,BACHELOR,180,6,6,GETUIGSCHRIFT,Stichting Radboud Universiteit,Pre-master 1 jarige lerarenopleiding RDA-FNWI Nederlandstalige vakken (Wiskunde en Natuurkunde),,Pre-Master's 1 year Teaching RDA-FNWI Dutch-taught (Mathematics and Physics),VOLTIJD,NLD,2021-09-01,,2026-09-01,,,,,GEEN_DEFICIENTIES,GEEN_EISEN,GEEN_PROPEDEUTISCHE_FASE,GEEN_STUDIEKEUZE_CHECK,GEEN_VERSNELD_TRAJECT,64f2da44-6043-4665-987f-ede8f2e3f314,64f2da44-6043-4665-987f-ede8f2e3f314,114X875,Houtlaan,Nijmegen,Pre-master 1jarige lerarenopleiding RDA-FNWI NL
107B484,Het College van Bestuur van de Radboud Universiteit Nijmegen,114A127,Radboud Universiteit Nijmegen (RU) Faculteit der NWI,OPLEIDING,1001O6181,56980,,NVAO,Wiskunde,Mathematics,2002-09-01,,WO-BA,BACHELOR,180,6,6,GETUIGSCHRIFT,Stichting Radboud Universiteit,Pre-master Mathematics,,Pre-Master's Mathematics,VOLTIJD,NLD,2019-09-01,,2026-09-01,,,,,GEEN_DEFICIENTIES,GEEN_EISEN,GEEN_PROPEDEUTISCHE_FASE,GEEN_STUDIEKEUZE_CHECK,GEEN_VERSNELD_TRAJECT,b247e988-f90d-41ed-b60c-d55c740659d6,b247e988-f90d-41ed-b60c-d55c740659d6,114X875,Houtlaan,Nijmegen,Pre-master Mathematics
107B484,Het College van Bestuur van de Radboud Universiteit Nijmegen,114A127,Radboud Universiteit Nijmegen (RU) Faculteit der NWI,OPLEIDING,1001O6181,56980,,NVAO,Wiskunde,Mathematics,2002-09-01,,WO-BA,BACHELOR,180,6,6,GETUIGSCHRIFT,Stichting Radboud Universiteit,Pre-master Tweejarige Educatieve Master Wiskunde,,Pre-Master's Two-year Educational Master's Mathematics,VOLTIJD,NLD,2025-09-01,,2026-09-01,,,,,GEEN_DEFICIENTIES,GEEN_EISEN,GEEN_PROPEDEUTISCHE_FASE,GEEN_STUDIEKEUZE_CHECK,GEEN_VERSNELD_TRAJECT,1dba25a6-288e-46fa-8972-82440e76f224,1dba25a6-288e-46fa-8972-82440e76f224,114X875,Houtlaan,Nijmegen,Pre-master Tweejarige Educatieve Master Wiskunde
107B484,Het College van Bestuur van de Radboud Universiteit Nijmegen,114A127,Radboud Universiteit Nijmegen (RU) Faculteit der NWI,OPLEIDING,1001O6181,56980,,NVAO,Wiskunde,Mathematics,2002-09-01,,WO-BA,BACHELOR,180,6,6,GETUIGSCHRIFT,Stichting Radboud Universiteit,Wiskunde,,Mathematics,VOLTIJD,NLD,2002-09-01,,2026-09-01,,,,,GEEN_DEFICIENTIES,GEEN_EISEN,GEEN_PROPEDEUTISCHE_FASE,STUDIEKEUZE_CHECK_VAN_TOEPASSING,GEEN_VERSNELD_TRAJECT,b444f4a9-c747-48ae-b222-5793e7f31fd3,b444f4a9-c747-48ae-b222-5793e7f31fd3,114X875,Houtlaan,Nijmegen,B Wiskunde
107B484,Het College van Bestuur van de Radboud Universiteit Nijmegen,114A127,Radboud Universiteit Nijmegen (RU) Faculteit der NWI,OPLEIDING,1001O6193,56984,,NVAO,Natuur- en Sterrenkunde,Physics and Astronomy,2002-09-01,,WO-BA,BACHELOR,180,6,6,GETUIGSCHRIFT,Stichting Radboud Universiteit,Natuur- en Sterrenkunde,,Physics and Astronomy,VOLTIJD,NLD,2002-09-01,,2026-09-01,,,,,GEEN_DEFICIENTIES,GEEN_EISEN,GEEN_PROPEDEUTISCHE_FASE,STUDIEKEUZE_CHECK_VAN_TOEPASSING,GEEN_VERSNELD_TRAJECT,f5f8328c-13ac-4c9a-850d-ae5b11a8b81b,f5f8328c-13ac-4c9a-850d-ae5b11a8b81b,114X875,Houtlaan,Nijmegen,B Natuur- en Sterrenkunde
107B484,Het College van Bestuur van de Radboud Universiteit Nijmegen,114A127,Radboud Universiteit Nijmegen (RU) Faculteit der NWI,OPLEIDING,1001O6193,56984,,NVAO,Natuur- en Sterrenkunde,Physics and Astronomy,2002-09-01,,WO-BA,BACHELOR,180,6,6,GETUIGSCHRIFT,Stichting Radboud Universiteit,Pre-master Physics and Astronomy: Neurophysics,,Pre-Master's Physics and Astronomy: Neurophysics,VOLTIJD,NLD,2022-09-01,,2026-09-01,,,,,GEEN_DEFICIENTIES,GEEN_EISEN,GEEN_PROPEDEUTISCHE_FASE,GEEN_STUDIEKEUZE_CHECK,GEEN_VERSNELD_TRAJECT,6a117ba5-d53d-4b43-a0b3-dc692310be7e,6a117ba5-d53d-4b43-a0b3-dc692310be7e,114X875,Houtlaan,Nijmegen,Pre-master Physics and Astronomy: Neurophysics
107B484,Het College van Bestuur van de Radboud Universiteit Nijmegen,114A127,Radboud Universiteit Nijmegen (RU) Faculteit der NWI,OPLEIDING,1001O6193,56984,,NVAO,Natuur- en Sterrenkunde,Physics and Astronomy,2002-09-01,,WO-BA,BACHELOR,180,6,6,GETUIGSCHRIFT,Stichting Radboud Universiteit,Pre-master Physics and Astronomy: Particle and Astrophysics,,Pre-Master's Physics and Astronomy: Particle and Astrophysics,VOLTIJD,NLD,2022-09-01,,2026-09-01,,,,,GEEN_DEFICIENTIES,GEEN_EISEN,GEEN_PROPEDEUTISCHE_FASE,GEEN_STUDIEKEUZE_CHECK,GEEN_VERSNELD_TRAJECT,5a8fa6e4-9f46-45ad-88a2-d2d7fdd1c17f,5a8fa6e4-9f46-45ad-88a2-d2d7fdd1c17f,114X875,Houtlaan,Nijmegen,Pre-master Physics and Astronomy: Particle and Astrophysics
107B484,Het College van Bestuur van de Radboud Universiteit Nijmegen,114A127,Radboud Universiteit Nijmegen (RU) Faculteit der NWI,OPLEIDING,1001O6193,56984,,NVAO,Natuur- en Sterrenkunde,Physics and Astronomy,2002-09-01,,WO-BA,BACHELOR,180,6,6,GETUIGSCHRIFT,Stichting Radboud Universiteit,Pre-master Physics and Astronomy: Physics of Molecules and Materials,,Pre-Master's Physics and Astronomy: Physics of Molecules and Materials,VOLTIJD,NLD,2022-09-01,,2026-09-01,,,,,GEEN_DEFICIENTIES,GEEN_EISEN,GEEN_PROPEDEUTISCHE_FASE,GEEN_STUDIEKEUZE_CHECK,GEEN_VERSNELD_TRAJECT,9cc09108-2bcc-44af-8575-8d69fb520380,9cc09108-2bcc-44af-8575-8d69fb520380,114X875,Houtlaan,Nijmegen,Pre-master Physics and Astronomy: PPM
107B484,Het College van Bestuur van de Radboud Universiteit Nijmegen,114A127,Radboud Universiteit Nijmegen (RU) Faculteit der NWI,OPLEIDING,1001O6193,56984,,NVAO,Natuur- en Sterrenkunde,Physics and Astronomy,2002-09-01,,WO-BA,BACHELOR,180,6,6,GETUIGSCHRIFT,Stichting Radboud Universiteit,Pre-master Tweejarige Educatieve Master Natuurkunde,,Pre-Master's Two-year Educational Master's Physics,VOLTIJD,NLD,2025-09-01,,2026-09-01,,,,,GEEN_DEFICIENTIES,GEEN_EISEN,GEEN_PROPEDEUTISCHE_FASE,GEEN_STUDIEKEUZE_CHECK,GEEN_VERSNELD_TRAJECT,df31d714-711b-4170-8e93-d32d908168cf,df31d714-711b-4170-8e93-d32d908168cf,114X875,Houtlaan,Nijmegen,Pre-master Tweejarige Educatieve Master Natuurkunde
107B484,Het College van Bestuur van de Radboud Universiteit Nijmegen,114A127,Radboud Universiteit Nijmegen (RU) Faculteit der NWI,OPLEIDING,1001O6234,59325,,NVAO,Biology,Biology,2018-09-01,,WO-BA,BACHELOR,180,6,6,GETUIGSCHRIFT,Stichting Radboud Universiteit,Biologie,,Biology,VOLTIJD,ENG,2018-09-01,,2026-09-01,,,,,GEEN_DEFICIENTIES,GEEN_EISEN,GEEN_PROPEDEUTISCHE_FASE,STUDIEKEUZE_CHECK_VAN_TOEPASSING,GEEN_VERSNELD_TRAJECT,05ea9031-b36c-4e5c-95f9-99fbb803f137,05ea9031-b36c-4e5c-95f9-99fbb803f137,114X875,Houtlaan,Nijmegen,B Biology
107B484,Het College van Bestuur van de Radboud Universiteit Nijmegen,114A127,Radboud Universiteit Nijmegen (RU) Faculteit der NWI,OPLEIDING,1001O6234,59325,,NVAO,Biology,Biology,2018-09-01,,WO-BA,BACHELOR,180,6,6,GETUIGSCHRIFT,Stichting Radboud Universiteit,Pre-master Biology: Adaptive Organisms,,Pre-Master's Biology: Adaptive Organisms,VOLTIJD,ENG,2022-09-01,,2026-09-01,,,,,GEEN_DEFICIENTIES,GEEN_EISEN,GEEN_PROPEDEUTISCHE_FASE,GEEN_STUDIEKEUZE_CHECK,GEEN_VERSNELD_TRAJECT,d52e137c-f266-41c3-b37a-21ce95613743,d52e137c-f266-41c3-b37a-21ce95613743,114X875,Houtlaan,Nijmegen,Pre-master Biology: Adaptive Organisms
107B484,Het College van Bestuur van de Radboud Universiteit Nijmegen,114A127,Radboud Universiteit Nijmegen (RU) Faculteit der NWI,OPLEIDING,1001O6234,59325,,NVAO,Biology,Biology,2018-09-01,,WO-BA,BACHELOR,180,6,6,GETUIGSCHRIFT,Stichting Radboud Universiteit,Pre-master Biology: Conservation and Restoration Ecology,,Pre-Master's Biology: Conservation and Restoration Ecology,VOLTIJD,ENG,2022-09-01,,2026-09-01,,,,,GEEN_DEFICIENTIES,GEEN_EISEN,GEEN_PROPEDEUTISCHE_FASE,GEEN_STUDIEKEUZE_CHECK,GEEN_VERSNELD_TRAJECT,5a25fa42-20bb-4dbe-8ea7-4e79dc42b3d1,5a25fa42-20bb-4dbe-8ea7-4e79dc42b3d1,114X875,Houtlaan,Nijmegen,Pre-master Biology: Conservation and Restoration Ecology
107B484,Het College van Bestuur van de Radboud Universiteit Nijmegen,114A127,Radboud Universiteit Nijmegen (RU) Faculteit der NWI,OPLEIDING,1001O6234,59325,,NVAO,Biology,Biology,2018-09-01,,WO-BA,BACHELOR,180,6,6,GETUIGSCHRIFT,Stichting Radboud Universiteit,Pre-master Biology: Environment and Sustainability,,Pre-Master's Biology: Environment and Sustainability,VOLTIJD,NLD,2025-09-01,,2026-09-01,,,,,GEEN_DEFICIENTIES,GEEN_EISEN,GEEN_PROPEDEUTISCHE_FASE,GEEN_STUDIEKEUZE_CHECK,GEEN_VERSNELD_TRAJECT,713fbe83-f9df-4cb8-8e60-6bfb2cae64de,713fbe83-f9df-4cb8-8e60-6bfb2cae64de,114X875,Houtlaan,Nijmegen,Pre-master Biology: Environment and Sustainability
107B484,Het College van Bestuur van de Radboud Universiteit Nijmegen,114A127,Radboud Universiteit Nijmegen (RU) Faculteit der NWI,OPLEIDING,1001O6234,59325,,NVAO,Biology,Biology,2018-09-01,,WO-BA,BACHELOR,180,6,6,GETUIGSCHRIFT,Stichting Radboud Universiteit,Pre-master Biology: Microbiology,,Pre-Master's Biology: Microbiology,VOLTIJD,ENG,2022-09-01,,2026-09-01,,,,,GEEN_DEFICIENTIES,GEEN_EISEN,GEEN_PROPEDEUTISCHE_FASE,GEEN_STUDIEKEUZE_CHECK,GEEN_VERSNELD_TRAJECT,dcb72bad-9029-4061-9d44-72070626f816,dcb72bad-9029-4061-9d44-72070626f816,114X875,Houtlaan,Nijmegen,Pre-master Biology: Microbiology
107B484,Het College van Bestuur van de Radboud Universiteit Nijmegen,114A127,Radboud Universiteit Nijmegen (RU) Faculteit der NWI,OPLEIDING,1001O6234,59325,,NVAO,Biology,Biology,2018-09-01,,WO-BA,BACHELOR,180,6,6,GETUIGSCHRIFT,Stichting Radboud Universiteit,Pre-master Crop Biotechnology and Engineering,,Pre-Master's Crop Biotechnology and Engineering,VOLTIJD,ENG,2026-09-01,,2026-09-01,,,,,GEEN_DEFICIENTIES,GEEN_EISEN,GEEN_PROPEDEUTISCHE_FASE,GEEN_STUDIEKEUZE_CHECK,GEEN_VERSNELD_TRAJECT,310b7d15-9533-414b-9ea3-14589139cda6,310b7d15-9533-414b-9ea3-14589139cda6,114X875,Houtlaan,Nijmegen,Pre-master Crop Biotechnology and Engineering
107B484,Het College van Bestuur van de Radboud Universiteit Nijmegen,114A127,Radboud Universiteit Nijmegen (RU) Faculteit der NWI,OPLEIDING,1001O6234,59325,,NVAO,Biology,Biology,2018-09-01,,WO-BA,BACHELOR,180,6,6,GETUIGSCHRIFT,Stichting Radboud Universiteit,Pre-master Medical Biology: Human Biology,,Pre-Master's Medical Biology: Human Biology,VOLTIJD,ENG,2022-09-01,,2026-09-01,,,,,GEEN_DEFICIENTIES,GEEN_EISEN,GEEN_PROPEDEUTISCHE_FASE,GEEN_STUDIEKEUZE_CHECK,GEEN_VERSNELD_TRAJECT,01e71827-9563-4fe4-93e1-d5070c0575b1,01e71827-9563-4fe4-93e1-d5070c0575b1,114X875,Houtlaan,Nijmegen,Pre-master Medical Biology: Human Biology
107B484,Het College van Bestuur van de Radboud Universiteit Nijmegen,114A127,Radboud Universiteit Nijmegen (RU) Faculteit der NWI,OPLEIDING,1001O6234,59325,,NVAO,Biology,Biology,2018-09-01,,WO-BA,BACHELOR,180,6,6,GETUIGSCHRIFT,Stichting Radboud Universiteit,Pre-master Medical Biology: Medical Epigenomics,,Pre-Master's Medical Biology: Medical Epigenomics,VOLTIJD,ENG,2022-09-01,,2026-09-01,,,,,GEEN_DEFICIENTIES,GEEN_EISEN,GEEN_PROPEDEUTISCHE_FASE,GEEN_STUDIEKEUZE_CHECK,GEEN_VERSNELD_TRAJECT,99c12f77-67cd-4c4e-8c95-8512eff8c9a4,99c12f77-67cd-4c4e-8c95-8512eff8c9a4,114X875,Houtlaan,Nijmegen,Pre-master Medical Biology: Medical Epigenomics
107B484,Het College van Bestuur van de Radboud Universiteit Nijmegen,114A127,Radboud Universiteit Nijmegen (RU) Faculteit der NWI,OPLEIDING,1001O6234,59325,,NVAO,Biology,Biology,2018-09-01,,WO-BA,BACHELOR,180,6,6,GETUIGSCHRIFT,Stichting Radboud Universiteit,Pre-master Medical Biology: Neurobiology,,Pre-Master's Medical Biology: Neurobiology,VOLTIJD,ENG,2022-09-01,,2026-09-01,,,,,GEEN_DEFICIENTIES,GEEN_EISEN,GEEN_PROPEDEUTISCHE_FASE,GEEN_STUDIEKEUZE_CHECK,GEEN_VERSNELD_TRAJECT,def8c407-c1ae-463e-9206-c8c075588dc0,def8c407-c1ae-463e-9206-c8c075588dc0,114X875,Houtlaan,Nijmegen,Pre-master Medical Biology: Neurobiology
107B484,Het College van Bestuur van de Radboud Universiteit Nijmegen,114A127,Radboud Universiteit Nijmegen (RU) Faculteit der NWI,OPLEIDING,1001O6234,59325,,NVAO,Biology,Biology,2018-09-01,,WO-BA,BACHELOR,180,6,6,GETUIGSCHRIFT,Stichting Radboud Universiteit,Pre-master Science for Sustainability,,Pre-Master's Science for Sustainability,VOLTIJD,ENG,2025-09-01,,2026-09-01,,,,,GEEN_DEFICIENTIES,GEEN_EISEN,GEEN_PROPEDEUTISCHE_FASE,GEEN_STUDIEKEUZE_CHECK,GEEN_VERSNELD_TRAJECT,af04d25a-53fc-4569-be12-1896e7d7f7b3,af04d25a-53fc-4569-be12-1896e7d7f7b3,114X875,Houtlaan,Nijmegen,Pre-master Science for Sustainability
107B484,Het College van Bestuur van de Radboud Universiteit Nijmegen,114A127,Radboud Universiteit Nijmegen (RU) Faculteit der NWI,OPLEIDING,1001O6234,59325,,NVAO,Biology,Biology,2018-09-01,,WO-BA,BACHELOR,180,6,6,GETUIGSCHRIFT,Stichting Radboud Universiteit,Pre-master Tweejarige Educatieve Master Biologie,,Pre-Master's Two-year Educational Master's Biology,VOLTIJD,NLD,2025-09-01,,2026-09-01,,,,,GEEN_DEFICIENTIES,GEEN_EISEN,GEEN_PROPEDEUTISCHE_FASE,GEEN_STUDIEKEUZE_CHECK,GEEN_VERSNELD_TRAJECT,e313673f-b99b-41fd-a1cd-0accb287c37f,e313673f-b99b-41fd-a1cd-0accb287c37f,114X875,Houtlaan,Nijmegen,Pre-master Tweejarige Educatieve Master Biologie
107B484,Het College van Bestuur van de Radboud Universiteit Nijmegen,114A127,Radboud Universiteit Nijmegen (RU) Faculteit der NWI,OPLEIDING,1001O6235,59326,,NVAO,Computing Science,Computing Science,2018-09-01,,WO-BA,BACHELOR,180,6,6,GETUIGSCHRIFT,Stichting Radboud Universiteit,Informatica,,Computing Science,VOLTIJD,ENG,2018-09-01,,2026-09-01,,,,,GEEN_DEFICIENTIES,GEEN_EISEN,GEEN_PROPEDEUTISCHE_FASE,STUDIEKEUZE_CHECK_VAN_TOEPASSING,GEEN_VERSNELD_TRAJECT,27fb5a14-b164-4f20-b5fe-f019854836c2,27fb5a14-b164-4f20-b5fe-f019854836c2,114X875,Houtlaan,Nijmegen,B Computing Science
107B484,Het College van Bestuur van de Radboud Universiteit Nijmegen,114A127,Radboud Universiteit Nijmegen (RU) Faculteit der NWI,OPLEIDING,1001O6235,59326,,NVAO,Computing Science,Computing Science,2018-09-01,,WO-BA,BACHELOR,180,6,6,GETUIGSCHRIFT,Stichting Radboud Universiteit,Pre-master Computing Science: Cyber Security and AI,,Pre-Master's Computing Science: Cyber Security and AI,VOLTIJD,ENG,2023-09-01,,2026-09-01,,,,,GEEN_DEFICIENTIES,GEEN_EISEN,GEEN_PROPEDEUTISCHE_FASE,GEEN_STUDIEKEUZE_CHECK,GEEN_VERSNELD_TRAJECT,5fc104cc-63ae-4c2d-bad5-ece4a4342590,5fc104cc-63ae-4c2d-bad5-ece4a4342590,114X875,Houtlaan,Nijmegen,Pre-master Computing Science: Cyber Security & AI
107B484,Het College van Bestuur van de Radboud Universiteit Nijmegen,114A127,Radboud Universiteit Nijmegen (RU) Faculteit der NWI,OPLEIDING,1001O6235,59326,,NVAO,Computing Science,Computing Science,2018-09-01,,WO-BA,BACHELOR,180,6,6,GETUIGSCHRIFT,Stichting Radboud Universiteit,Pre-master Computing Science: Cyber Security,,Pre-Master's Computing Science: Cyber Security,VOLTIJD,ENG,2022-09-01,,2026-09-01,,,,,GEEN_DEFICIENTIES,GEEN_EISEN,GEEN_PROPEDEUTISCHE_FASE,GEEN_STUDIEKEUZE_CHECK,GEEN_VERSNELD_TRAJECT,8d19f761-6a96-4890-ab05-5cbfbbc84a12,8d19f761-6a96-4890-ab05-5cbfbbc84a12,114X875,Houtlaan,Nijmegen,Pre-master Computing Science: Cyber Security
107B484,Het College van Bestuur van de Radboud Universiteit Nijmegen,114A127,Radboud Universiteit Nijmegen (RU) Faculteit der NWI,OPLEIDING,1001O6235,59326,,NVAO,Computing Science,Computing Science,2018-09-01,,WO-BA,BACHELOR,180,6,6,GETUIGSCHRIFT,Stichting Radboud Universiteit,Pre-master Computing Science: Data Science and AI,,Pre-Master's Computing Science: Data Science and AI,VOLTIJD,NLD,2026-09-01,,2026-09-01,,,,,GEEN_DEFICIENTIES,GEEN_EISEN,GEEN_PROPEDEUTISCHE_FASE,GEEN_STUDIEKEUZE_CHECK,GEEN_VERSNELD_TRAJECT,e4a27e9f-c62a-4a0c-b35a-3ca775ad6457,e4a27e9f-c62a-4a0c-b35a-3ca775ad6457,114X875,Houtlaan,Nijmegen,Pre-master Computing Science: Data Science and AI
107B484,Het College van Bestuur van de Radboud Universiteit Nijmegen,114A127,Radboud Universiteit Nijmegen (RU) Faculteit der NWI,OPLEIDING,1001O6235,59326,,NVAO,Computing Science,Computing Science,2018-09-01,,WO-BA,BACHELOR,180,6,6,GETUIGSCHRIFT,Stichting Radboud Universiteit,Pre-master Computing Science: Mathematical Foundations of Computer Science,,Pre-Master's Computing Science: Mathematical Foundations of Computer Science,VOLTIJD,ENG,2022-09-01,,2026-09-01,,,,,GEEN_DEFICIENTIES,GEEN_EISEN,GEEN_PROPEDEUTISCHE_FASE,GEEN_STUDIEKEUZE_CHECK,GEEN_VERSNELD_TRAJECT,66a8e6b8-6107-4265-9c4f-d26a2807ebeb,66a8e6b8-6107-4265-9c4f-d26a2807ebeb,114X875,Houtlaan,Nijmegen,Pre-master Computing Science: MFCS
107B484,Het College van Bestuur van de Radboud Universiteit Nijmegen,114A127,Radboud Universiteit Nijmegen (RU) Faculteit der NWI,OPLEIDING,1001O6235,59326,,NVAO,Computing Science,Computing Science,2018-09-01,,WO-BA,BACHELOR,180,6,6,GETUIGSCHRIFT,Stichting Radboud Universiteit,Pre-master Computing Science: Software Science,,Pre-Master's Computing Science: Software Science,VOLTIJD,ENG,2022-09-01,,2026-09-01,,,,,GEEN_DEFICIENTIES,GEEN_EISEN,GEEN_PROPEDEUTISCHE_FASE,GEEN_STUDIEKEUZE_CHECK,GEEN_VERSNELD_TRAJECT,1553a2bb-a6b6-4d11-aa9d-3bb19c91f287,1553a2bb-a6b6-4d11-aa9d-3bb19c91f287,114X875,Houtlaan,Nijmegen,Pre-master Computing Science: Software Science
107B484,Het College van Bestuur van de Radboud Universiteit Nijmegen,114A127,Radboud Universiteit Nijmegen (RU) Faculteit der NWI,OPLEIDING,1001O6235,59326,,NVAO,Computing Science,Computing Science,2018-09-01,,WO-BA,BACHELOR,180,6,6,GETUIGSCHRIFT,Stichting Radboud Universiteit,Pre-master Information Sciences,,Pre-Master's Information Sciences,VOLTIJD,ENG,2021-09-01,,2026-09-01,,,,,GEEN_DEFICIENTIES,GEEN_EISEN,GEEN_PROPEDEUTISCHE_FASE,GEEN_STUDIEKEUZE_CHECK,GEEN_VERSNELD_TRAJECT,a44db278-7bb6-49ee-a929-0c8369065bc6,a44db278-7bb6-49ee-a929-0c8369065bc6,114X875,Houtlaan,Nijmegen,Pre-master Information Sciences
107B484,Het College van Bestuur van de Radboud Universiteit Nijmegen,114A127,Radboud Universiteit Nijmegen (RU) Faculteit der NWI,OPLEIDING,1001O6235,59326,,NVAO,Computing Science,Computing Science,2018-09-01,,WO-BA,BACHELOR,180,6,6,GETUIGSCHRIFT,Stichting Radboud Universiteit,Pre-master Tweejarige Educatieve Master Informatica,,Pre-Master's Two-year Educational Master's Computing Science,VOLTIJD,NLD,2025-09-01,,2026-09-01,,,,,GEEN_DEFICIENTIES,GEEN_EISEN,GEEN_PROPEDEUTISCHE_FASE,GEEN_STUDIEKEUZE_CHECK,GEEN_VERSNELD_TRAJECT,5041ae07-2e6a-47a6-8318-00310abd8a1c,5041ae07-2e6a-47a6-8318-00310abd8a1c,114X875,Houtlaan,Nijmegen,Pre-master Tweejarige Educatieve Master Informatica
107B484,Het College van Bestuur van de Radboud Universiteit Nijmegen,114A128,Radboud Universiteit Nijmegen (RU) Radboud Docenten Academie,OPLEIDING,1001O5672,50290,,NVAO,English Language and Culture,English Language and Culture,2021-09-01,,WO-BA,BACHELOR,180,6,6,GETUIGSCHRIFT,Stichting Radboud Universiteit,Educatieve Minor of Module Engels,,Education Module English,VOLTIJD,NLD,2021-09-01,,2026-09-01,,,,,GEEN_DEFICIENTIES,GEEN_EISEN,GEEN_PROPEDEUTISCHE_FASE,GEEN_STUDIEKEUZE_CHECK,GEEN_VERSNELD_TRAJECT,6be62f7e-bfa4-4c1e-a08f-8490fac54031,6be62f7e-bfa4-4c1e-a08f-8490fac54031,114X875,Houtlaan,Nijmegen,EM Engels na B English Language and Culture
107B484,Het College van Bestuur van de Radboud Universiteit Nijmegen,114A128,Radboud Universiteit Nijmegen (RU) Radboud Docenten Academie,OPLEIDING,1001O5755,50902,,NVAO,Religiewetenschappen,Religious Studies,2004-09-01,,WO-BA,BACHELOR,180,6,6,GETUIGSCHRIFT,Stichting Radboud Universiteit,Educatieve Minor of Module Godsdienst & levensbeschouwing,,Education Module Religious Studies,VOLTIJD,NLD,2017-09-01,,2026-09-01,,,,,GEEN_DEFICIENTIES,GEEN_EISEN,GEEN_PROPEDEUTISCHE_FASE,GEEN_STUDIEKEUZE_CHECK,GEEN_VERSNELD_TRAJECT,5e20bf73-7d48-4043-b697-e3b5b8c90ae6,5e20bf73-7d48-4043-b697-e3b5b8c90ae6,114X875,Houtlaan,Nijmegen,EM Godsdienst & levensbeschouwing na B Religiewetenschappen
107B484,Het College van Bestuur van de Radboud Universiteit Nijmegen,114A128,Radboud Universiteit Nijmegen (RU) Radboud Docenten Academie,OPLEIDING,1001O5809,56003,,NVAO,Griekse en Latijnse Taal en Cultuur,Classics,2002-09-01,,WO-BA,BACHELOR,180,6,6,GETUIGSCHRIFT,Stichting Radboud Universiteit,Educatieve Minor of Module Grieks en Latijn,,Education Module Greek and Latin,VOLTIJD,NLD,2017-09-01,,2026-09-01,,,,,GEEN_DEFICIENTIES,GEEN_EISEN,GEEN_PROPEDEUTISCHE_FASE,GEEN_STUDIEKEUZE_CHECK,GEEN_VERSNELD_TRAJECT,3a1f320b-c91b-4986-95c0-16fdfb034f5c,3a1f320b-c91b-4986-95c0-16fdfb034f5c,114X875,Houtlaan,Nijmegen,EM Grieks en Latijn na B Griekse en Latijnse Taal en Cultuur
107B484,Het College van Bestuur van de Radboud Universiteit Nijmegen,114A128,Radboud Universiteit Nijmegen (RU) Radboud Docenten Academie,OPLEIDING,1001O5822,56034,,NVAO,Geschiedenis,History,2002-09-01,,WO-BA,BACHELOR,180,6,6,GETUIGSCHRIFT,Stichting Radboud Universiteit,Educatieve Minor of Module Geschiedenis,,Education Module History,VOLTIJD,NLD,2017-09-01,,2026-09-01,,,,,GEEN_DEFICIENTIES,GEEN_EISEN,GEEN_PROPEDEUTISCHE_FASE,GEEN_STUDIEKEUZE_CHECK,GEEN_VERSNELD_TRAJECT,276069dc-8856-438a-8541-0bd98204a01b,276069dc-8856-438a-8541-0bd98204a01b,114X875,Houtlaan,Nijmegen,EM Geschiedenis na B Geschiedenis
107B484,Het College van Bestuur van de Radboud Universiteit Nijmegen,114A128,Radboud Universiteit Nijmegen (RU) Radboud Docenten Academie,OPLEIDING,1001O5835,56074,,NVAO,Romaanse Talen en Culturen,Romance Languages and Cultures,2003-09-01,,WO-BA,BACHELOR,180,6,6,GETUIGSCHRIFT,Stichting Radboud Universiteit,Educatieve Minor of Module Frans,,Education Module French,VOLTIJD,NLD,2017-09-01,,2026-09-01,,,,,GEEN_DEFICIENTIES,GEEN_EISEN,GEEN_PROPEDEUTISCHE_FASE,GEEN_STUDIEKEUZE_CHECK,GEEN_VERSNELD_TRAJECT,7dcc9328-d9ea-47e7-a2bb-d839237a5b16,7dcc9328-d9ea-47e7-a2bb-d839237a5b16,114X875,Houtlaan,Nijmegen,EM Frans na B Romaanse Talen en Culturen
107B484,Het College van Bestuur van de Radboud Universiteit Nijmegen,114A128,Radboud Universiteit Nijmegen (RU) Radboud Docenten Academie,OPLEIDING,1001O5835,56074,,NVAO,Romaanse Talen en Culturen,Romance Languages and Cultures,2003-09-01,,WO-BA,BACHELOR,180,6,6,GETUIGSCHRIFT,Stichting Radboud Universiteit,Educatieve Minor of Module Spaans,,Education Module Spanish,VOLTIJD,NLD,2017-09-01,,2026-09-01,,,,,GEEN_DEFICIENTIES,GEEN_EISEN,GEEN_PROPEDEUTISCHE_FASE,GEEN_STUDIEKEUZE_CHECK,GEEN_VERSNELD_TRAJECT,d48e1edc-e906-4db9-bcd4-f7a23f10dde7,d48e1edc-e906-4db9-bcd4-f7a23f10dde7,114X875,Houtlaan,Nijmegen,EM Spaans na B Romaanse Talen en Culturen
107B484,Het College van Bestuur van de Radboud Universiteit Nijmegen,114A128,Radboud Universiteit Nijmegen (RU) Radboud Docenten Academie,OPLEIDING,1001O5857,56109,,NVAO,Theologie,Theology,2002-09-01,,WO-BA,BACHELOR,180,6,6,GETUIGSCHRIFT,Stichting Radboud Universiteit,Educatieve Minor of Module Godsdienst & levensbeschouwing,,Education Module Religious Studies,VOLTIJD,NLD,2017-09-01,,2026-09-01,,,,,GEEN_DEFICIENTIES,GEEN_EISEN,GEEN_PROPEDEUTISCHE_FASE,GEEN_STUDIEKEUZE_CHECK,GEEN_VERSNELD_TRAJECT,938916a7-f351-42c9-b9df-c9e9363cbe35,938916a7-f351-42c9-b9df-c9e9363cbe35,114X875,Houtlaan,Nijmegen,EM Godsdienst & levensbeschouwing na B Theologie
107B484,Het College van Bestuur van de Radboud Universiteit Nijmegen,114A128,Radboud Universiteit Nijmegen (RU) Radboud Docenten Academie,OPLEIDING,1001O6003,56804,,NVAO,Nederlandse Taal en Cultuur,Dutch Language and Culture,2002-09-01,,WO-BA,BACHELOR,180,6,6,GETUIGSCHRIFT,Stichting Radboud Universiteit,Educatieve Minor of Module Nederlands,,Education Module Dutch,VOLTIJD,NLD,2017-09-01,,2026-09-01,,,,,GEEN_DEFICIENTIES,GEEN_EISEN,GEEN_PROPEDEUTISCHE_FASE,GEEN_STUDIEKEUZE_CHECK,GEEN_VERSNELD_TRAJECT,ca36259f-5163-4d00-8ba6-585408fc522d,ca36259f-5163-4d00-8ba6-585408fc522d,114X875,Houtlaan,Nijmegen,EM Nederlands na B Nederlandse Taal en Cultuur
107B484,Het College van Bestuur van de Radboud Universiteit Nijmegen,114A128,Radboud Universiteit Nijmegen (RU) Radboud Docenten Academie,OPLEIDING,1001O6009,56805,,NVAO,Duitse Taal en Cultuur,German Language and Culture,2002-09-01,,WO-BA,BACHELOR,180,6,6,GETUIGSCHRIFT,Stichting Radboud Universiteit,Educatieve Minor of Module Duits,,Education Module German,VOLTIJD,NLD,2017-09-01,,2026-09-01,,,,,GEEN_DEFICIENTIES,GEEN_EISEN,GEEN_PROPEDEUTISCHE_FASE,GEEN_STUDIEKEUZE_CHECK,GEEN_VERSNELD_TRAJECT,acf2d7a2-1384-4b5e-8d3d-17289bd36035,acf2d7a2-1384-4b5e-8d3d-17289bd36035,114X875,Houtlaan,Nijmegen,EM Duits na B Duitse Taal en Cultuur
107B484,Het College van Bestuur van de Radboud Universiteit Nijmegen,114A128,Radboud Universiteit Nijmegen (RU) Radboud Docenten Academie,OPLEIDING,1001O6126,56943,,NVAO,Chemistry,Chemistry,2017-09-01,,WO-BA,BACHELOR,180,6,6,GETUIGSCHRIFT,Stichting Radboud Universiteit,Educatieve Minor of Module Scheikunde,,Education Module Chemistry,VOLTIJD,NLD,2017-09-01,,2026-09-01,,,,,GEEN_DEFICIENTIES,GEEN_EISEN,GEEN_PROPEDEUTISCHE_FASE,GEEN_STUDIEKEUZE_CHECK,GEEN_VERSNELD_TRAJECT,a6c7a6c8-c314-4c8a-badc-29090e946534,a6c7a6c8-c314-4c8a-badc-29090e946534,114X875,Houtlaan,Nijmegen,EM Scheikunde na B Chemistry
107B484,Het College van Bestuur van de Radboud Universiteit Nijmegen,114A128,Radboud Universiteit Nijmegen (RU) Radboud Docenten Academie,OPLEIDING,1001O6127,56944,,NVAO,Molecular Life Sciences,Molecular Life Sciences,2017-09-01,,WO-BA,BACHELOR,180,6,6,GETUIGSCHRIFT,Stichting Radboud Universiteit,Educatieve Minor of Module Scheikunde,,Education Module Chemistry,VOLTIJD,NLD,2017-09-01,,2026-09-01,,,,,GEEN_DEFICIENTIES,GEEN_EISEN,GEEN_PROPEDEUTISCHE_FASE,GEEN_STUDIEKEUZE_CHECK,GEEN_VERSNELD_TRAJECT,b77d1c3b-b48f-450c-9b19-05d2979dd873,b77d1c3b-b48f-450c-9b19-05d2979dd873,114X875,Houtlaan,Nijmegen,EM Scheikunde na B Molecular Life Sciences
107B484,Het College van Bestuur van de Radboud Universiteit Nijmegen,114A128,Radboud Universiteit Nijmegen (RU) Radboud Docenten Academie,OPLEIDING,1001O6131,56947,,NVAO,"Geografie, Planologie en Milieu","Geography, Spatial Planning and Environment",2012-09-01,,WO-BA,BACHELOR,180,6,6,GETUIGSCHRIFT,Stichting Radboud Universiteit,Educatieve Minor of Module Aardrijkskunde,,Education Module Geography,VOLTIJD,NLD,2017-09-01,,2026-09-01,,,,,GEEN_DEFICIENTIES,GEEN_EISEN,GEEN_PROPEDEUTISCHE_FASE,GEEN_STUDIEKEUZE_CHECK,GEEN_VERSNELD_TRAJECT,78c0c01b-d3b5-4192-b453-480d94d247ab,78c0c01b-d3b5-4192-b453-480d94d247ab,114X875,Houtlaan,Nijmegen,"EM Aardrijkskunde na B Geografie, Planologie en Milieu"
107B484,Het College van Bestuur van de Radboud Universiteit Nijmegen,114A128,Radboud Universiteit Nijmegen (RU) Radboud Docenten Academie,OPLEIDING,1001O6132,56948,,NVAO,Natural Sciences,Natural Sciences,2012-09-01,,WO-BA,BACHELOR,180,6,6,GETUIGSCHRIFT,Stichting Radboud Universiteit,Educatieve Minor of Module Natuurkunde,,Education Module Physics,VOLTIJD,NLD,2017-09-01,,2026-09-01,,,,,GEEN_DEFICIENTIES,GEEN_EISEN,GEEN_PROPEDEUTISCHE_FASE,GEEN_STUDIEKEUZE_CHECK,GEEN_VERSNELD_TRAJECT,077d7011-5da8-4ae4-ae5a-509b262d901e,077d7011-5da8-4ae4-ae5a-509b262d901e,114X875,Houtlaan,Nijmegen,EM Natuurkunde na B Natural Sciences
107B484,Het College van Bestuur van de Radboud Universiteit Nijmegen,114A128,Radboud Universiteit Nijmegen (RU) Radboud Docenten Academie,OPLEIDING,1001O6132,56948,,NVAO,Natural Sciences,Natural Sciences,2012-09-01,,WO-BA,BACHELOR,180,6,6,GETUIGSCHRIFT,Stichting Radboud Universiteit,Educatieve Minor of Module Scheikunde,,Education Module Chemistry,VOLTIJD,NLD,2017-09-01,,2026-09-01,,,,,GEEN_DEFICIENTIES,GEEN_EISEN,GEEN_PROPEDEUTISCHE_FASE,GEEN_STUDIEKEUZE_CHECK,GEEN_VERSNELD_TRAJECT,a5b93c5c-d06e-4147-90c5-e89ce6f093e0,a5b93c5c-d06e-4147-90c5-e89ce6f093e0,114X875,Houtlaan,Nijmegen,EM Scheikunde na B Natural Sciences
107B484,Het College van Bestuur van de Radboud Universiteit Nijmegen,114A128,Radboud Universiteit Nijmegen (RU) Radboud Docenten Academie,OPLEIDING,1001O6181,56980,,NVAO,Wiskunde,Mathematics,2002-09-01,,WO-BA,BACHELOR,180,6,6,GETUIGSCHRIFT,Stichting Radboud Universiteit,Educatieve Minor of Module Wiskunde,,Education Module Mathematics,VOLTIJD,NLD,2017-09-01,,2026-09-01,,,,,GEEN_DEFICIENTIES,GEEN_EISEN,GEEN_PROPEDEUTISCHE_FASE,GEEN_STUDIEKEUZE_CHECK,GEEN_VERSNELD_TRAJECT,e410b5e5-594b-434e-865a-b436c6b4c228,e410b5e5-594b-434e-865a-b436c6b4c228,114X875,Houtlaan,Nijmegen,EM Wiskunde na B Wiskunde
107B484,Het College van Bestuur van de Radboud Universiteit Nijmegen,114A128,Radboud Universiteit Nijmegen (RU) Radboud Docenten Academie,OPLEIDING,1001O6193,56984,,NVAO,Natuur- en Sterrenkunde,Physics and Astronomy,2002-09-01,,WO-BA,BACHELOR,180,6,6,GETUIGSCHRIFT,Stichting Radboud Universiteit,Educatieve Minor of Module Natuurkunde,,Education Module Physics,VOLTIJD,NLD,2017-09-01,,2026-09-01,,,,,GEEN_DEFICIENTIES,GEEN_EISEN,GEEN_PROPEDEUTISCHE_FASE,GEEN_STUDIEKEUZE_CHECK,GEEN_VERSNELD_TRAJECT,b0832a3c-1aa7-4afc-8abd-d15dc37a90a4,b0832a3c-1aa7-4afc-8abd-d15dc37a90a4,114X875,Houtlaan,Nijmegen,EM Natuurkunde na B Natuur- en Sterrenkunde
107B484,Het College van Bestuur van de Radboud Universiteit Nijmegen,114A128,Radboud Universiteit Nijmegen (RU) Radboud Docenten Academie,OPLEIDING,1001O6234,59325,,NVAO,Biology,Biology,2018-09-01,,WO-BA,BACHELOR,180,6,6,GETUIGSCHRIFT,Stichting Radboud Universiteit,Educatieve Minor of Module Biologie,,Education Module Biology,VOLTIJD,NLD,2018-09-01,,2026-09-01,,,,,GEEN_DEFICIENTIES,GEEN_EISEN,GEEN_PROPEDEUTISCHE_FASE,GEEN_STUDIEKEUZE_CHECK,GEEN_VERSNELD_TRAJECT,33280ca2-f297-463f-b135-8c20efa81147,33280ca2-f297-463f-b135-8c20efa81147,114X875,Houtlaan,Nijmegen,EM Biologie na B Biology
107B484,Het College van Bestuur van de Radboud Universiteit Nijmegen,114A128,Radboud Universiteit Nijmegen (RU) Radboud Docenten Academie,OPLEIDING,1001O6235,59326,,NVAO,Computing Science,Computing Science,2018-09-01,,WO-BA,BACHELOR,180,6,6,GETUIGSCHRIFT,Stichting Radboud Universiteit,Educatieve Minor of Module Informatica,,Educatieve Module Computing Science,VOLTIJD,NLD,2018-09-01,,2026-09-01,,,,,GEEN_DEFICIENTIES,GEEN_EISEN,GEEN_PROPEDEUTISCHE_FASE,GEEN_STUDIEKEUZE_CHECK,GEEN_VERSNELD_TRAJECT,a891f9ae-e1de-4a9a-a0d3-1ad907b80287,a891f9ae-e1de-4a9a-a0d3-1ad907b80287,114X875,Houtlaan,Nijmegen,EM Informatica na B Computing Science
107B484,Het College van Bestuur van de Radboud Universiteit Nijmegen,114A129,Radboud Universiteit Nijmegen (RU) Faculteit der Sociale Wetenschappen,OPLEIDING,1001O5655,50035,,NVAO,Culturele Antropologie en Ontwikkelingssociologie,Cultural Anthropology and Development Sociology,2009-09-01,,WO-BA,BACHELOR,180,6,6,GETUIGSCHRIFT,Stichting Radboud Universiteit,Culturele Antropologie en Ontwikkelingssociologie,,Cultural Anthropology and Development Sociology,VOLTIJD,NLD,2009-09-01,,2026-09-01,,,,,GEEN_DEFICIENTIES,GEEN_EISEN,GEEN_PROPEDEUTISCHE_FASE,STUDIEKEUZE_CHECK_VAN_TOEPASSING,GEEN_VERSNELD_TRAJECT,6d3cbfeb-8779-4bc5-b479-e36783d2fca8,6d3cbfeb-8779-4bc5-b479-e36783d2fca8,114X875,Houtlaan,Nijmegen,B Culturele Antropologie en Ontwikkelingssociologie
107B484,Het College van Bestuur van de Radboud Universiteit Nijmegen,114A129,Radboud Universiteit Nijmegen (RU) Faculteit der Sociale Wetenschappen,OPLEIDING,1001O5655,50035,,NVAO,Culturele Antropologie en Ontwikkelingssociologie,Cultural Anthropology and Development Sociology,2009-09-01,,WO-BA,BACHELOR,180,6,6,GETUIGSCHRIFT,Stichting Radboud Universiteit,Pre-master Anthropology and Development Studies,,Pre-Master's Anthropology and Development Studies,VOLTIJD,NLD,2019-09-01,,2026-09-01,,,,,GEEN_DEFICIENTIES,GEEN_EISEN,GEEN_PROPEDEUTISCHE_FASE,GEEN_STUDIEKEUZE_CHECK,GEEN_VERSNELD_TRAJECT,3449ed9a-2652-487e-9879-0d4aca606bfa,3449ed9a-2652-487e-9879-0d4aca606bfa,114X875,Houtlaan,Nijmegen,Pre-master Anthropology and Development Studies
107B484,Het College van Bestuur van de Radboud Universiteit Nijmegen,114A129,Radboud Universiteit Nijmegen (RU) Faculteit der Sociale Wetenschappen,OPLEIDING,1001O5655,50035,,NVAO,Culturele Antropologie en Ontwikkelingssociologie,Cultural Anthropology and Development Sociology,2009-09-01,,WO-BA,BACHELOR,180,6,6,GETUIGSCHRIFT,Stichting Radboud Universiteit,Pre-master Intersectional Gender Studies,,Pre-Master's Intersectional Gender Studies,VOLTIJD,ENG,2026-09-01,,2026-09-01,,,,,GEEN_DEFICIENTIES,GEEN_EISEN,GEEN_PROPEDEUTISCHE_FASE,GEEN_STUDIEKEUZE_CHECK,GEEN_VERSNELD_TRAJECT,3f428c6e-0e39-4dce-8294-9d685f9be243,3f428c6e-0e39-4dce-8294-9d685f9be243,114X875,Houtlaan,Nijmegen,Pre-master Intersectional Gender Studies
107B484,Het College van Bestuur van de Radboud Universiteit Nijmegen,114A129,Radboud Universiteit Nijmegen (RU) Faculteit der Sociale Wetenschappen,OPLEIDING,1001O5926,56601,,NVAO,Sociologie,Sociology,2002-09-01,,WO-BA,BACHELOR,180,6,6,GETUIGSCHRIFT,Stichting Radboud Universiteit,Pre-master 1 jarige lerarenopleiding RDA-FSW,,Pre-Master's 1 year Teaching RDA-FSW,VOLTIJD,NLD,2021-09-01,,2026-09-01,,,,,GEEN_DEFICIENTIES,GEEN_EISEN,GEEN_PROPEDEUTISCHE_FASE,GEEN_STUDIEKEUZE_CHECK,GEEN_VERSNELD_TRAJECT,dea425b3-225c-4c6b-8ff4-b250b069f46e,dea425b3-225c-4c6b-8ff4-b250b069f46e,114X875,Houtlaan,Nijmegen,Pre-master 1jarige lerarenopleiding RDA-FSW
107B484,Het College van Bestuur van de Radboud Universiteit Nijmegen,114A129,Radboud Universiteit Nijmegen (RU) Faculteit der Sociale Wetenschappen,OPLEIDING,1001O5926,56601,,NVAO,Sociologie,Sociology,2002-09-01,,WO-BA,BACHELOR,180,6,6,GETUIGSCHRIFT,Stichting Radboud Universiteit,Pre-master Sociologie,,Pre-Master's Sociology,VOLTIJD,NLD,2019-09-01,,2026-09-01,,,,,GEEN_DEFICIENTIES,GEEN_EISEN,GEEN_PROPEDEUTISCHE_FASE,GEEN_STUDIEKEUZE_CHECK,GEEN_VERSNELD_TRAJECT,1964c972-9504-4b86-ba5f-637b516c330a,1964c972-9504-4b86-ba5f-637b516c330a,114X875,Houtlaan,Nijmegen,Pre-master Sociologie
107B484,Het College van Bestuur van de Radboud Universiteit Nijmegen,114A129,Radboud Universiteit Nijmegen (RU) Faculteit der Sociale Wetenschappen,OPLEIDING,1001O5926,56601,,NVAO,Sociologie,Sociology,2002-09-01,,WO-BA,BACHELOR,180,6,6,GETUIGSCHRIFT,Stichting Radboud Universiteit,Sociologie,,Sociology,VOLTIJD,NLD,2002-09-01,,2026-09-01,,,,,GEEN_DEFICIENTIES,GEEN_EISEN,GEEN_PROPEDEUTISCHE_FASE,STUDIEKEUZE_CHECK_VAN_TOEPASSING,GEEN_VERSNELD_TRAJECT,a47a4d00-7fcf-4092-acac-656f1a48813f,a47a4d00-7fcf-4092-acac-656f1a48813f,114X875,Houtlaan,Nijmegen,B Sociologie
107B484,Het College van Bestuur van de Radboud Universiteit Nijmegen,114A129,Radboud Universiteit Nijmegen (RU) Faculteit der Sociale Wetenschappen,OPLEIDING,1001O5936,56604,,NVAO,Psychologie,Psychology,2002-09-01,,WO-BA,BACHELOR,180,6,6,GETUIGSCHRIFT,Stichting Radboud Universiteit,Psychologie,,Psychology,VOLTIJD,"ENG,NLD",2002-09-01,,,,,,,GEEN_DEFICIENTIES,GEEN_EISEN,GEEN_PROPEDEUTISCHE_FASE,GEEN_STUDIEKEUZE_CHECK,GEEN_VERSNELD_TRAJECT,d951cde7-5665-4448-9d01-36f543fc1a4d,d951cde7-5665-4448-9d01-36f543fc1a4d,114X875,Houtlaan,Nijmegen,B Psychologie
107B484,Het College van Bestuur van de Radboud Universiteit Nijmegen,114A129,Radboud Universiteit Nijmegen (RU) Faculteit der Sociale Wetenschappen,OPLEIDING,1001O5949,56607,,NVAO,Pedagogische Wetenschappen,Pedagogical Sciences,2002-09-01,,WO-BA,BACHELOR,180,6,6,GETUIGSCHRIFT,Stichting Radboud Universiteit,Pre-master Onderwijswetenschappen,,Pre-Master's Educational Sciences,VOLTIJD,NLD,2019-09-01,,2026-09-01,,,,,GEEN_DEFICIENTIES,GEEN_EISEN,GEEN_PROPEDEUTISCHE_FASE,GEEN_STUDIEKEUZE_CHECK,GEEN_VERSNELD_TRAJECT,37a8e620-9131-46f4-bcb7-1b2ce5e33c3f,37a8e620-9131-46f4-bcb7-1b2ce5e33c3f,114X875,Houtlaan,Nijmegen,Pre-master Onderwijswetenschappen
107B484,Het College van Bestuur van de Radboud Universiteit Nijmegen,114A129,Radboud Universiteit Nijmegen (RU) Faculteit der Sociale Wetenschappen,OPLEIDING,1001O5949,56607,,NVAO,Pedagogische Wetenschappen,Pedagogical Sciences,2002-09-01,,WO-BA,BACHELOR,180,6,6,GETUIGSCHRIFT,Stichting Radboud Universiteit,Pre-master Pedagogische Wetenschappen: Orthopedagogiek,,Pre-Master's Pedagogical Sciences: Remedial Educationalist,VOLTIJD,NLD,2022-09-01,,2026-09-01,,,,,GEEN_DEFICIENTIES,GEEN_EISEN,GEEN_PROPEDEUTISCHE_FASE,GEEN_STUDIEKEUZE_CHECK,GEEN_VERSNELD_TRAJECT,69c0783d-3b9b-4458-8607-e10112f68461,69c0783d-3b9b-4458-8607-e10112f68461,114X875,Houtlaan,Nijmegen,Pre-master Pedagogische Wetenschappen: Orthopedagogiek
107B484,Het College van Bestuur van de Radboud Universiteit Nijmegen,114A129,Radboud Universiteit Nijmegen (RU) Faculteit der Sociale Wetenschappen,OPLEIDING,1001O5949,56607,,NVAO,Pedagogische Wetenschappen,Pedagogical Sciences,2002-09-01,,WO-BA,BACHELOR,180,6,6,GETUIGSCHRIFT,Stichting Radboud Universiteit,Pre-master Pedagogische Wetenschappen: Pedagogiek,,Pre-Master's Pedagogical Sciences: Pedagogy,VOLTIJD,NLD,2022-09-01,,2026-09-01,,,,,GEEN_DEFICIENTIES,GEEN_EISEN,GEEN_PROPEDEUTISCHE_FASE,GEEN_STUDIEKEUZE_CHECK,GEEN_VERSNELD_TRAJECT,541e84f6-c6e9-49fe-b7ad-b98bfcfeab1c,541e84f6-c6e9-49fe-b7ad-b98bfcfeab1c,114X875,Houtlaan,Nijmegen,Pre-master Pedagogische Wetenschappen: Pedagogiek
107B484,Het College van Bestuur van de Radboud Universiteit Nijmegen,114A129,Radboud Universiteit Nijmegen (RU) Faculteit der Sociale Wetenschappen,OPLEIDING,1001O5961,56615,,NVAO,Communicatiewetenschap,Communication Science,2002-09-01,,WO-BA,BACHELOR,180,6,6,GETUIGSCHRIFT,Stichting Radboud Universiteit,Communicatiewetenschap,,Communication Science,VOLTIJD,NLD,2002-09-01,,2026-09-01,,,,,GEEN_DEFICIENTIES,GEEN_EISEN,GEEN_PROPEDEUTISCHE_FASE,STUDIEKEUZE_CHECK_VAN_TOEPASSING,GEEN_VERSNELD_TRAJECT,1c8b8b4c-cf63-4407-ae06-831a72b033fa,1c8b8b4c-cf63-4407-ae06-831a72b033fa,114X875,Houtlaan,Nijmegen,B Communicatiewetenschap
107B484,Het College van Bestuur van de Radboud Universiteit Nijmegen,114A129,Radboud Universiteit Nijmegen (RU) Faculteit der Sociale Wetenschappen,OPLEIDING,1001O5961,56615,,NVAO,Communicatiewetenschap,Communication Science,2002-09-01,,WO-BA,BACHELOR,180,6,6,GETUIGSCHRIFT,Stichting Radboud Universiteit,Pre-master Communicatiewetenschap,,Pre-Master's Communication Science,VOLTIJD,NLD,2019-09-01,,2026-09-01,,,,,GEEN_DEFICIENTIES,GEEN_EISEN,GEEN_PROPEDEUTISCHE_FASE,GEEN_STUDIEKEUZE_CHECK,GEEN_VERSNELD_TRAJECT,ead3c1b7-527e-4133-b3e5-736279aa9c1e,ead3c1b7-527e-4133-b3e5-736279aa9c1e,114X875,Houtlaan,Nijmegen,Pre-master Communicatiewetenschap
107B484,Het College van Bestuur van de Radboud Universiteit Nijmegen,114A129,Radboud Universiteit Nijmegen (RU) Faculteit der Sociale Wetenschappen,OPLEIDING,1001O6129,56945,,NVAO,Artificial Intelligence,Artificial Intelligence,2017-09-01,,WO-BA,BACHELOR,180,6,6,GETUIGSCHRIFT,Stichting Radboud Universiteit,Artificial Intelligence,,Artificial Intelligence,VOLTIJD,ENG,2017-09-01,,2026-09-01,,,,,GEEN_DEFICIENTIES,GEEN_EISEN,GEEN_PROPEDEUTISCHE_FASE,STUDIEKEUZE_CHECK_VAN_TOEPASSING,GEEN_VERSNELD_TRAJECT,70132c6d-8164-4ebf-8988-776eb1f3e9ec,70132c6d-8164-4ebf-8988-776eb1f3e9ec,114X875,Houtlaan,Nijmegen,B Artificial Intelligence
107B484,Het College van Bestuur van de Radboud Universiteit Nijmegen,114A129,Radboud Universiteit Nijmegen (RU) Faculteit der Sociale Wetenschappen,OPLEIDING,1001O6129,56945,,NVAO,Artificial Intelligence,Artificial Intelligence,2017-09-01,,WO-BA,BACHELOR,180,6,6,GETUIGSCHRIFT,Stichting Radboud Universiteit,Pre-master Artificial Intelligence: Human Centered Intelligent Systems,,Pre-Master's Artificial Intelligence: Human Centered Intelligent Systems,VOLTIJD,ENG,2026-09-01,,2026-09-01,,,,,GEEN_DEFICIENTIES,GEEN_EISEN,GEEN_PROPEDEUTISCHE_FASE,GEEN_STUDIEKEUZE_CHECK,GEEN_VERSNELD_TRAJECT,f9435872-b8af-42ca-88e9-f0483f8c1e46,f9435872-b8af-42ca-88e9-f0483f8c1e46,114X875,Houtlaan,Nijmegen,Pre-master AI: Human Centered Intelligent Systems
107B484,Het College van Bestuur van de Radboud Universiteit Nijmegen,114A129,Radboud Universiteit Nijmegen (RU) Faculteit der Sociale Wetenschappen,OPLEIDING,1001O6129,56945,,NVAO,Artificial Intelligence,Artificial Intelligence,2017-09-01,,WO-BA,BACHELOR,180,6,6,GETUIGSCHRIFT,Stichting Radboud Universiteit,Pre-master Artificial Intelligence: Machine Learning and Neural Computing,,Pre-Master's Artificial Intelligence: Machine Learning and Neural Computing,VOLTIJD,ENG,2026-09-01,,2026-09-01,,,,,GEEN_DEFICIENTIES,GEEN_EISEN,GEEN_PROPEDEUTISCHE_FASE,GEEN_STUDIEKEUZE_CHECK,GEEN_VERSNELD_TRAJECT,e124f577-9d8e-439d-9b14-4cbf66e63a58,e124f577-9d8e-439d-9b14-4cbf66e63a58,114X875,Houtlaan,Nijmegen,Pre-master AI: Machine Learning and Neural Computing
107B484,Het College van Bestuur van de Radboud Universiteit Nijmegen,114A129,Radboud Universiteit Nijmegen (RU) Faculteit der Sociale Wetenschappen,OPLEIDING,1001O6238,59329,,NVAO,Pedagogische Wetenschappen van Primair Onderwijs,Pedagogical Sciences of Primary Education,2018-09-01,,WO-BA,BACHELOR,180,6,6,GETUIGSCHRIFT,Stichting Radboud Universiteit,Pedagogische Wetenschappen van Primair Onderwijs,,Pedagogical Sciences of Primary Education,VOLTIJD,NLD,2018-09-01,,2026-09-01,,,,,GEEN_DEFICIENTIES,GEEN_EISEN,GEEN_PROPEDEUTISCHE_FASE,STUDIEKEUZE_CHECK_VAN_TOEPASSING,GEEN_VERSNELD_TRAJECT,cd7688bc-b4e0-4843-8cef-8c680ff4135b,cd7688bc-b4e0-4843-8cef-8c680ff4135b,114X875,Houtlaan,Nijmegen,B Pedagogische Wetenschappen van Primair Onderwijs
107B484,Het College van Bestuur van de Radboud Universiteit Nijmegen,114A129,Radboud Universiteit Nijmegen (RU) Faculteit der Sociale Wetenschappen,OPLEIDING,1001O6238,59329,,NVAO,Pedagogische Wetenschappen van Primair Onderwijs,Pedagogical Sciences of Primary Education,2018-09-01,,WO-BA,BACHELOR,180,6,6,GETUIGSCHRIFT,Stichting Radboud Universiteit,Pre-master Curriculumontwikkeling voor Primair Onderwijs,,Pre-Master's Pedagogical Sciences of Primary Education,VOLTIJD,NLD,2022-09-01,,2026-09-01,,,,,GEEN_DEFICIENTIES,GEEN_EISEN,GEEN_PROPEDEUTISCHE_FASE,GEEN_STUDIEKEUZE_CHECK,GEEN_VERSNELD_TRAJECT,9b3a1823-0a83-4256-a13e-b1a600ab6e6d,9b3a1823-0a83-4256-a13e-b1a600ab6e6d,114X875,Houtlaan,Nijmegen,Pre-master Curriculumontwikkeling voor Primair Onderwijs
107B484,Het College van Bestuur van de Radboud Universiteit Nijmegen,114A129,Radboud Universiteit Nijmegen (RU) Faculteit der Sociale Wetenschappen,OPLEIDING,1001O8935,59349,,NVAO,Humane Neurowetenschappen,Human Neuroscience,2026-09-01,,WO-BA,BACHELOR,180,6,6,GETUIGSCHRIFT,Stichting Radboud Universiteit,Humane Neurowetenschappen,,Human Neuroscience,VOLTIJD,NLD,2026-09-01,,2026-09-01,,,,,GEEN_DEFICIENTIES,GEEN_EISEN,GEEN_PROPEDEUTISCHE_FASE,STUDIEKEUZE_CHECK_VAN_TOEPASSING,GEEN_VERSNELD_TRAJECT,05ad0343-1cdb-4cfc-a11f-336f8c969fc3,05ad0343-1cdb-4cfc-a11f-336f8c969fc3,114X875,Houtlaan,Nijmegen,B Humane Neurowetenschappen
107B484,Het College van Bestuur van de Radboud Universiteit Nijmegen,114A129,Radboud Universiteit Nijmegen (RU) Faculteit der Sociale Wetenschappen,VARIANT,1015O6471,,56607,NVAO,Pedagogische Wetenschappen,Pedagogical Sciences,,,WO-BA,BACHELOR,180,6,6,DIPLOMA,Stichting Radboud Universiteit,Pedagogische Wetenschappen,,Pedagogical Sciences,VOLTIJD,NLD,2002-09-01,,2026-09-01,,,,,GEEN_DEFICIENTIES,GEEN_EISEN,GEEN_PROPEDEUTISCHE_FASE,STUDIEKEUZE_CHECK_VAN_TOEPASSING,GEEN_VERSNELD_TRAJECT,7f547bc1-99df-41cc-827e-d7904235cae7,7f547bc1-99df-41cc-827e-d7904235cae7,114X875,Houtlaan,Nijmegen,B Pedagogische Wetenschappen
107B484,Het College van Bestuur van de Radboud Universiteit Nijmegen,114A129,Radboud Universiteit Nijmegen (RU) Faculteit der Sociale Wetenschappen,VARIANT,1015O6472,,56607,NVAO,Academische Leraren Opleiding Pedagogische Wetenschappen,Academic Programme in Teaching Pedagogical Sciences,,,WO-BA,BACHELOR,180,6,6,DIPLOMA,Stichting Radboud Universiteit,Academische Leraren Opleiding Pedagogische Wetenschappen,,Academic Programme in Teaching Pedagogical Sciences,VOLTIJD,NLD,2012-09-01,,2026-09-01,,,,,GEEN_DEFICIENTIES,GEEN_EISEN,GEEN_PROPEDEUTISCHE_FASE,STUDIEKEUZE_CHECK_VAN_TOEPASSING,GEEN_VERSNELD_TRAJECT,380880e7-2f3d-42f1-8351-0978f76eed5a,380880e7-2f3d-42f1-8351-0978f76eed5a,114X875,Houtlaan,Nijmegen,B ALPO Pedagogische Wetenschappen
107B487,Theologische Universiteit Apeldoorn,113A677,Theologische Universiteit Apeldoorn,OPLEIDING,1001O5859,56109,,NVAO,Theologie,,2002-09-01,,WO-BA,BACHELOR,180,6,6,GETUIGSCHRIFT,Theologische Universiteit van de Christelijke Gereformeerde Kerken,Bachelor Theologie,,,VOLTIJD,NLD,2023-09-01,2029-08-30,2023-09-01,,https://www.tua.nl/nl/onderwijs/o/bachelor-theologie,,,,,GEEN_PROPEDEUTISCHE_FASE,GEEN_STUDIEKEUZE_CHECK,,e4de27b6-ec9d-46b7-a9f0-7ade138b1ed3,,113X461,Wilhelminapark,Apeldoorn,
107B523,Universiteit Twente,114A514,Universiteit Twente,VARIANT,1015O6816,,,,Bachelor Civil Engineering,Bachelor Civil Engineering,,,WO-BA,BACHELOR,,6,6,DIPLOMA,Universiteit Twente,Bachelor Civil Engineering,,Bachelor Civil Engineering,VOLTIJD,ENG,2021-09-01,,2022-09-01,,,,,GEEN_DEFICIENTIES,GEEN_EISEN,GEEN_PROPEDEUTISCHE_FASE,STUDIEKEUZE_CHECK_VAN_TOEPASSING,GEEN_VERSNELD_TRAJECT,378a7b38-6d8e-4e6f-8050-7d9af08a60d6,378a7b38-6d8e-4e6f-8050-7d9af08a60d6,,,,Civil Engineering
107B523,Universiteit Twente,114A514,Universiteit Twente,VARIANT,1015O6818,,50439,NVAO,Bachelor Mechanical Engineering,Bachelor Mechanical Engineering,,,WO-BA,BACHELOR,180,6,6,DIPLOMA,Universiteit Twente,Bachelor Mechanical Engineering,,Bachelor Mechanical Engineering,VOLTIJD,ENG,2021-09-01,,2022-09-01,,,,,GEEN_DEFICIENTIES,GEEN_EISEN,GEEN_PROPEDEUTISCHE_FASE,STUDIEKEUZE_CHECK_VERPLICHT,GEEN_VERSNELD_TRAJECT,02531414-1515-43f1-9589-77cbad138cbb,02531414-1515-43f1-9589-77cbad138cbb,,,,Mechanical Engineering
107B523,Universiteit Twente,114A514,Universiteit Twente,VARIANT,1015O6821,,50447,NVAO,Bachelor Creative Technology,Bachelor Creative Technology,,,WO-BA,BACHELOR,180,6,6,DIPLOMA,Universiteit Twente,Bachelor Creative Technology,,Bachelor Creative Technology,VOLTIJD,ENG,2021-03-17,,,,,,,GEEN_DEFICIENTIES,GEEN_EISEN,GEEN_PROPEDEUTISCHE_FASE,STUDIEKEUZE_CHECK_VERPLICHT,GEEN_VERSNELD_TRAJECT,10dc9743-58ff-c392-e063-0f10140a1489,10dc9743-58ff-c392-e063-0f10140a1489,,,,Creative Technology
107B523,Universiteit Twente,114A514,Universiteit Twente,VARIANT,1015O6822,,50447,NVAO,Bachelor Creative Technology - Amsterdam (VU-UT),Bachelor Creative Technology - Amsterdam (VU-UT),,,WO-BA,BACHELOR,180,6,6,DIPLOMA,Universiteit Twente,Bachelor Creative Technology - Amsterdam (VU-UT),,Bachelor Creative Technology - Amsterdam (VU-UT),VOLTIJD,ENG,2021-12-20,,,,,,,GEEN_DEFICIENTIES,GEEN_EISEN,GEEN_PROPEDEUTISCHE_FASE,STUDIEKEUZE_CHECK_VERPLICHT,GEEN_VERSNELD_TRAJECT,10dc9743-5906-c392-e063-0f10140a1489,10dc9743-5906-c392-e063-0f10140a1489,,,,Creative Technology
107B523,Universiteit Twente,114A514,Universiteit Twente,VARIANT,1015O7322,,50439,NVAO,Bachelor Mechanical Engineering - Amsterdam (VU-UT),Bachelor Mechanical Engineering - Amsterdam (VU-UT),,,WO-BA,BACHELOR,180,6,6,DIPLOMA,Universiteit Twente,Bachelor Mechanical Engineering - Amsterdam (VU-UT),,Bachelor Mechanical Engineering - Amsterdam (VU-UT),VOLTIJD,ENG,2021-09-01,,2022-09-01,,,,,GEEN_DEFICIENTIES,GEEN_EISEN,GEEN_PROPEDEUTISCHE_FASE,STUDIEKEUZE_CHECK_VERPLICHT,GEEN_VERSNELD_TRAJECT,95ca715a-1938-470b-a64c-8469337f322b,95ca715a-1938-470b-a64c-8469337f322b,,,,Mechanical Engineering
107B542,Stiching Breda University of Applied Sciences,113A870,Breda University of Applied Sciences,VARIANT,1015O8177,,50756,NVAO,Bachelor of Science Leisure Studies,Bachelor of Science Leisure Studies,,,WO-BA,BACHELOR,180,6,6,DIPLOMA,Stichting Breda University of Applied Sciences,Bachelor of Science Leisure Studies,,Bachelor of Science Leisure Studies,VOLTIJD,ENG,2009-09-01,,2009-09-01,,,,,GEEN_DEFICIENTIES,GEEN_EISEN,GEEN_PROPEDEUTISCHE_FASE,STUDIEKEUZE_CHECK_VAN_TOEPASSING,GEEN_VERSNELD_TRAJECT,5bf9f89a-f360-4727-8e0e-8a2586e33d9b,5bf9f89a-f360-4727-8e0e-8a2586e33d9b,,,,International Leisure Sciences
107B542,Stiching Breda University of Applied Sciences,113A870,Breda University of Applied Sciences,VARIANT,1015O8178,,50756,NVAO,Pre-Master Leisure and Tourism Studies,Pre-Master Leisure and Tourism Studies,,,WO-BA,BACHELOR,180,6,6,GEEN_OFFICIEEL_DOCUMENT,Stichting Breda University of Applied Sciences,Pre-Master Leisure and Tourism Studies,,Pre-Master Leisure and Tourism Studies,VOLTIJD,ENG,2016-09-01,,2020-09-01,,,,,GEEN_DEFICIENTIES,GEEN_EISEN,GEEN_PROPEDEUTISCHE_FASE,GEEN_STUDIEKEUZE_CHECK,GEEN_VERSNELD_TRAJECT,10d5b881-2520-4aae-a0d0-e2621a592b8e,10d5b881-2520-4aae-a0d0-e2621a592b8e,,,,Pre-Master Leisure and Tourism Studies
107B544,Stichting Universiteit voor Humanistiek,109A997,Universiteit voor Humanistiek,OPLEIDING,1001O5853,56105,,NVAO,Humanistiek,Humanistic Studies,2003-09-01,,WO-BA,BACHELOR,180,6,6,GETUIGSCHRIFT,Stichting Universiteit voor Humanistiek,Humanistiek,,,VOLTIJD,NLD,2003-09-01,,,,,,,GEEN_DEFICIENTIES,GEEN_EISEN,GEEN_PROPEDEUTISCHE_FASE,STUDIEKEUZE_CHECK_VAN_TOEPASSING,GEEN_VERSNELD_TRAJECT,8df0e92e-4b18-4ff0-a995-25ce46f61de9,8df0e92e-4b18-4ff0-a995-25ce46f61de9,110X813,Kromme Nieuwegracht,Utrecht,
107B576,Erasmus Universiteit Rotterdam,114A337,Erasmus Universiteit Rotterdam,OPLEIDING,1001O5679,50374,,NVAO,International Bachelor's Programme in Communication and Media,,2009-09-01,,WO-BA,BACHELOR,180,6,6,GETUIGSCHRIFT,Erasmus Universiteit Rotterdam,Premaster Media Studies,,Premaster Media Studies,VOLTIJD,NLD,2026-08-14,,2027-09-01,,,,,GEEN_DEFICIENTIES,GEEN_EISEN,GEEN_PROPEDEUTISCHE_FASE,GEEN_STUDIEKEUZE_CHECK,GEEN_VERSNELD_TRAJECT,bb4b3738-8444-4889-a610-4ef9de1a1097,bb4b3738-8444-4889-a610-4ef9de1a1097,,,,Premaster Media Studies
107B576,Erasmus Universiteit Rotterdam,114A337,Erasmus Universiteit Rotterdam,OPLEIDING,1001O5682,50393,,NVAO,Liberal Arts and Sciences,Liberal Arts and Sciences,2012-10-15,,WO-BA,BACHELOR,180,6,6,GETUIGSCHRIFT,Erasmus Universiteit Rotterdam,Liberal Arts and Sciences,,Liberal Arts and Sciences,VOLTIJD,ENG,2012-10-15,,2025-09-01,,,,,GEEN_DEFICIENTIES,GEEN_EISEN,GEEN_PROPEDEUTISCHE_FASE,GEEN_STUDIEKEUZE_CHECK,GEEN_VERSNELD_TRAJECT,fe068847-5f37-4cd2-b244-bdb98f3e0f96,fe068847-5f37-4cd2-b244-bdb98f3e0f96,,,,Liberal Arts and Sciences
107B576,Erasmus Universiteit Rotterdam,114A337,Erasmus Universiteit Rotterdam,OPLEIDING,1001O5682,50393,,NVAO,Liberal Arts and Sciences,Liberal Arts and Sciences,2012-10-15,,WO-BA,BACHELOR,180,6,6,GETUIGSCHRIFT,Erasmus Universiteit Rotterdam,Liberal Arts and Sciences,,Liberal Arts and Sciences,VOLTIJD,ENG,2012-10-15,,2026-09-01,,https://www.eur.nl/en/bachelor/liberal-arts-and-sciences,,,GEEN_DEFICIENTIES,GEEN_EISEN,GEEN_PROPEDEUTISCHE_FASE,GEEN_STUDIEKEUZE_CHECK,GEEN_VERSNELD_TRAJECT,0cda5cdf-a7f0-248e-e063-6ff1ff0a9669,0cda5cdf-a7f0-248e-e063-6ff1ff0a9669,,,,Liberal Arts and Sciences
107B576,Erasmus Universiteit Rotterdam,114A337,Erasmus Universiteit Rotterdam,OPLEIDING,1001O5900,56469,,NVAO,Criminologie,,2002-09-01,,WO-BA,BACHELOR,180,6,6,GETUIGSCHRIFT,Erasmus Universiteit Rotterdam,Criminologie,,Criminologie,VOLTIJD,NLD,2002-09-01,,2026-09-01,,https://www.eur.nl/bachelor/criminologie,,,GEEN_DEFICIENTIES,GEEN_EISEN,GEEN_PROPEDEUTISCHE_FASE,GEEN_STUDIEKEUZE_CHECK,GEEN_VERSNELD_TRAJECT,0c4d7e3e-b032-4de4-e063-6ff1ff0ac940,0c4d7e3e-b032-4de4-e063-6ff1ff0ac940,,,,Criminologie
107B576,Erasmus Universiteit Rotterdam,114A337,Erasmus Universiteit Rotterdam,OPLEIDING,1001O6063,56827,,NVAO,Fiscaal Recht,Tax Law,2002-09-01,,WO-BA,BACHELOR,180,6,6,GETUIGSCHRIFT,Erasmus Universiteit Rotterdam,Fiscaal Recht,,Fiscaal Recht,VOLTIJD,NLD,2002-09-01,,2026-09-01,,https://www.eur.nl/bachelor/fiscaal-recht,,,GEEN_DEFICIENTIES,GEEN_EISEN,GEEN_PROPEDEUTISCHE_FASE,STUDIEKEUZE_CHECK_VERPLICHT,GEEN_VERSNELD_TRAJECT,0bad61cb-023d-5d99-e063-6ff1ff0aab5f,0bad61cb-023d-5d99-e063-6ff1ff0aab5f,,,,Fiscaal Recht
107B576,Erasmus Universiteit Rotterdam,114A337,Erasmus Universiteit Rotterdam,OPLEIDING,1001O6216,57084,,NVAO,Filosofie van een Bepaald Wetenschapsgebied,Philosophy of a Specific Discipline,2002-09-01,,WO-BA,BACHELOR,180,6,6,GETUIGSCHRIFT,Erasmus Universiteit Rotterdam,Filosofie van een Bepaald Wetenschapsgebied,,Filosofie van een Bepaald Wetenschapsgebied,VOLTIJD,NLD,2002-09-01,,2026-09-01,,https://www.eur.nl/bachelor/bachelor-philosophy-specific-discipline,,,GEEN_DEFICIENTIES,GEEN_EISEN,GEEN_PROPEDEUTISCHE_FASE,STUDIEKEUZE_CHECK_VAN_TOEPASSING,GEEN_VERSNELD_TRAJECT,0cda5cdf-a844-248e-e063-6ff1ff0a9669,0cda5cdf-a844-248e-e063-6ff1ff0a9669,,,,Filosofie van een Bepaald Wetenschapsgebied
107B576,Erasmus Universiteit Rotterdam,114A337,Erasmus Universiteit Rotterdam,VARIANT,1015O5157,,50374,NVAO,Communication and Media,Communication and Media,,,WO-BA,BACHELOR,180,6,6,DIPLOMA,Erasmus Universiteit Rotterdam,International Bachelor Communication and Media,,International Bachelor Communication and Media,VOLTIJD,ENG,2009-09-01,,2026-09-01,,https://www.eur.nl/en/bachelor/international-bachelor-communication-and-media,,,GEEN_DEFICIENTIES,GEEN_EISEN,GEEN_PROPEDEUTISCHE_FASE,STUDIEKEUZE_CHECK_VAN_TOEPASSING,GEEN_VERSNELD_TRAJECT,0cda5cdf-a80c-248e-e063-6ff1ff0a9669,0cda5cdf-a80c-248e-e063-6ff1ff0a9669,,,,International Bachelor Communication and Media
107B576,Erasmus Universiteit Rotterdam,114A337,Erasmus Universiteit Rotterdam,VARIANT,1015O5159,,50645,NVAO,Bedrijfskunde,Business Administration,,,WO-BA,BACHELOR,180,6,6,DIPLOMA,Erasmus Universiteit Rotterdam,Bedrijfskunde,,Bedrijfskunde,VOLTIJD,NLD,2009-09-01,,2026-09-01,,https://www.eur.nl/bachelor/bedrijfskunde,,,GEEN_DEFICIENTIES,GEEN_EISEN,GEEN_PROPEDEUTISCHE_FASE,STUDIEKEUZE_CHECK_VERPLICHT,GEEN_VERSNELD_TRAJECT,0bac182b-828d-5088-e063-6ff1ff0a75e4,0bac182b-828d-5088-e063-6ff1ff0a75e4,,,,Bedrijfskunde
107B576,Erasmus Universiteit Rotterdam,114A337,Erasmus Universiteit Rotterdam,VARIANT,1015O5160,,50700,NVAO,Rechtsgeleerdheid,Law,,,WO-BA,BACHELOR,180,6,6,DIPLOMA,Erasmus Universiteit Rotterdam,Rechtsgeleerdheid,,Rechtsgeleerdheid,VOLTIJD,NLD,2009-09-01,,2026-09-01,,https://www.eur.nl/bachelor/rechtsgeleerdheid/aansluitende-masters,,,GEEN_DEFICIENTIES,GEEN_EISEN,GEEN_PROPEDEUTISCHE_FASE,STUDIEKEUZE_CHECK_VERPLICHT,GEEN_VERSNELD_TRAJECT,0bac182b-8294-5088-e063-6ff1ff0a75e4,0bac182b-8294-5088-e063-6ff1ff0a75e4,,,,Rechtsgeleerdheid
107B576,Erasmus Universiteit Rotterdam,114A337,Erasmus Universiteit Rotterdam,VARIANT,1015O5161,,50950,NVAO,Economie en Bedrijfseconomie,Economics and Business Economics,,,WO-BA,BACHELOR,180,6,6,DIPLOMA,Erasmus Universiteit Rotterdam,Economie en Bedrijfseconomie,,Economie en Bedrijfseconomie,VOLTIJD,NLD,2002-09-01,,2026-09-01,,https://www.eur.nl/bachelor/economie-en-bedrijfseconomie,,,GEEN_DEFICIENTIES,GEEN_EISEN,GEEN_PROPEDEUTISCHE_FASE,STUDIEKEUZE_CHECK_VERPLICHT,GEEN_VERSNELD_TRAJECT,0bac182b-82a3-5088-e063-6ff1ff0a75e4,0bac182b-82a3-5088-e063-6ff1ff0a75e4,,,,Economie en Bedrijfseconomie
107B576,Erasmus Universiteit Rotterdam,114A337,Erasmus Universiteit Rotterdam,VARIANT,1015O5162,,50950,NVAO,International Bachelor Economics and Business Economics,International Bachelor Economics and Business Economics,,,WO-BA,BACHELOR,180,6,6,DIPLOMA,Erasmus Universiteit Rotterdam,International Bachelor Economics and Business Economics,,International Bachelor Economics and Business Economics,VOLTIJD,ENG,2020-09-08,,2026-09-01,,https://www.eur.nl/en/bachelor/international-bachelor-economics-and-business-economics,,,GEEN_DEFICIENTIES,GEEN_EISEN,GEEN_PROPEDEUTISCHE_FASE,GEEN_STUDIEKEUZE_CHECK,GEEN_VERSNELD_TRAJECT,0bac182b-82aa-5088-e063-6ff1ff0a75e4,0bac182b-82aa-5088-e063-6ff1ff0a75e4,,,,International Bachelor Economics and Business Economics
107B576,Erasmus Universiteit Rotterdam,114A337,Erasmus Universiteit Rotterdam,VARIANT,1015O5163,,50950,NVAO,BSc2 Economics,BSc2 Economics,,,WO-BA,BACHELOR,180,6,6,DIPLOMA,Erasmus Universiteit Rotterdam,BSc2 Economics,,BSc2 Economics,VOLTIJD,ENG,2020-09-08,,2026-09-01,,https://www.eur.nl/en/bachelor/double-bachelor-bsc2-econometrics-and-economics,,,GEEN_DEFICIENTIES,GEEN_EISEN,GEEN_PROPEDEUTISCHE_FASE,GEEN_STUDIEKEUZE_CHECK,GEEN_VERSNELD_TRAJECT,0bac182b-82b1-5088-e063-6ff1ff0a75e4,0bac182b-82b1-5088-e063-6ff1ff0a75e4,,,,BSc2 Economics
107B576,Erasmus Universiteit Rotterdam,114A337,Erasmus Universiteit Rotterdam,VARIANT,1015O5164,,50952,NVAO,International Business Administration,International Business Administration,,,WO-BA,BACHELOR,180,6,6,DIPLOMA,Erasmus Universiteit Rotterdam,International Business Administration,,International Business Administration,VOLTIJD,ENG,2002-09-01,,2025-09-01,,https://www.eur.nl/en/bachelor/bachelor-international-business-administration,,,GEEN_DEFICIENTIES,GEEN_EISEN,GEEN_PROPEDEUTISCHE_FASE,GEEN_STUDIEKEUZE_CHECK,GEEN_VERSNELD_TRAJECT,0bac182b-82ba-5088-e063-6ff1ff0a75e4,0bac182b-82ba-5088-e063-6ff1ff0a75e4,,,,International Business Administration
107B576,Erasmus Universiteit Rotterdam,114A337,Erasmus Universiteit Rotterdam,VARIANT,1015O5165,,56034,NVAO,Geschiedenis,History,,,WO-BA,BACHELOR,180,6,6,DIPLOMA,Erasmus Universiteit Rotterdam,Geschiedenis,,Geschiedenis,VOLTIJD,NLD,2002-09-01,,2026-09-01,,https://www.eur.nl/bachelor/geschiedenis,,,GEEN_DEFICIENTIES,GEEN_EISEN,GEEN_PROPEDEUTISCHE_FASE,STUDIEKEUZE_CHECK_VAN_TOEPASSING,GEEN_VERSNELD_TRAJECT,0cda5cdf-a7fe-248e-e063-6ff1ff0a9669,0cda5cdf-a7fe-248e-e063-6ff1ff0a9669,,,,Geschiedenis
107B576,Erasmus Universiteit Rotterdam,114A337,Erasmus Universiteit Rotterdam,VARIANT,1015O5166,,56034,NVAO,Internationale Bachelor Geschiedenis,International Bachelor History,,,WO-BA,BACHELOR,180,6,6,DIPLOMA,Erasmus Universiteit Rotterdam,International Bachelor History,,International Bachelor History,VOLTIJD,ENG,2020-09-08,,2026-09-01,,https://www.eur.nl/en/bachelor/international-bachelor-history,,,GEEN_DEFICIENTIES,GEEN_EISEN,GEEN_PROPEDEUTISCHE_FASE,STUDIEKEUZE_CHECK_VAN_TOEPASSING,GEEN_VERSNELD_TRAJECT,0bac182b-82cc-5088-e063-6ff1ff0a75e4,0bac182b-82cc-5088-e063-6ff1ff0a75e4,,,,International Bachelor History
107B576,Erasmus Universiteit Rotterdam,114A337,Erasmus Universiteit Rotterdam,VARIANT,1015O5167,,56081,NVAO,Filosofie,Philosophy,,,WO-BA,BACHELOR,180,6,6,DIPLOMA,Erasmus Universiteit Rotterdam,Filosofie,,Filosofie,VOLTIJD,NLD,2002-09-01,,2026-09-01,,https://www.eur.nl/bachelor/filosofie/aansluitende-masters,,,GEEN_DEFICIENTIES,GEEN_EISEN,GEEN_PROPEDEUTISCHE_FASE,GEEN_STUDIEKEUZE_CHECK,GEEN_VERSNELD_TRAJECT,0cda5cdf-a837-248e-e063-6ff1ff0a9669,0cda5cdf-a837-248e-e063-6ff1ff0a9669,,,,Filosofie
107B576,Erasmus Universiteit Rotterdam,114A337,Erasmus Universiteit Rotterdam,VARIANT,1015O5170,,56402,NVAO,Fiscale Economie,Economics and Taxation,,,WO-BA,BACHELOR,180,6,6,DIPLOMA,Erasmus Universiteit Rotterdam,Fiscale Economie,,Fiscale Economie,VOLTIJD,NLD,2002-09-01,2029-08-31,2025-09-01,,https://www.eur.nl/bachelor/fiscale-economie,,,GEEN_DEFICIENTIES,GEEN_EISEN,GEEN_PROPEDEUTISCHE_FASE,STUDIEKEUZE_CHECK_VERPLICHT,GEEN_VERSNELD_TRAJECT,0bad51c1-b436-4e64-e063-6ff1ff0aea47,0bad51c1-b436-4e64-e063-6ff1ff0aea47,,,,Fiscale Economie
107B576,Erasmus Universiteit Rotterdam,114A337,Erasmus Universiteit Rotterdam,VARIANT,1015O5175,,56551,NVAO,Geneeskunde,Medicine,,,WO-BA,BACHELOR,180,6,6,DIPLOMA,Erasmus Universiteit Rotterdam,Geneeskunde,,Geneeskunde,VOLTIJD,NLD,2008-09-01,,2026-09-01,,https://www.eur.nl/bachelor/geneeskunde,,,GEEN_DEFICIENTIES,GEEN_EISEN,GEEN_PROPEDEUTISCHE_FASE,GEEN_STUDIEKEUZE_CHECK,GEEN_VERSNELD_TRAJECT,0c3c9cab-3b7a-5b69-e063-6ff1ff0ab90b,0c3c9cab-3b7a-5b69-e063-6ff1ff0ab90b,,,,Geneeskunde
107B576,Erasmus Universiteit Rotterdam,114A337,Erasmus Universiteit Rotterdam,VARIANT,1015O5176,,56553,NVAO,Gezondheidswetenschappen,Health Policy & Management,,,WO-BA,BACHELOR,180,6,6,DIPLOMA,Erasmus Universiteit Rotterdam,Gezondheidswetenschappen,,Gezondheidswetenschappen,VOLTIJD,NLD,2002-09-08,,2026-09-01,,https://www.eur.nl/eshpm/bachelor/gezondheidswetenschappen-beleid-management-gezondheidszorg-bmg,,,GEEN_DEFICIENTIES,GEEN_EISEN,GEEN_PROPEDEUTISCHE_FASE,GEEN_STUDIEKEUZE_CHECK,GEEN_VERSNELD_TRAJECT,0bad61cb-01dc-5d99-e063-6ff1ff0aab5f,0bad61cb-01dc-5d99-e063-6ff1ff0aab5f,,,,Gezondheidswetenschappen
107B576,Erasmus Universiteit Rotterdam,114A337,Erasmus Universiteit Rotterdam,VARIANT,1015O5177,,56601,NVAO,Bachelor Sociologie,Bachelor of Sociology,,,WO-BA,BACHELOR,180,6,6,DIPLOMA,Erasmus Universiteit Rotterdam,Bachelor Sociologie,,Bachelor Sociologie,VOLTIJD,NLD,2002-09-01,,2026-09-01,,https://www.eur.nl/bachelor/sociologie,,,GEEN_DEFICIENTIES,GEEN_EISEN,GEEN_PROPEDEUTISCHE_FASE,STUDIEKEUZE_CHECK_VAN_TOEPASSING,GEEN_VERSNELD_TRAJECT,0cda5cdf-a829-248e-e063-6ff1ff0a9669,0cda5cdf-a829-248e-e063-6ff1ff0a9669,,,,Bachelor Sociologie
107B576,Erasmus Universiteit Rotterdam,114A337,Erasmus Universiteit Rotterdam,VARIANT,1015O5180,,56607,NVAO,Bachelor Pedagogische Wetenschappen,Bachelor of Pedagogical Sciences,,,WO-BA,BACHELOR,180,6,6,DIPLOMA,Erasmus Universiteit Rotterdam,Bachelor Pedagogische Wetenschappen,,Bachelor Pedagogische Wetenschappen,VOLTIJD,NLD,2011-09-01,,2026-09-01,,https://www.eur.nl/bachelor/pedagogische-wetenschappen,,,GEEN_DEFICIENTIES,GEEN_EISEN,GEEN_PROPEDEUTISCHE_FASE,STUDIEKEUZE_CHECK_VAN_TOEPASSING,GEEN_VERSNELD_TRAJECT,0cda5cdf-a821-248e-e063-6ff1ff0a9669,0cda5cdf-a821-248e-e063-6ff1ff0a9669,,,,Bachelor Pedagogische Wetenschappen
107B576,Erasmus Universiteit Rotterdam,114A337,Erasmus Universiteit Rotterdam,VARIANT,1015O5181,,56607,NVAO,Academische Pabo,,,,WO-BA,BACHELOR,180,6,6,DIPLOMA,Erasmus Universiteit Rotterdam,Academische Pabo,,,VOLTIJD,NLD,2020-12-04,,2023-09-01,,,,,GEEN_DEFICIENTIES,GEEN_EISEN,PROPEDEUTISCHE_FASE_ZONDER_EXAMEN,GEEN_STUDIEKEUZE_CHECK,GEEN_VERSNELD_TRAJECT,0cda5cdf-a7d9-248e-e063-6ff1ff0a9669,0cda5cdf-a7d9-248e-e063-6ff1ff0a9669,,,,
107B576,Erasmus Universiteit Rotterdam,114A337,Erasmus Universiteit Rotterdam,VARIANT,1015O5182,,56627,NVAO,Bachelor Bestuurskunde,Bachelor of Public Administration,,,WO-BA,BACHELOR,180,6,6,DIPLOMA,Erasmus Universiteit Rotterdam,Bachelor Bestuurskunde,,Bachelor Bestuurskunde,VOLTIJD,NLD,2002-09-01,,2026-09-01,,https://www.eur.nl/bachelor/bestuurskunde,,,GEEN_DEFICIENTIES,GEEN_EISEN,GEEN_PROPEDEUTISCHE_FASE,STUDIEKEUZE_CHECK_VAN_TOEPASSING,GEEN_VERSNELD_TRAJECT,0cda5cdf-a7e9-248e-e063-6ff1ff0a9669,0cda5cdf-a7e9-248e-e063-6ff1ff0a9669,,,,Bachelor Bestuurskunde
107B576,Erasmus Universiteit Rotterdam,114A337,Erasmus Universiteit Rotterdam,VARIANT,1015O5183,,56627,NVAO,Bachelor in Management of International Social Challenges,Bachelor in Management of International Social Challenges,,,WO-BA,BACHELOR,180,6,6,DIPLOMA,Erasmus Universiteit Rotterdam,Bachelor in Management of International Social Challenges,,Bachelor in Management of International Social Challenges,VOLTIJD,ENG,2020-09-08,,2026-09-01,,https://www.eur.nl/en/bachelor/management-international-social-challenges,,,GEEN_DEFICIENTIES,GEEN_EISEN,GEEN_PROPEDEUTISCHE_FASE,STUDIEKEUZE_CHECK_VAN_TOEPASSING,GEEN_VERSNELD_TRAJECT,0cda5cdf-a813-248e-e063-6ff1ff0a9669,0cda5cdf-a813-248e-e063-6ff1ff0a9669,,,,Bachelor in Management of International Social Challenges
107B576,Erasmus Universiteit Rotterdam,114A337,Erasmus Universiteit Rotterdam,VARIANT,1015O5184,,56823,NVAO,International Bachelor Arts and Culture Studies,International Bachelor Arts and Culture Studies,,,WO-BA,BACHELOR,180,6,6,DIPLOMA,Erasmus Universiteit Rotterdam,International Bachelor Arts and Culture Studies,,International Bachelor Arts and Culture Studies,VOLTIJD,ENG,2002-09-01,,2026-09-01,,https://www.eur.nl/en/bachelor/international-bachelor-arts-and-culture-studies,,,GEEN_DEFICIENTIES,GEEN_EISEN,GEEN_PROPEDEUTISCHE_FASE,STUDIEKEUZE_CHECK_VAN_TOEPASSING,GEEN_VERSNELD_TRAJECT,0cda5cdf-a805-248e-e063-6ff1ff0a9669,0cda5cdf-a805-248e-e063-6ff1ff0a9669,,,,International Bachelor Arts and Culture Studies
107B576,Erasmus Universiteit Rotterdam,114A337,Erasmus Universiteit Rotterdam,VARIANT,1015O5187,,56833,NVAO,Econometrie en Operationele Research,Econometrics and Operations Research,,,WO-BA,BACHELOR,180,6,6,DIPLOMA,Erasmus Universiteit Rotterdam,Econometrie en Operationele Research,,Econometrie en Operationele Research,VOLTIJD,NLD,2009-09-01,,2026-09-01,,https://www.eur.nl/bachelor/econometrie-en-operationele-research,,,GEEN_DEFICIENTIES,GEEN_EISEN,GEEN_PROPEDEUTISCHE_FASE,STUDIEKEUZE_CHECK_VERPLICHT,GEEN_VERSNELD_TRAJECT,0bad61cb-024a-5d99-e063-6ff1ff0aab5f,0bad61cb-024a-5d99-e063-6ff1ff0aab5f,,,,Econometrie en Operationele Research
107B576,Erasmus Universiteit Rotterdam,114A337,Erasmus Universiteit Rotterdam,VARIANT,1015O5188,,56833,NVAO,International Bachelor Econometrics and Operations Research,International Bachelor Econometrics and Operations Research,,,WO-BA,BACHELOR,180,6,6,DIPLOMA,Erasmus Universiteit Rotterdam,International Bachelor Econometrics and Operations Research,,International Bachelor Econometrics and Operations Research,VOLTIJD,ENG,2020-09-08,,2026-09-01,,,,,GEEN_DEFICIENTIES,GEEN_EISEN,GEEN_PROPEDEUTISCHE_FASE,GEEN_STUDIEKEUZE_CHECK,GEEN_VERSNELD_TRAJECT,0bad61cb-0252-5d99-e063-6ff1ff0aab5f,0bad61cb-0252-5d99-e063-6ff1ff0aab5f,,,,International Bachelor Econometrics and Operations Research
107B576,Erasmus Universiteit Rotterdam,114A337,Erasmus Universiteit Rotterdam,VARIANT,1015O5189,,56833,NVAO,BSc2 Econometrics,BSc2 Econometrics,,,WO-BA,BACHELOR,180,6,6,DIPLOMA,Erasmus Universiteit Rotterdam,BSc2 Econometrics,,BSc2 Econometrics,VOLTIJD,NLD,2020-09-08,,2026-09-01,,https://www.eur.nl/en/bachelor/double-bachelor-bsc2-econometrics-and-economics,,,GEEN_DEFICIENTIES,GEEN_EISEN,GEEN_PROPEDEUTISCHE_FASE,GEEN_STUDIEKEUZE_CHECK,GEEN_VERSNELD_TRAJECT,0bad61cb-025a-5d99-e063-6ff1ff0aab5f,0bad61cb-025a-5d99-e063-6ff1ff0aab5f,,,,BSc2 Econometrics
107B576,Erasmus Universiteit Rotterdam,114A337,Erasmus Universiteit Rotterdam,VARIANT,1015O5919,,56604,NVAO,Bachelor Psychologie,Bachelor of Psychology,,,WO-BA,BACHELOR,180,6,6,DIPLOMA,Erasmus Universiteit Rotterdam,Bachelor Psychologie,,Bachelor Psychologie,VOLTIJD,NLD,2002-09-01,,2026-09-01,,https://www.eur.nl/bachelor/psychologie,,,GEEN_DEFICIENTIES,GEEN_EISEN,GEEN_PROPEDEUTISCHE_FASE,GEEN_STUDIEKEUZE_CHECK,GEEN_VERSNELD_TRAJECT,0c4d7e3e-b03a-4de4-e063-6ff1ff0ac940,0c4d7e3e-b03a-4de4-e063-6ff1ff0ac940,,,,Bachelor Psychologie
107B576,Erasmus Universiteit Rotterdam,114A337,Erasmus Universiteit Rotterdam,VARIANT,1015O5920,,56604,NVAO,International Bachelor of Psychology,International Bachelor of Psychology,,,WO-BA,BACHELOR,180,6,6,DIPLOMA,Erasmus Universiteit Rotterdam,International Bachelor of Psychology,,International Bachelor of Psychology,VOLTIJD,ENG,2020-09-08,,2026-09-01,,https://www.eur.nl/en/bachelor/international-bachelor-psychology,,,GEEN_DEFICIENTIES,GEEN_EISEN,GEEN_PROPEDEUTISCHE_FASE,GEEN_STUDIEKEUZE_CHECK,GEEN_VERSNELD_TRAJECT,0c4d7e3e-b044-4de4-e063-6ff1ff0ac940,0c4d7e3e-b044-4de4-e063-6ff1ff0ac940,,,,International Bachelor of Psychology
107B576,Erasmus Universiteit Rotterdam,114A337,Erasmus Universiteit Rotterdam,VARIANT,1015O6125,,50950,NVAO,"Premaster Accounting, Auditing & Control","Premaster Accounting, Auditing & Control",,,WO-BA,BACHELOR,180,6,6,DIPLOMA,Erasmus Universiteit Rotterdam,"Premaster Accounting, Auditing & Control",,"Premaster Accounting, Auditing & Control",VOLTIJD,ENG,2018-09-08,,2026-09-01,,https://www.eur.nl/en/ese/education/master/pre-master-programmes/pre-master-accounting-auditing-and-control,,,GEEN_DEFICIENTIES,GEEN_EISEN,GEEN_PROPEDEUTISCHE_FASE,GEEN_STUDIEKEUZE_CHECK,GEEN_VERSNELD_TRAJECT,0cc68985-5f89-4525-e063-6ff1ff0a619b,0cc68985-5f89-4525-e063-6ff1ff0a619b,,,,"Premaster Accounting, Auditing & Control"
107B576,Erasmus Universiteit Rotterdam,114A337,Erasmus Universiteit Rotterdam,VARIANT,1015O6126,,50950,NVAO,Premaster Economics and Business,Premaster Economics and Business,,,WO-BA,BACHELOR,180,6,6,DIPLOMA,Erasmus Universiteit Rotterdam,Premaster Economics and Business,,Premaster Economics and Business,VOLTIJD,NLD,2018-09-01,,2026-09-01,,https://www.eur.nl/en/ese/education/master/pre-master-programmes/pre-master-economics-and-business,,,GEEN_DEFICIENTIES,GEEN_EISEN,GEEN_PROPEDEUTISCHE_FASE,GEEN_STUDIEKEUZE_CHECK,GEEN_VERSNELD_TRAJECT,0cc68985-5f92-4525-e063-6ff1ff0a619b,0cc68985-5f92-4525-e063-6ff1ff0a619b,,,,Premaster Economics and Business
107B576,Erasmus Universiteit Rotterdam,114A337,Erasmus Universiteit Rotterdam,VARIANT,1015O6127,,50374,NVAO,Doorstroomminor Premaster Media Studies,Transfer Minor Premaster Media Studies,,,WO-BA,BACHELOR,180,6,6,DIPLOMA,Erasmus Universiteit Rotterdam,Doorstroomminor Premaster Media Studies,,Doorstroomminor Premaster Media Studies,VOLTIJD,NLD,2020-09-08,,2026-09-01,,https://www.eur.nl/eshcc/doorstroomminor-media-studies,,,GEEN_DEFICIENTIES,GEEN_EISEN,GEEN_PROPEDEUTISCHE_FASE,GEEN_STUDIEKEUZE_CHECK,GEEN_VERSNELD_TRAJECT,0cc68985-5f99-4525-e063-6ff1ff0a619b,0cc68985-5f99-4525-e063-6ff1ff0a619b,,,,Doorstroomminor Premaster Media Studies
107B576,Erasmus Universiteit Rotterdam,114A337,Erasmus Universiteit Rotterdam,VARIANT,1015O6128,,50374,NVAO,Premaster Media & Business,Premaster Media & Business,,,WO-BA,BACHELOR,180,6,6,DIPLOMA,Erasmus Universiteit Rotterdam,Premaster Media & Business,,Premaster Media & Business,VOLTIJD,NLD,2020-09-08,,2026-09-01,,https://www.eur.nl/master/media-business/premaster,,,GEEN_DEFICIENTIES,GEEN_EISEN,GEEN_PROPEDEUTISCHE_FASE,GEEN_STUDIEKEUZE_CHECK,GEEN_VERSNELD_TRAJECT,0cc68985-5fa0-4525-e063-6ff1ff0a619b,0cc68985-5fa0-4525-e063-6ff1ff0a619b,,,,Premaster Media & Business
107B576,Erasmus Universiteit Rotterdam,114A337,Erasmus Universiteit Rotterdam,VARIANT,1015O6130,,50374,NVAO,Premaster Media & Creative Industries,Premaster Media & Creative Industries,,,WO-BA,BACHELOR,180,6,6,DIPLOMA,Erasmus Universiteit Rotterdam,Premaster Media & Creative Industries,,Premaster Media & Creative Industries,VOLTIJD,NLD,2020-09-08,,2026-09-01,,https://www.eur.nl/pre-master/media-studies,,,GEEN_DEFICIENTIES,GEEN_EISEN,GEEN_PROPEDEUTISCHE_FASE,GEEN_STUDIEKEUZE_CHECK,GEEN_VERSNELD_TRAJECT,0cc68985-5fae-4525-e063-6ff1ff0a619b,0cc68985-5fae-4525-e063-6ff1ff0a619b,,,,Premaster Media & Creative Industries
107B576,Erasmus Universiteit Rotterdam,114A337,Erasmus Universiteit Rotterdam,VARIANT,1015O6131,,50374,NVAO,Premaster Media en Journalistiek,Premaster programme Media and Journalism,,,WO-BA,BACHELOR,180,6,6,DIPLOMA,Erasmus Universiteit Rotterdam,Premaster Media en Journalistiek,,Premaster Media en Journalistiek,VOLTIJD,NLD,2020-09-08,,2026-09-01,,https://www.eur.nl/master/media-journalistiek/premaster,,,GEEN_DEFICIENTIES,GEEN_EISEN,GEEN_PROPEDEUTISCHE_FASE,GEEN_STUDIEKEUZE_CHECK,GEEN_VERSNELD_TRAJECT,0cc68985-5fb7-4525-e063-6ff1ff0a619b,0cc68985-5fb7-4525-e063-6ff1ff0a619b,,,,Premaster Media en Journalistiek
107B576,Erasmus Universiteit Rotterdam,114A337,Erasmus Universiteit Rotterdam,VARIANT,1015O6132,,56833,NVAO,International Premaster Econometrics and Management Science,International Premaster Econometrics and Management Science,,,WO-BA,BACHELOR,180,6,6,DIPLOMA,Erasmus Universiteit Rotterdam,International Premaster Econometrics and Management Science,,International Premaster Econometrics and Management Science,VOLTIJD,ENG,2020-09-08,,2026-09-01,,,,,GEEN_DEFICIENTIES,GEEN_EISEN,GEEN_PROPEDEUTISCHE_FASE,GEEN_STUDIEKEUZE_CHECK,GEEN_VERSNELD_TRAJECT,0cc68985-5fbe-4525-e063-6ff1ff0a619b,0cc68985-5fbe-4525-e063-6ff1ff0a619b,,,,International Premaster Econometrics and Management Science
107B576,Erasmus Universiteit Rotterdam,114A337,Erasmus Universiteit Rotterdam,VARIANT,1015O6133,,56833,NVAO,Premaster Econometrie en Management Science,Premaster Econometrics and Management Science,,,WO-BA,BACHELOR,180,6,6,DIPLOMA,Erasmus Universiteit Rotterdam,Premaster Econometrie en Management Science,,Premaster Econometrie en Management Science,VOLTIJD,NLD,2018-09-01,,2026-09-01,,https://www.eur.nl/en/ese/education/master/pre-master-programmes/pre-master-econometrics-and-management-science,,,GEEN_DEFICIENTIES,GEEN_EISEN,GEEN_PROPEDEUTISCHE_FASE,GEEN_STUDIEKEUZE_CHECK,GEEN_VERSNELD_TRAJECT,0cc68985-5fc5-4525-e063-6ff1ff0a619b,0cc68985-5fc5-4525-e063-6ff1ff0a619b,,,,Premaster Econometrie en Management Science
107B576,Erasmus Universiteit Rotterdam,114A337,Erasmus Universiteit Rotterdam,VARIANT,1015O6134,,56402,NVAO,Premaster Fiscale Economie,Premaster Economics and Taxation,,,WO-BA,BACHELOR,180,6,6,DIPLOMA,Erasmus Universiteit Rotterdam,Premaster Fiscale Economie,,Premaster Fiscale Economie,VOLTIJD,NLD,2018-09-01,,2026-09-01,,,,,GEEN_DEFICIENTIES,GEEN_EISEN,GEEN_PROPEDEUTISCHE_FASE,GEEN_STUDIEKEUZE_CHECK,GEEN_VERSNELD_TRAJECT,0cc68985-5fcc-4525-e063-6ff1ff0a619b,0cc68985-5fcc-4525-e063-6ff1ff0a619b,,,,Premaster Fiscale Economie
107B576,Erasmus Universiteit Rotterdam,114A337,Erasmus Universiteit Rotterdam,VARIANT,1015O6135,,56553,NVAO,Premaster Gezondheidswetenschappen,Premaster Gezondheidswetenschappen,,,WO-BA,BACHELOR,180,6,6,DIPLOMA,Erasmus Universiteit Rotterdam,Premaster Gezondheidswetenschappen,,Premaster Gezondheidswetenschappen,VOLTIJD,NLD,2002-09-01,,2026-09-01,,https://www.eur.nl/pre-master/gezondheidswetenschappen-bmg,,,GEEN_DEFICIENTIES,GEEN_EISEN,GEEN_PROPEDEUTISCHE_FASE,GEEN_STUDIEKEUZE_CHECK,GEEN_VERSNELD_TRAJECT,0cc68985-5fd3-4525-e063-6ff1ff0a619b,0cc68985-5fd3-4525-e063-6ff1ff0a619b,,,,Premaster Gezondheidswetenschappen
107B576,Erasmus Universiteit Rotterdam,114A337,Erasmus Universiteit Rotterdam,VARIANT,1015O6136,,56551,NVAO,Premaster Geneeskunde,Premaster Medicine,,,WO-BA,BACHELOR,180,6,6,DIPLOMA,Erasmus Universiteit Rotterdam,Premaster Geneeskunde,,Premaster Geneeskunde,VOLTIJD,NLD,2020-09-08,,2026-09-01,,https://www.eur.nl/erasmusmc/onderwijs/master/premaster,,,GEEN_DEFICIENTIES,GEEN_EISEN,GEEN_PROPEDEUTISCHE_FASE,GEEN_STUDIEKEUZE_CHECK,GEEN_VERSNELD_TRAJECT,0cc68985-5fda-4525-e063-6ff1ff0a619b,0cc68985-5fda-4525-e063-6ff1ff0a619b,,,,Premaster Geneeskunde
107B576,Erasmus Universiteit Rotterdam,114A337,Erasmus Universiteit Rotterdam,VARIANT,1015O6138,,56823,NVAO,Premaster Cultural Economics and Entrepreneurship,Premaster Cultural Economics and Entrepreneurship,,,WO-BA,BACHELOR,180,6,6,DIPLOMA,Erasmus Universiteit Rotterdam,Premaster Cultural Economics and Entrepreneurship,,Premaster Cultural Economics and Entrepreneurship,VOLTIJD,ENG,2020-09-01,,2026-09-01,,https://www.eur.nl/en/pre-master/cultural-economics-and-entrepreneurship,,,GEEN_DEFICIENTIES,GEEN_EISEN,GEEN_PROPEDEUTISCHE_FASE,GEEN_STUDIEKEUZE_CHECK,GEEN_VERSNELD_TRAJECT,0cc68985-5fe8-4525-e063-6ff1ff0a619b,0cc68985-5fe8-4525-e063-6ff1ff0a619b,,,,Premaster Cultural Economics and Entrepreneurship
107B576,Erasmus Universiteit Rotterdam,114A337,Erasmus Universiteit Rotterdam,VARIANT,1015O6139,,56823,NVAO,"Premaster Arts, Culture and Society","Premaster Arts, Culture and Society",,,WO-BA,BACHELOR,180,6,6,DIPLOMA,Erasmus Universiteit Rotterdam,"Premaster Arts, Culture and Society",,"Premaster Arts, Culture and Society",VOLTIJD,ENG,2020-09-08,,2026-09-01,,https://www.eur.nl/en/pre-master/arts-culture-society,,,GEEN_DEFICIENTIES,GEEN_EISEN,GEEN_PROPEDEUTISCHE_FASE,GEEN_STUDIEKEUZE_CHECK,GEEN_VERSNELD_TRAJECT,0cc68985-5fef-4525-e063-6ff1ff0a619b,0cc68985-5fef-4525-e063-6ff1ff0a619b,,,,"Premaster Arts, Culture and Society"
107B576,Erasmus Universiteit Rotterdam,114A337,Erasmus Universiteit Rotterdam,VARIANT,1015O6140,,56034,NVAO,Premaster Global History and International Relations,Premaster Global History and International Relations,,,WO-BA,BACHELOR,180,6,6,DIPLOMA,Erasmus Universiteit Rotterdam,Premaster Global History and International Relations,,Premaster Global History and International Relations,VOLTIJD,ENG,2020-09-08,,2026-09-01,,https://www.eur.nl/en/pre-master/history,,,GEEN_DEFICIENTIES,GEEN_EISEN,GEEN_PROPEDEUTISCHE_FASE,GEEN_STUDIEKEUZE_CHECK,GEEN_VERSNELD_TRAJECT,0cc68985-5ff6-4525-e063-6ff1ff0a619b,0cc68985-5ff6-4525-e063-6ff1ff0a619b,,,,Premaster Global History and International Relations
107B576,Erasmus Universiteit Rotterdam,114A337,Erasmus Universiteit Rotterdam,VARIANT,1015O6141,,56034,NVAO,Premaster Applied History,Premaster Applied History,,,WO-BA,BACHELOR,180,6,6,DIPLOMA,Erasmus Universiteit Rotterdam,Premaster Applied History,,Premaster Applied History,VOLTIJD,NLD,2021-09-10,,2026-09-01,,https://www.eur.nl/en/master/applied-history/premaster,,,GEEN_DEFICIENTIES,GEEN_EISEN,GEEN_PROPEDEUTISCHE_FASE,GEEN_STUDIEKEUZE_CHECK,GEEN_VERSNELD_TRAJECT,0cc68985-5ffd-4525-e063-6ff1ff0a619b,0cc68985-5ffd-4525-e063-6ff1ff0a619b,,,,Premaster Applied History
107B576,Erasmus Universiteit Rotterdam,114A337,Erasmus Universiteit Rotterdam,VARIANT,1015O6142,,56607,NVAO,Premaster Pedagogische Wetenschappen,Premaster Pedagogical and Educational Sciences,,,WO-BA,BACHELOR,180,6,6,DIPLOMA,Erasmus Universiteit Rotterdam,Premaster Pedagogische Wetenschappen,,Premaster Pedagogische Wetenschappen,VOLTIJD,NLD,2020-09-08,,2026-09-01,,https://www.eur.nl/pre-master/pedagogische-wetenschappen,,,GEEN_DEFICIENTIES,GEEN_EISEN,GEEN_PROPEDEUTISCHE_FASE,GEEN_STUDIEKEUZE_CHECK,GEEN_VERSNELD_TRAJECT,0cc68985-6004-4525-e063-6ff1ff0a619b,0cc68985-6004-4525-e063-6ff1ff0a619b,,,,Premaster Pedagogische Wetenschappen
107B576,Erasmus Universiteit Rotterdam,114A337,Erasmus Universiteit Rotterdam,VARIANT,1015O6143,,56081,NVAO,Premaster Philosophy,Premaster Philosophy,,,WO-BA,BACHELOR,180,6,6,DIPLOMA,Erasmus Universiteit Rotterdam,Premaster Philosophy,,Premaster Philosophy,VOLTIJD,ENG,2023-09-01,,2026-09-01,,https://www.eur.nl/en/esphil/pre-master/pre-master-philosophy,,,GEEN_DEFICIENTIES,GEEN_EISEN,GEEN_PROPEDEUTISCHE_FASE,GEEN_STUDIEKEUZE_CHECK,GEEN_VERSNELD_TRAJECT,0cc72f99-36cf-65f2-e063-6ff1ff0a10d1,0cc72f99-36cf-65f2-e063-6ff1ff0a10d1,,,,Premaster Philosophy
107B576,Erasmus Universiteit Rotterdam,114A337,Erasmus Universiteit Rotterdam,VARIANT,1015O6144,,56627,NVAO,Premaster Bestuurskunde,Premaster Public Administration,,,WO-BA,BACHELOR,180,6,6,DIPLOMA,Erasmus Universiteit Rotterdam,Premaster Bestuurskunde,,Premaster Bestuurskunde,VOLTIJD,NLD,2020-09-08,,2026-09-01,,https://www.eur.nl/pre-master/bestuurskunde,,,GEEN_DEFICIENTIES,GEEN_EISEN,GEEN_PROPEDEUTISCHE_FASE,GEEN_STUDIEKEUZE_CHECK,GEEN_VERSNELD_TRAJECT,0cc68985-600b-4525-e063-6ff1ff0a619b,0cc68985-600b-4525-e063-6ff1ff0a619b,,,,Premaster Bestuurskunde
107B576,Erasmus Universiteit Rotterdam,114A337,Erasmus Universiteit Rotterdam,VARIANT,1015O6146,,50645,NVAO,Premaster Bedrijfswetenschappen,Premaster Business Administration,,,WO-BA,BACHELOR,180,6,6,DIPLOMA,Erasmus Universiteit Rotterdam,Premaster Bedrijfswetenschappen,,Premaster Bedrijfswetenschappen,VOLTIJD,NLD,2020-09-08,,2026-09-01,,,,,GEEN_DEFICIENTIES,GEEN_EISEN,GEEN_PROPEDEUTISCHE_FASE,GEEN_STUDIEKEUZE_CHECK,GEEN_VERSNELD_TRAJECT,0cc68985-6019-4525-e063-6ff1ff0a619b,0cc68985-6019-4525-e063-6ff1ff0a619b,,,,Premaster Bedrijfswetenschappen
107B576,Erasmus Universiteit Rotterdam,114A337,Erasmus Universiteit Rotterdam,VARIANT,1015O6147,,50700,NVAO,Premaster Financieel recht,Premaster Financial Law,,,WO-BA,BACHELOR,180,6,6,DIPLOMA,Erasmus Universiteit Rotterdam,Premaster Financieel recht,,Premaster Financieel recht,VOLTIJD,NLD,2020-09-08,,2026-09-01,,https://www.eur.nl/esl/onderwijs/pre-masteropleidingen,,,GEEN_DEFICIENTIES,GEEN_EISEN,GEEN_PROPEDEUTISCHE_FASE,GEEN_STUDIEKEUZE_CHECK,GEEN_VERSNELD_TRAJECT,0cc68985-6020-4525-e063-6ff1ff0a619b,0cc68985-6020-4525-e063-6ff1ff0a619b,,,,Premaster Financieel recht
107B576,Erasmus Universiteit Rotterdam,114A337,Erasmus Universiteit Rotterdam,VARIANT,1015O6148,,50700,NVAO,Premaster ESL Algemeen,Premaster Law,,,WO-BA,BACHELOR,180,6,6,DIPLOMA,Erasmus Universiteit Rotterdam,Premaster ESL Algemeen,,Premaster ESL Algemeen,VOLTIJD,NLD,2020-09-08,,2026-09-01,,https://www.eur.nl/esl/onderwijs/pre-masteropleidingen,,,GEEN_DEFICIENTIES,GEEN_EISEN,GEEN_PROPEDEUTISCHE_FASE,GEEN_STUDIEKEUZE_CHECK,GEEN_VERSNELD_TRAJECT,0cc68985-6035-4525-e063-6ff1ff0a619b,0cc68985-6035-4525-e063-6ff1ff0a619b,,,,Premaster ESL Algemeen
107B576,Erasmus Universiteit Rotterdam,114A337,Erasmus Universiteit Rotterdam,VARIANT,1015O6149,,50700,NVAO,Premaster Recht van de gezondheidszorg,Premaster Healthcare Law,,,WO-BA,BACHELOR,180,6,6,DIPLOMA,Erasmus Universiteit Rotterdam,Premaster Recht van de gezondheidszorg,,Premaster Recht van de gezondheidszorg,VOLTIJD,NLD,2020-09-08,,2026-09-01,,https://www.eur.nl/esl/onderwijs/pre-masteropleidingen,,,GEEN_DEFICIENTIES,GEEN_EISEN,GEEN_PROPEDEUTISCHE_FASE,GEEN_STUDIEKEUZE_CHECK,GEEN_VERSNELD_TRAJECT,0cc68985-603c-4525-e063-6ff1ff0a619b,0cc68985-603c-4525-e063-6ff1ff0a619b,,,,Premaster Recht van de gezondheidszorg
107B576,Erasmus Universiteit Rotterdam,114A337,Erasmus Universiteit Rotterdam,VARIANT,1015O6150,,50952,NVAO,Premaster International Business Administration,Premaster International Business Administration,,,WO-BA,BACHELOR,180,6,6,DIPLOMA,Erasmus Universiteit Rotterdam,Premaster International Business Administration,,Premaster International Business Administration,VOLTIJD,ENG,2020-09-08,,2026-09-01,,https://www.eur.nl/en/master/international-management-cems/premaster,,,GEEN_DEFICIENTIES,GEEN_EISEN,GEEN_PROPEDEUTISCHE_FASE,GEEN_STUDIEKEUZE_CHECK,GEEN_VERSNELD_TRAJECT,0cc68985-604a-4525-e063-6ff1ff0a619b,0cc68985-604a-4525-e063-6ff1ff0a619b,,,,Premaster International Business Administration
107B576,Erasmus Universiteit Rotterdam,114A337,Erasmus Universiteit Rotterdam,VARIANT,1015O6151,,56601,NVAO,Premaster Sociologie,Premaster Sociology,,,WO-BA,BACHELOR,180,6,6,DIPLOMA,Erasmus Universiteit Rotterdam,Premaster Sociologie,,Premaster Sociologie,VOLTIJD,NLD,2020-09-08,,2026-09-01,,https://www.eur.nl/pre-master/sociologie,,,GEEN_DEFICIENTIES,GEEN_EISEN,GEEN_PROPEDEUTISCHE_FASE,GEEN_STUDIEKEUZE_CHECK,GEEN_VERSNELD_TRAJECT,0cc68985-6051-4525-e063-6ff1ff0a619b,0cc68985-6051-4525-e063-6ff1ff0a619b,,,,Premaster Sociologie
107B576,Erasmus Universiteit Rotterdam,114A337,Erasmus Universiteit Rotterdam,VARIANT,1016O6103,,56081,NVAO,RASL Dual Degree Philosophy en WdKA,RASL Dual Degree Philosophy and WdKA,,,WO-BA,BACHELOR,180,6,6,DIPLOMA,Erasmus Universiteit Rotterdam,Filosofie (met Willem de Kooning Academy),,Philosophy (with Willem de Kooning Academy),VOLTIJD,NLD,2026-02-03,,2026-09-01,,,,,GEEN_DEFICIENTIES,GEEN_EISEN,GEEN_PROPEDEUTISCHE_FASE,GEEN_STUDIEKEUZE_CHECK,GEEN_VERSNELD_TRAJECT,585a2167-fabe-49d0-a8ca-5604f70d5fe1,585a2167-fabe-49d0-a8ca-5604f70d5fe1,,,,Filosofie (met Willem de Kooning Academy)
107B578,Universiteit Leiden,114A561,Universiteit Leiden,OPLEIDING,1001O5651,50035,,NVAO,Culturele Antropologie en Ontwikkelingssociologie,Cultural Anthropology and Development Sociology,2002-09-01,,WO-BA,BACHELOR,180,6,6,GETUIGSCHRIFT,Universiteit Leiden,Cultural Anthropology and Development Sociology,,Cultural Anthropology and Development Sociology,VOLTIJD,NLD,2002-09-01,,2026-09-01,,,,,GEEN_DEFICIENTIES,GEEN_EISEN,PROPEDEUTISCHE_FASE_EXAMEN,GEEN_STUDIEKEUZE_CHECK,GEEN_VERSNELD_TRAJECT,fa3a2734-93de-418f-9a9c-a8b76e6e23a3,fa3a2734-93de-418f-9a9c-a8b76e6e23a3,114X175,Rapenburg,Leiden,
107B578,Universiteit Leiden,114A561,Universiteit Leiden,OPLEIDING,1001O5663,50205,,NVAO,Sterrenkunde,Astronomy,2002-09-01,,WO-BA,BACHELOR,180,6,6,GETUIGSCHRIFT,Universiteit Leiden,Sterrenkunde,,Astronomy,VOLTIJD,NLD,2002-09-01,,2002-09-01,,,,,GEEN_DEFICIENTIES,GEEN_EISEN,PROPEDEUTISCHE_FASE_ZONDER_EXAMEN,GEEN_STUDIEKEUZE_CHECK,GEEN_VERSNELD_TRAJECT,c11036c6-3d5a-46e5-8cf7-77ade229f7c0,c11036c6-3d5a-46e5-8cf7-77ade229f7c0,114X175,Rapenburg,Leiden,"De bacheloropleiding Sterrenkunde omvat drie jaar (totaal 180 EC) en is onderverdeeld in het eerste jaar (60 EC), en twee vervolgjaren (samen 120 EC). De bachelorfase wordt afgesloten met het behalen van het diploma Bachelor of Science (BSc) Sterrenkunde. De vakbeschrijvingen voor jaar 1, 2 en 3, het keuzepakket en minor vind je in het tabblad 'Opleidingsstructuur'.\n\nDe bachelor Sterrenkunde kan samen gevolgd worden met de bachelor Natuurkunde of de bachelor Wiskunde. Meer informatie hierover komt binnenkort online op de 'Meer Informatie' pagina.\n\nInformatie over studieloopbaan en arbeidsmarktoriëntatie vind je in het tabblad 'Arbeidsmarktvoorbereiding'.\n\n###### Meer informatie\n\n* [Studentenwebsite](https://www.student.universiteitleiden.nl/?cd=sterrenkunde-bsc)\n* [Studieadviseur Sterrenkunde](https://www.student.universiteitleiden.nl/je-opleiding/contact-en-advies/studieadviseur-of--coordinator/wiskunde-en-natuurwetenschappen/sterrenkunde-bsc?cf=wiskunde-en-natuurwetenschappen&cd=sterrenkunde-bsc#tab-3)"
107B578,Universiteit Leiden,114A561,Universiteit Leiden,OPLEIDING,1001O5665,50206,,NVAO,Natuurkunde,Physics,2002-09-01,,WO-BA,BACHELOR,180,6,6,GETUIGSCHRIFT,Universiteit Leiden,Natuurkunde,,Physics,VOLTIJD,NLD,2002-09-01,,2002-09-01,,,,,GEEN_DEFICIENTIES,GEEN_EISEN,PROPEDEUTISCHE_FASE_ZONDER_EXAMEN,GEEN_STUDIEKEUZE_CHECK,GEEN_VERSNELD_TRAJECT,36df5286-af3f-4bf9-b253-33a2e058deba,36df5286-af3f-4bf9-b253-33a2e058deba,114X175,Rapenburg,Leiden,"De invulling van de opleiding wordt in gezamenlijk overleg met de studieadviseur gepland.\nStudenten kunnen een mail sturen naar [Studieadviseur Natuurkunde](https://www.student.universiteitleiden.nl/je-opleiding/contact-en-advies/studieadviseur-of--coordinator/wiskunde-en-natuurwetenschappen/natuurkunde-bsc?cf=wiskunde-en-natuurwetenschappen&cd=natuurkunde-bsc#tab-3) om in contact met de studieadviseur te komen.\n\nNaast de bacheloropleiding Natuurkunde (afgekort N) is het mogelijk om de opleiding gelijktijdig te volgen met de volgende bachelorprogramma's:\n\n* Natuurkunde en Sterrenkunde (afgekort NS), of \n* Natuurkunde en Wiskunde (afgekort NW).\n\nBij goed gevolg leveren deze combinaties twee afzonderlijke bachelordiploma’s op, één van elke opleiding.\n\n"
107B578,Universiteit Leiden,114A561,Universiteit Leiden,OPLEIDING,1001O5667,50207,,NVAO,Bio-Farmaceutische Wetenschappen,,2002-09-01,,WO-BA,BACHELOR,180,6,6,GETUIGSCHRIFT,Universiteit Leiden,Bio-Farmaceutische Wetenschappen,,Bio-Pharmaceutical Sciences,VOLTIJD,NLD,2002-09-01,,2002-09-01,,,,,GEEN_DEFICIENTIES,GEEN_EISEN,PROPEDEUTISCHE_FASE_ZONDER_EXAMEN,GEEN_STUDIEKEUZE_CHECK,GEEN_VERSNELD_TRAJECT,daa76097-745b-4ce4-add8-3769548f359e,daa76097-745b-4ce4-add8-3769548f359e,114X175,Rapenburg,Leiden,De opleiding Bio-Farmaceutische Wetenschappen (BFW) bestaat uit een driejarige bacheloropleiding en een tweejarige masteropleiding. Beide opleidingen zijn voltijdse studies en richten zich op het opleiden van studenten tot (junior) geneesmiddelonderzoeker. Tijdens de bacheloropleiding komt een BFW-student met alle facetten van geneesmiddelenonderzoek in aanraking. De BFW-student kan vervolgens een mastervariant kiezen die aansluit bij zijn of haar persoonlijke interesse.\n\n### Karakter van de bacheloropleiding\n\nDe bacheloropleiding Bio-Farmaceutische Wetenschappen biedt een brede kennismaking met het wetenschapsgebied van de Bio-Farmaceutische Wetenschappen en het moderne geneesmiddelonderzoek. Dit vakgebied maakt een bloeiperiode door als gevolg van de recente stormachtige ontwikkeling van moleculair-biologische technieken; waardoor een beter beeld wordt verkregen van celbiologische processen en de (humane) genetica. Deze snel toenemende kennis maakt de ontwikkeling van nieuwe; betere en veiligere geneesmiddelen mogelijk. De ontwikkeling van zulke geneesmiddelen is een essentieel onderdeel van de gezondheidszorg en dient een groot maatschappelijk belang. Bij de bacheloropleiding worden de verschillende onderzoeksvelden van de Bio-Farmaceutische Wetenschappen zoveel mogelijk geïntegreerd aangeboden. Er wordt daarbij sterk gehecht aan het learning-by-doing principe; waarbij de opbouw van theoretische kennis gecombineerd wordt met (onderzoeks)vaardigheidstraining. In het onderwijs staan de volgende bio-farmaceutische onderwerpen centraal:\n\n* ontwerp en synthese van geneeskrachtige stoffen;\n* analytische bepalingen van geneeskrachtige stoffen en hun afbraakproducten;\n* ontwikkeling van nieuwe toedieningsvormen;\n* evaluatie van de werking en verwerking van deze stoffen in de mens.\n\nUiteraard komt in het onderwijs ook de benodigde scheikundige; medische; wiskundige en biologische basiskennis aan bod. Hier wordt vooral in het eerste jaar aandacht aan besteed. De bacheloropleiding Bio-Farmaceutische Wetenschappen is een eerste stap in de richting van junior geneesmiddelenonderzoeker en geeft uiteraard toegang tot de masteropleiding Bio-Pharmaceutical Sciences.\n\n### Karakter van de masteropleiding\n\nDe masteropleiding Bio-Pharmaceutical Sciences stelt zich tot doel studenten op te leiden tot (junior)geneesmiddelonderzoeker; maar biedt de student ook de mogelijkheid zich nader te specialiseren in bedrijfsmanagement of voorlichting op het gebied van geneesmiddelonderzoek. De masteropleiding biedt studenten de mogelijkheid zich te specialiseren en verder te bekwamen op een biofarmaceutisch vakgebied naar keuze.
107B578,Universiteit Leiden,114A561,Universiteit Leiden,OPLEIDING,1001O5674,50300,,NVAO,Data Science and Artificial Intelligence,Data Science and Artificial Intelligence,2022-09-01,,WO-BA,BACHELOR,180,6,6,GETUIGSCHRIFT,Universiteit Leiden,Data Science and Artificial Intelligence,,Data Science and Artificial Intelligence,VOLTIJD,ENG,2021-09-01,,2026-09-01,,,,,GEEN_DEFICIENTIES,GEEN_EISEN,PROPEDEUTISCHE_FASE_ZONDER_EXAMEN,GEEN_STUDIEKEUZE_CHECK,GEEN_VERSNELD_TRAJECT,a42b6f7f-b207-40c8-8655-9db3cf9ecadf,a42b6f7f-b207-40c8-8655-9db3cf9ecadf,114X175,Rapenburg,Leiden,
107B578,Universiteit Leiden,114A561,Universiteit Leiden,OPLEIDING,1001O5689,50414,,NVAO,Film- en Literatuurwetenschap,Film and Literary Studies,2010-09-01,,WO-BA,BACHELOR,180,6,6,GETUIGSCHRIFT,Universiteit Leiden,Film- en Literatuurwetenschap,,Film and Literary Studies,VOLTIJD,NLD,2010-09-01,,2010-09-01,,,,,GEEN_DEFICIENTIES,GEEN_EISEN,PROPEDEUTISCHE_FASE_ZONDER_EXAMEN,GEEN_STUDIEKEUZE_CHECK,GEEN_VERSNELD_TRAJECT,d7731d03-7593-4ed9-9516-65642eb8bb0a,d7731d03-7593-4ed9-9516-65642eb8bb0a,114X175,Rapenburg,Leiden,"In het eerste studiejaar maak je kennis met de belangrijkste benaderingen, begrippen en theorieën binnen de film- en literatuurwetenschap. Ook leer je hoe je een prozatekst, gedicht, film of toneelstuk moet analyseren, zodat je een goed onderbouwde interpretatie kunt geven. Het eerste jaar bestaat geheel uit verplichte cursussen. In het tweede jaar kies je voor de track literatuurwetenschap of de track filmwetenschap en volg je enkele gemeenschappelijke cursussen. Het derde jaar bestaat uit trackspecifieke cursussen en vrije keuzeruimte. Je sluit je bachelor af met het BA-eindwerkstuk."
107B578,Universiteit Leiden,114A561,Universiteit Leiden,OPLEIDING,1001O5696,50429,,NVAO,Liberal Arts and Sciences: Global Challenges,,2010-09-01,,WO-BA,BACHELOR,180,6,6,GETUIGSCHRIFT,Universiteit Leiden,Liberal Arts and Sciences: Global Challenges,,Liberal Arts and Sciences: Global Challenges,VOLTIJD,ENG,2010-09-01,,2010-09-01,,,,,GEEN_DEFICIENTIES,GEEN_EISEN,PROPEDEUTISCHE_FASE_ZONDER_EXAMEN,GEEN_STUDIEKEUZE_CHECK,GEEN_VERSNELD_TRAJECT,01471285-05ac-42ee-a8b7-8ed2d5301d8f,01471285-05ac-42ee-a8b7-8ed2d5301d8f,114X176,Lange Voorhout,'s-Gravenhage,"Leiden University College The Hague (LUC) is the international Honours College of Leiden University, offering an innovative and cutting-edge Liberal Arts & Sciences programme to highly talented and motivated students from all over the world. LUC is located in The Hague and offers a Bachelors of Arts and a Bachelors of Science in Liberal Arts and Sciences that focus on today's Global Challenges: Peace and Justice, Sustainability, Prosperity and Diversity.\n\n**PROGRAMME @ LUC**\n\n* First-year compulsory courses (45EC)\n* Major(85EC)\n* Elective courses (10EC)\n* Minor, additional Electives, or Semester Abroad (30EC)\n* Global Citizenship (10 EC)\n\nNote:\n\n* 180EC is required to be able to graduate. One of the three elective classes the student takes during the first-year should count towards the eventual Major, Minor/Electives component, or Global Citizenship.\n* the standard course load is 15 EC per block.\n* students have the option to go abroad for a semester, provided they are in good academic standing; this semester abroad should ideally take place in the first semester of the third year and its courses typically count towards the 30EC elective component.\n\n**MAJORS @ LUC**\nThe following Majors are offered at LUC:\n\n* [Earth, Energy, and Sustainability](/studies/BA-LAGC-EES) (BSc)\n* [Global Health, Innovation, and Society](/studies/BA-LAGC-GHIS) (BSc)\n* [Governance, Economics, and Development](/studies/BA-LAGC-GED) (BSc)\n* [Culture, History & Society](/studies/BA-LAGC-CHS) (BA)\n* [International Justice](/studies/BA-LAGC-IJ) (BA)\n* [World Politics](/studies/BA-LAGC-WP) (BA)\n\nImportant Acronyms\nEES: Earth, Energy, and Sustainability\nCHS: Culture, History & Society\nGED: Governance, Economics, and Development\nGHIS: Global Health, Innovation, and Society (formerly GPH: Global Public Health)\nIJ: International Justice\nWP: World Politics\nGC: Global Citizenship"
107B578,Universiteit Leiden,114A561,Universiteit Leiden,OPLEIDING,1001O5724,50700,,NVAO,Rechtsgeleerdheid,,2002-09-01,,WO-BA,BACHELOR,180,6,6,GETUIGSCHRIFT,Universiteit Leiden,Rechtsgeleerdheid,,Law,VOLTIJD,NLD,2002-09-01,,2002-09-01,,,,,GEEN_DEFICIENTIES,GEEN_EISEN,PROPEDEUTISCHE_FASE_EXAMEN,GEEN_STUDIEKEUZE_CHECK,GEEN_VERSNELD_TRAJECT,9f454950-1598-4f30-9472-eaad8d2011cb,9f454950-1598-4f30-9472-eaad8d2011cb,114X175,Rapenburg,Leiden,Belangrijke informatie over jouw opleiding kun je vinden op de speciale opleidingspagina in Brightspace; hiervoor dien je je aan te melden via MyStudymap.\n\nOvergangsregelingen zijn te vinden op de [website](https://www.student.universiteitleiden.nl/je-opleiding/opleidingsprogramma/rechtsgeleerdheid/rechtsgeleerdheid-llb?cf=rechtsgeleerdheid&cd=rechtsgeleerdheid-llb#tab-3).\n
107B578,Universiteit Leiden,114A561,Universiteit Leiden,OPLEIDING,1001O5746,50855,,NVAO,Russische Studies,Russian Studies,2011-09-01,,WO-BA,BACHELOR,180,6,6,GETUIGSCHRIFT,Universiteit Leiden,Russische Studies,,Russian Studies,VOLTIJD,NLD,2011-09-01,,2026-09-01,,,,,GEEN_DEFICIENTIES,GEEN_EISEN,PROPEDEUTISCHE_FASE_ZONDER_EXAMEN,GEEN_STUDIEKEUZE_CHECK,GEEN_VERSNELD_TRAJECT,9ff4aca0-5872-4f99-a657-86ef46fcd4dc,9ff4aca0-5872-4f99-a657-86ef46fcd4dc,114X175,Rapenburg,Leiden,
107B578,Universiteit Leiden,114A561,Universiteit Leiden,OPLEIDING,1001O5750,50902,,NVAO,Religiewetenschappen,Religious Studies,2014-09-01,,WO-BA,BACHELOR,180,6,6,GETUIGSCHRIFT,Universiteit Leiden,Religiewetenschappen,,Religious Studies,VOLTIJD,NLD,2014-09-01,,2026-09-01,,,,,GEEN_DEFICIENTIES,GEEN_EISEN,PROPEDEUTISCHE_FASE_ZONDER_EXAMEN,GEEN_STUDIEKEUZE_CHECK,GEEN_VERSNELD_TRAJECT,4366f339-b9e7-4c10-8ac6-993ddf02c6fb,4366f339-b9e7-4c10-8ac6-993ddf02c6fb,114X175,Rapenburg,Leiden,
107B578,Universiteit Leiden,114A561,Universiteit Leiden,OPLEIDING,1001O5791,55009,,NVAO,Molecular Science and Technology (joint degree),,2016-09-01,,WO-BA,BACHELOR,180,6,6,GETUIGSCHRIFT,Universiteit Leiden,Molecular Science and Technology (joint degree),,Molecular Science and Technology (joint degree),VOLTIJD,NLD,2016-09-01,,2016-09-01,,,111A562,,GEEN_DEFICIENTIES,GEEN_EISEN,PROPEDEUTISCHE_FASE_ZONDER_EXAMEN,GEEN_STUDIEKEUZE_CHECK,GEEN_VERSNELD_TRAJECT,d0fe8a4d-c5a0-449f-b2a7-0f8aa5bad97e,d0fe8a4d-c5a0-449f-b2a7-0f8aa5bad97e,114X175,Rapenburg,Leiden,"**De wereld om ons heen bestaat dankzij scheikunde. Kijk maar om je heen en overal zie je scheikunde: je kleding, je eten, je smartphone zijn gemaakt met behulp van scheikundige processen. En zelfs de cellen in je lichaam zijn in feite kleine chemische fabriekjes. Help jij mee om de wereld beter te maken?**\n\nHoe kunnen we als scheikundigen onze expertise inzetten om de wereld te voorzien van duurzame energie, schoon drinkwater en gepersonaliseerde medicijnen? Hoe ontwikkelen we uit zonlicht, biomassa, CO2 en water nieuwe producten? Het zijn **scheikundigen met kennis van technologie** die de innovatieve oplossingen bedenken om deze vraagstukken op te lossen.\n\nDe scheikundeopleiding Molecular Science and Technology (MST) is een unieke Nederlandstalige bacheloropleiding van de Universiteit Leiden én de Technische Universiteit Delft. In de studie komen twee kanten van de scheikunde bij elkaar: fundamentele moleculaire chemie en chemische procestechnologie. Deze combinatie is essentieel om de uitdagingen van de toekomst aan te kunnen gaan: de groeiende vraag naar nieuwe producten en milieuvriendelijke processen. \n\nIn de joint degree MST profiteer je van de mogelijkheden van studeren aan twee universiteiten tegelijk. Je leert in je eerste jaar de breedte van de scheikunde én scheikundige technologie kennen, en maakt de keuze voor een technische of algemene universiteit pas tijdens je studie, in plaats van al op het vwo. Ook werk je al vanaf je eerste jaar mee aan grensverleggend onderzoek binnen de vakken *Leren Onderzoeken*.\n\nMeer informatie over de opleiding MST vind je [hier](https://www.universiteitleiden.nl/onderwijs/opleidingen/bachelor/molecular-science--technology). "
107B578,Universiteit Leiden,114A561,Universiteit Leiden,OPLEIDING,1001O5805,56003,,NVAO,Griekse en Latijnse Taal en Cultuur,Classics,2002-09-01,,WO-BA,BACHELOR,180,6,6,GETUIGSCHRIFT,Universiteit Leiden,Griekse en Latijnse Taal en Cultuur,,Classics,VOLTIJD,NLD,2002-09-01,,2026-09-01,,,,,GEEN_DEFICIENTIES,GEEN_EISEN,PROPEDEUTISCHE_FASE_ZONDER_EXAMEN,GEEN_STUDIEKEUZE_CHECK,GEEN_VERSNELD_TRAJECT,2e7faf28-7b0b-41ad-9c53-b7316952f79d,2e7faf28-7b0b-41ad-9c53-b7316952f79d,114X175,Rapenburg,Leiden,
107B578,Universiteit Leiden,114A561,Universiteit Leiden,OPLEIDING,1001O5816,56034,,NVAO,Geschiedenis,History,2002-09-01,,WO-BA,BACHELOR,180,6,6,GETUIGSCHRIFT,Universiteit Leiden,Geschiedenis,,History,VOLTIJD,NLD,2002-09-01,,2026-09-01,,,,,GEEN_DEFICIENTIES,GEEN_EISEN,PROPEDEUTISCHE_FASE_ZONDER_EXAMEN,GEEN_STUDIEKEUZE_CHECK,GEEN_VERSNELD_TRAJECT,380b13e0-f7f4-461c-9342-5dba777a873b,380b13e0-f7f4-461c-9342-5dba777a873b,114X175,Rapenburg,Leiden,
107B578,Universiteit Leiden,114A561,Universiteit Leiden,OPLEIDING,1001O5831,56052,,NVAO,Latijns-Amerikastudies,Latin American Studies,2002-09-01,,WO-BA,BACHELOR,180,6,6,GETUIGSCHRIFT,Universiteit Leiden,Latijns-Amerikastudies,,Latin American Studies,VOLTIJD,NLD,2011-09-01,,2026-09-01,,,,,GEEN_DEFICIENTIES,GEEN_EISEN,PROPEDEUTISCHE_FASE_ZONDER_EXAMEN,GEEN_STUDIEKEUZE_CHECK,GEEN_VERSNELD_TRAJECT,1719d0f0-80f1-4e9e-9c82-f9f439ca0ce9,1719d0f0-80f1-4e9e-9c82-f9f439ca0ce9,114X175,Rapenburg,Leiden,
107B578,Universiteit Leiden,114A561,Universiteit Leiden,OPLEIDING,1001O5832,56055,,NVAO,Nederlandkunde/Dutch Studies,Dutch Studies,2002-09-01,,WO-BA,BACHELOR,180,6,6,GETUIGSCHRIFT,Universiteit Leiden,Nederlandkunde,,Dutch Studies,VOLTIJD,NLD,2002-09-01,,2026-09-01,,,,,GEEN_DEFICIENTIES,GEEN_EISEN,PROPEDEUTISCHE_FASE_ZONDER_EXAMEN,GEEN_STUDIEKEUZE_CHECK,GEEN_VERSNELD_TRAJECT,1516a224-9dc7-486c-b4a9-194e29647841,1516a224-9dc7-486c-b4a9-194e29647841,114X175,Rapenburg,Leiden,
107B578,Universiteit Leiden,114A561,Universiteit Leiden,OPLEIDING,1001O5837,56081,,NVAO,Filosofie,,2002-09-01,,WO-BA,BACHELOR,180,6,6,GETUIGSCHRIFT,Universiteit Leiden,Filosofie,,Philosophy,VOLTIJD,NLD,2018-09-01,,2026-09-01,,,,,GEEN_DEFICIENTIES,GEEN_EISEN,PROPEDEUTISCHE_FASE_ZONDER_EXAMEN,GEEN_STUDIEKEUZE_CHECK,GEEN_VERSNELD_TRAJECT,f04865ab-07ab-473d-a227-3aebc1358c8a,f04865ab-07ab-473d-a227-3aebc1358c8a,114X175,Rapenburg,Leiden,
107B578,Universiteit Leiden,114A561,Universiteit Leiden,OPLEIDING,1001O5846,56098,,NVAO,Midden-Oostenstudies,Middle Eastern Studies,2010-09-01,,WO-BA,BACHELOR,180,6,6,GETUIGSCHRIFT,Universiteit Leiden,Midden-Oostenstudies,,Middle Eastern Studies,VOLTIJD,NLD,2010-09-01,,2010-09-01,,,,,GEEN_DEFICIENTIES,GEEN_EISEN,PROPEDEUTISCHE_FASE_ZONDER_EXAMEN,GEEN_STUDIEKEUZE_CHECK,GEEN_VERSNELD_TRAJECT,f547c15b-e8e0-46bf-badf-3656ef71a46b,f547c15b-e8e0-46bf-badf-3656ef71a46b,114X175,Rapenburg,Leiden,"### BA Midden-Oostenstudies\n\n* Titel: bachelor of arts\n* Duur: 3 jaar, voltijds\n* Start van studie: september\n* Locatie: Leiden (met eventueel een verblijf in Cairo of Rabat)\n* Onderwijstaal: Nederlands en Engels\n* Opleidingsvoorzitter: [Dr. Jelle Bruning](https://www.universiteitleiden.nl/en/staffmembers/jelle-bruning#tab-1)\n\nIn de bachelor Midden-Oostenstudies kun je je helemaal onderdompelen in de geschiedenis, cultuur en literatuur van deze fascinerende regio. Je richt je op één taalgebied, of je bestudeert de regio als geheel. Als Midden-Oosten-deskundige bezit je straks kennis en vaardigheden waar je in je verdere carrière alle kanten mee op kunt.\n\nDe opleiding kent vijf afstudeerrichtingen:\n\n* [Arabische taal en cultuur](https://studiegids.universiteitleiden.nl/studies/BA-MOS-ATC)\n* [Hebreeuwse taal en cultuur](https://studiegids.universiteitleiden.nl/studies/BA-MOS-HTC)\n* [Moderne Midden-Oostenstudies](https://studiegids.universiteitleiden.nl/studies/BA-MOS-MMO)\n* [Perzische taal en cultuur](https://studiegids.universiteitleiden.nl/studies/BA-MOS-PTC)\n* [Turkse taal en cultuur](https://studiegids.universiteitleiden.nl/studies/BA-MOS-TTC)\n\nDe eindtermen van de opleiding staan in het Faculteitsdeel en het opleidingsspecifieke deel van de [Onderwijs en examenregeling](https://www.organisatiegids.universiteitleiden.nl/reglementen/geesteswetenschappen/onderwijs--en-examenregelingen-geesteswetenschappen-bacheloropleidingen). Zie ook het tabblad [Meer informatie](https://uni-leiden-acceptance.studyguide.test.timeedit.net/studies/BA-MOS?tab=Meer%20informatie)."
107B578,Universiteit Leiden,114A561,Universiteit Leiden,OPLEIDING,1001O5848,56099,,NVAO,Zuid- en Zuidoost-Aziëstudies,South and Southeast Asian Studies,2010-09-01,,WO-BA,BACHELOR,180,6,6,GETUIGSCHRIFT,Universiteit Leiden,South and Southeast Asian Studies,,South and Southeast Asian Studies,VOLTIJD,ENG,2010-09-01,,2010-09-01,,,,,GEEN_DEFICIENTIES,GEEN_EISEN,PROPEDEUTISCHE_FASE_ZONDER_EXAMEN,GEEN_STUDIEKEUZE_CHECK,GEEN_VERSNELD_TRAJECT,2fc604cd-7bb1-4555-a28f-f2e3094e5b16,2fc604cd-7bb1-4555-a28f-f2e3094e5b16,114X175,Rapenburg,Leiden,"The three-years bachelor programme South and Southeast Asian Studies provides students with a thorough knowledge of a fascinating and dynamic region. The emphasis lies on India, Tibet and Indonesia, but other countries in South and Southeast Asia will also be discussed. The approach in this regional studies programme is multidisciplinary and enables students to acquire knowledge about e.g. the languages, religions, art, culture and current politics of the region. A consistent emphasis is placed on language as a window on South and Southeast Asian cultures. Students specialize in one of the following languages: Indonesian, Hindi, Tibetan, and Sanskrit."
107B578,Universiteit Leiden,114A561,Universiteit Leiden,OPLEIDING,1001O5865,56123,,NVAO,Oude Nabije Oosten-studies,Ancient Near Eastern Studies,2010-09-01,,WO-BA,BACHELOR,180,6,6,GETUIGSCHRIFT,Universiteit Leiden,Oude Nabije Oosten-studies,,Ancient Near Eastern Studies,VOLTIJD,NLD,2010-09-01,,2026-09-01,,,,,GEEN_DEFICIENTIES,GEEN_EISEN,PROPEDEUTISCHE_FASE_ZONDER_EXAMEN,GEEN_STUDIEKEUZE_CHECK,GEEN_VERSNELD_TRAJECT,6b4029a3-29a3-47f3-a843-bbae08a5db15,6b4029a3-29a3-47f3-a843-bbae08a5db15,114X175,Rapenburg,Leiden,
107B578,Universiteit Leiden,114A561,Universiteit Leiden,OPLEIDING,1001O5899,56469,,NVAO,Criminologie,,2002-09-01,,WO-BA,BACHELOR,180,6,6,GETUIGSCHRIFT,Universiteit Leiden,Criminologie,,Criminology,VOLTIJD,NLD,2002-09-01,,2002-09-01,,,,,GEEN_DEFICIENTIES,GEEN_EISEN,PROPEDEUTISCHE_FASE_EXAMEN,GEEN_STUDIEKEUZE_CHECK,GEEN_VERSNELD_TRAJECT,a9549a79-15f5-4667-9dea-35a7730a8be7,a9549a79-15f5-4667-9dea-35a7730a8be7,114X175,Rapenburg,Leiden,Belangrijke informatie over jouw opleiding kun je vinden op de speciale opleidingspagina in Brightspace; hiervoor dien je je aan te melden via MyStudymap.\nOvergangsregelingen zijn te vinden op de [website](https://www.student.universiteitleiden.nl/je-opleiding/opleidingsprogramma/rechtsgeleerdheid/criminologie-bsc?cf=rechtsgeleerdheid&cd=criminologie-bsc#tab-3). 
107B578,Universiteit Leiden,114A561,Universiteit Leiden,OPLEIDING,1001O5903,56551,,NVAO,Geneeskunde,Medicine,2008-09-01,,WO-BA,BACHELOR,180,6,6,GETUIGSCHRIFT,Universiteit Leiden,Geneeskunde,,Medicine,VOLTIJD,NLD,2018-09-01,,2018-09-01,,,,,GEEN_DEFICIENTIES,GEEN_EISEN,PROPEDEUTISCHE_FASE_EXAMEN,GEEN_STUDIEKEUZE_CHECK,GEEN_VERSNELD_TRAJECT,25c52901-b71c-4b6b-bf06-ba8b28b9970a,25c52901-b71c-4b6b-bf06-ba8b28b9970a,114X175,Rapenburg,Leiden,"*“De studiegids is nog in ontwikkeling; wijzigingen kunnen worden aangebracht tot en met 31 augustus 2026”*\n\nBen jij capable, caring en curious en wil je worden opgeleid tot arts? Tijdens de bachelor Geneeskunde in het Leids Universitair Medisch Centrum (LUMC) stimuleren wij je in een persoonlijke en internationale omgeving om kritisch en nieuwsgierig te kijken naar complexe vraagstukken over het menselijk lichaam.\n**Waarom Geneeskunde studeren in Leiden?**\nOmdat het LUMC naast station Leiden ligt, zijn we vanuit alle richtingen makkelijk en snel bereikbaar. De opleiding Geneeskunde heeft verder de volgende sterke punten:\n\n* In het Leids Universitair Medisch Centrum zijn onderwijs, onderzoek en patiëntenzorg sterk met elkaar verbonden. Je leert het vak bij ons daardoor uit de eerste hand.\n* We leren je over het functioneren van het menselijk lichaam, maar ook over het ontstaan en behandelen van ziektes.\n* Door persoonlijk, kleinschalig en uitdagend onderwijs word je in Leiden aangezet nieuwsgierig en kritisch naar de stof te kijken.\n* Als student heb je een belangrijke stem in het vaststellen van het onderwijsprogramma.\n* Bij ons heb je veel internationale mogelijkheden. Je kunt onderwijs in het buitenland volgen, of een internationale stage doen.\n\n**Past Geneeskunde bij jou?**\nArtsen en wetenschappers in het LUMC leiden je op tot een arts die capable, caring en curious is. Daarom is het van belang dat je:\n\n* hard wilt werken aan gedegen kennis en goede contactuele vaardigheden;\n* betrokken bent, je goed inleeft en oprechte belangstelling hebt voor patiënten;\n* nieuwsgierig en kritisch bent: je wilt alles weten over het menselijk lichaam en je wilt een wetenschappelijke houding ontwikkelen om kritisch met informatie om te gaan; je wilt op de hoogte zijn van de laatste ontwikkelingen in de wetenschap;\n* graag samenwerkt."
107B578,Universiteit Leiden,114A561,Universiteit Leiden,OPLEIDING,1001O5928,56604,,NVAO,Psychologie,Psychology,2002-09-01,,WO-BA,BACHELOR,180,6,6,GETUIGSCHRIFT,Universiteit Leiden,Psychologie,,Psychology,VOLTIJD,NLD,2002-09-01,,2002-09-01,,,,,GEEN_DEFICIENTIES,GEEN_EISEN,PROPEDEUTISCHE_FASE_ZONDER_EXAMEN,GEEN_STUDIEKEUZE_CHECK,GEEN_VERSNELD_TRAJECT,b3bcc7d2-3569-4f03-bd03-74685fd72253,b3bcc7d2-3569-4f03-bd03-74685fd72253,114X175,Rapenburg,Leiden,"### Studieprogramma\n\nDe bacheloropleiding duurt drie jaar. Tijdens het eerste jaar krijg je een overzicht van de psychologie door middel van een introductie in alle deelgebieden. In het eerste deel van het tweede jaar staan de kennis en vaardigheden als psycholoog centraal. In het tweede deel en in het derde jaar verdiep je je in vakgebieden binnen en buiten de psychologie die jou interesseren. Je bereidt je voor op een keuze voor een masteropleiding. De bacheloropleiding sluit je af met het bachelorproject.\nBij het maken van je studieplan houd je voor een goede studievoortgang een studielast aan van ca. 15 EC per blok. Wil je in een blok meer dan 20 EC volgen, dan heb je daarvoor toestemming nodig van je studieadviseur. Meer informatie over het aanvragen van toestemming vind je op de Bachelor Psychologie Brightspace pagina (zie onder).\n\n### Meer informatie\n\nAlle bachelorstudenten voor de Nederlandstalige bacheloropleiding Psychologie worden automatisch toegevoegd aan de [Bachelor Psychologie Brightspace pagina](https://brightspace.universiteitleiden.nl/d2l/home/383744). Deze module is je eerste ‘go to’ als je vragen hebt over studiegerelateerde onderwerpen tijdens je bachelor. Je vindt antwoorden op veel van je vragen. Van het plannen van je studieprogramma en het kiezen van welke specialisatiecursussen je gaat doen tot het beslissen hoe je de keuzeruimte gaat invullen en het plannen van je bachelorproject en master specialisatie.\n\nHeb je vragen over vakinschrijvingen en keuzevakken? Ga dan naar het tabblad 'Meer info'."
107B578,Universiteit Leiden,114A561,Universiteit Leiden,OPLEIDING,1001O5939,56606,,NVAO,Politicologie,Political Science,2002-09-01,,WO-BA,BACHELOR,180,6,6,GETUIGSCHRIFT,Universiteit Leiden,Politicologie,,Political Science,VOLTIJD,NLD,2002-09-01,,2002-09-01,,,,,GEEN_DEFICIENTIES,GEEN_EISEN,PROPEDEUTISCHE_FASE_EXAMEN,GEEN_STUDIEKEUZE_CHECK,GEEN_VERSNELD_TRAJECT,0ba7c2f3-63cb-4e02-813f-abc71688802f,0ba7c2f3-63cb-4e02-813f-abc71688802f,114X176,Lange Voorhout,'s-Gravenhage,
107B578,Universiteit Leiden,114A561,Universiteit Leiden,OPLEIDING,1001O5939,56606,,NVAO,Politicologie,Political Science,2002-09-01,,WO-BA,BACHELOR,180,6,6,GETUIGSCHRIFT,Universiteit Leiden,Politicologie,,Political Science,VOLTIJD,NLD,2002-09-01,,2026-09-01,,,,,GEEN_DEFICIENTIES,GEEN_EISEN,PROPEDEUTISCHE_FASE_EXAMEN,GEEN_STUDIEKEUZE_CHECK,GEEN_VERSNELD_TRAJECT,ef79d6dd-18b5-46f5-aa58-7e95d38c4138,ef79d6dd-18b5-46f5-aa58-7e95d38c4138,114X175,Rapenburg,Leiden,
107B578,Universiteit Leiden,114A561,Universiteit Leiden,OPLEIDING,1001O5943,56607,,NVAO,Pedagogische Wetenschappen,Pedagogical Sciences,2002-09-01,,WO-BA,BACHELOR,180,6,6,GETUIGSCHRIFT,Universiteit Leiden,Pedagogische Wetenschappen,,Pedagogische Wetenschappen,VOLTIJD,NLD,2002-09-01,,2026-09-01,,,,,GEEN_DEFICIENTIES,GEEN_EISEN,PROPEDEUTISCHE_FASE_EXAMEN,GEEN_STUDIEKEUZE_CHECK,GEEN_VERSNELD_TRAJECT,03adc3e8-6330-44a3-af7c-7c0167a302d9,03adc3e8-6330-44a3-af7c-7c0167a302d9,114X175,Rapenburg,Leiden,
107B578,Universiteit Leiden,114A561,Universiteit Leiden,OPLEIDING,1001O5965,56627,,NVAO,Bestuurskunde,Public Administration,2002-09-01,,WO-BA,BACHELOR,180,6,6,GETUIGSCHRIFT,Universiteit Leiden,Bestuurskunde,,Public Administration,VOLTIJD,NLD,2002-09-01,,2002-09-01,,,,,GEEN_DEFICIENTIES,GEEN_EISEN,PROPEDEUTISCHE_FASE_ZONDER_EXAMEN,GEEN_STUDIEKEUZE_CHECK,GEEN_VERSNELD_TRAJECT,936b2d9f-d706-43ab-be6c-0cc3e3e4c9a0,936b2d9f-d706-43ab-be6c-0cc3e3e4c9a0,114X176,Lange Voorhout,'s-Gravenhage,"*Welkom bij het Instituut Bestuurskunde van de Universiteit Leiden. De opleiding bestuurskunde is een internationaal georiënteerde, academische studie die gericht is op de kernvraagstukken van het openbaar bestuur.*\nBinnen het Instituut Bestuurskunde bieden wij drie bachelortracks aan, namelijk:\n\n* [Bestuurskunde: Beleid, Bestuur en Organisatie](/studies/BA-BSK-BBO)\n* [Bestuurskunde: Economie, Bestuur en Management](/studies/BA-BSK-EBM)\n* [Bestuurskunde: Digitalisering, Bestuur en Maatschappij ](/studies/BA-BSK-DBM)(voorheen 'Digitalisering, Data en Governance')\n\nHet welkom van de eerstejaars Bestuurskunde studenten vindt plaats op 28 augustus 2026.\n\nJe zal samen met je mentorgroep kennismaken met elkaar, je docent en je studentmentor (een ouderejaars). Ook zal je wat praktische informatie krijgen. In de ochtend zal de ene helft van de groep naar de campus in Den Haag komen en in de middag de andere helft. Meer informatie volgt per e-mail in juli/ augustus."
107B578,Universiteit Leiden,114A561,Universiteit Leiden,OPLEIDING,1001O5978,56703,,NVAO,Archeologie,Archaeology,2002-09-01,,WO-BA,BACHELOR,180,6,6,GETUIGSCHRIFT,Universiteit Leiden,Archeologie,,Archaeology,VOLTIJD,NLD,2002-09-01,,2002-09-01,,,,,GEEN_DEFICIENTIES,GEEN_EISEN,PROPEDEUTISCHE_FASE_EXAMEN,GEEN_STUDIEKEUZE_CHECK,GEEN_VERSNELD_TRAJECT,9302e80d-d9bd-417c-bd9f-707a5023a8df,9302e80d-d9bd-417c-bd9f-707a5023a8df,114X175,Rapenburg,Leiden,"### Introduction\n\nArchaeology is an exciting discipline, in which you combine very different skills and fields of knowledge.\n\nYou venture out into the world to discover, study and interpret traces of past societies in the landscape, but you also work with both your head and hands in the classroom, in the laboratory, and at your desk, applying academic theories and analysing archaeological materials.\n\nYou often have to interpret scanty information, and fill in the gaps by thinking like an anthropologist, even if you are reconstructing life in societies we can no longer see. Where possible, you use historical sources, like a historian, but you also explore whether you can use high-tech methods from the natural sciences. Archaeology can therefore always be found at the interfaces between history and the social and natural sciences.\n\nThe field of archaeology itself encompasses the deep and even deepest history of humans, human societies and our intervention in nature.\nAs an archaeologist you also collect a large amount of valuable information that can shine new light on the big issues society faces today. You study early examples of globalisation and mass migration, following them over the centuries.\n\nYou study examples of growing social inequality and its effects on different groups in society. You deliberate over when humans first began to affect nature significantly and the long-term consequences of this, even for the population of today's world.\n\nYou study how different societies and cultures view their cultural and natural heritage, and how important this heritage can be to their identities.\n\nThis is what makes Archaeology the programme for people of all ages who wish to combine a particular fascination with the past with a broad general interest."
107B578,Universiteit Leiden,114A561,Universiteit Leiden,OPLEIDING,1001O5992,56803,,NVAO,Taalwetenschap,Linguistics,2002-09-01,,WO-BA,BACHELOR,180,6,6,GETUIGSCHRIFT,Universiteit Leiden,Taalwetenschap,,Linguistics,VOLTIJD,NLD,2002-09-01,,2002-09-01,,,,,GEEN_DEFICIENTIES,GEEN_EISEN,PROPEDEUTISCHE_FASE_ZONDER_EXAMEN,GEEN_STUDIEKEUZE_CHECK,GEEN_VERSNELD_TRAJECT,317696ce-099e-4d80-ac75-6e9203b4a505,317696ce-099e-4d80-ac75-6e9203b4a505,114X175,Rapenburg,Leiden,"Taalwetenschap is denken over taal op wetenschappelijke grondslag. Als je Taalwetenschap studeert, bestudeer je taal en het gebruik ervan vanuit alle denkbare invalshoeken.\n\nDe duur van de opleiding is drie jaar, in voltijd. De voertalen zijn Nederlands en Engels. Uitgebreidere informatie kun je vinden onder ‘Meer info’. Het bezoekadres is Reuvensplaats te Leiden."
107B578,Universiteit Leiden,114A561,Universiteit Leiden,OPLEIDING,1001O5998,56804,,NVAO,Nederlandse Taal en Cultuur,Dutch Language and Culture,2002-09-01,,WO-BA,BACHELOR,180,6,6,GETUIGSCHRIFT,Universiteit Leiden,Nederlandse Taal en Cultuur,,Dutch Language and Culture,VOLTIJD,NLD,2002-09-01,,2002-09-01,,,,,GEEN_DEFICIENTIES,GEEN_EISEN,PROPEDEUTISCHE_FASE_ZONDER_EXAMEN,GEEN_STUDIEKEUZE_CHECK,GEEN_VERSNELD_TRAJECT,f3d4ac08-6c10-41a1-9fd4-55bf8c48f4c9,f3d4ac08-6c10-41a1-9fd4-55bf8c48f4c9,114X175,Rapenburg,Leiden,"De bachelor Nederlandse taal en cultuur omvat een driejarige opleiding van 180 EC. Er is aandacht voor de Moderne en Oudere Nederlandse letterkunde, de Nederlandse taalkunde, de taalbeheersing en media.\n\nHet eerste jaar bestaat geheel uit verplichte vakken (60 EC), evenals het eerste semester van het tweede jaar (30 EC). In het vierde semester kun je al gaan voorsorteren op je specialisatie (taalkunde, moderne letterkunde, oudere letterkunde, taalbeheersing) met de gebonden keuzevakken (30 EC).\n\nIn het derde jaar\* volg je nog een aantal gebonden keuzevakken (20EC), schrijf je je BA-eindwerkstuk (10EC) en is er ruimte voor het volgen van een minor of een vrij keuzepakket.\n\n\*Cohort 23/24 en ouder volgt in jaar 3: 15 EC aan gebonden keuzevakken, 5 EC specialisatietentamen, 10 EC BA-eindwerkstuk en 30 EC minor of vrij keuzepakket.\n\nVoor meer informatie over het programma kun je contact opnemen met de [Studieadviseur](https://studiegids.universiteitleiden.nl/studies/10739/stuconederlands@hum.leidenuniv.nl)."
107B578,Universiteit Leiden,114A561,Universiteit Leiden,OPLEIDING,1001O6004,56805,,NVAO,Duitse Taal en Cultuur,,2002-09-01,,WO-BA,BACHELOR,180,6,6,GETUIGSCHRIFT,Universiteit Leiden,Duitse Taal en Cultuur,,German Language and Culture,VOLTIJD,NLD,2002-09-01,,2002-09-01,,,,,GEEN_DEFICIENTIES,GEEN_EISEN,PROPEDEUTISCHE_FASE_ZONDER_EXAMEN,GEEN_STUDIEKEUZE_CHECK,GEEN_VERSNELD_TRAJECT,6c2c1673-374e-41e5-b5c7-e2f9b1e4e050,6c2c1673-374e-41e5-b5c7-e2f9b1e4e050,114X175,Rapenburg,Leiden,"De Universiteit Leiden is één van de twee universiteiten in Nederland die een volwaardige bacheloropleiding Duitse taal en cultuur aanbiedt. In deze driejarige opleiding bestudeer je de Duitstalige landen en het Duits vanuit het perspectief van drie wetenschappelijke disciplines: de taalwetenschap, de literatuurwetenschap en de cultuurwetenschap. Verder train je intensief je Duitse taalvaardigheid.\n\nHet eerste jaar bestaat geheel uit verplichte vakken. In je tweede jaar ga je een halfjaar naar een Duitse universiteit. In het derde jaar kun je je specialiseren in één van de drie wetenschapsgebieden. Daarnaast is er in het derde jaar een keuzeruimte van 30 EC."
107B578,Universiteit Leiden,114A561,Universiteit Leiden,OPLEIDING,1001O6010,56806,,NVAO,Engelse Taal en Cultuur,,2002-09-01,,WO-BA,BACHELOR,180,6,6,GETUIGSCHRIFT,Universiteit Leiden,English Language and Culture,,English Language and Culture,VOLTIJD,ENG,2002-09-01,,2002-09-01,,,,,GEEN_DEFICIENTIES,GEEN_EISEN,PROPEDEUTISCHE_FASE_ZONDER_EXAMEN,GEEN_STUDIEKEUZE_CHECK,GEEN_VERSNELD_TRAJECT,6ae30079-4cd6-43ff-bb20-ff67d9f33284,6ae30079-4cd6-43ff-bb20-ff67d9f33284,114X175,Rapenburg,Leiden,"The bachelor programme English language and culture consists of courses in *Philology*, *Literature*, *Linguistics* and *English Language* (or *Language Acquisition*). The duration of the BA programme is three years and equals 180 EC. The 180 EC are divided as follows: 140 EC for the main study programme, 30 EC towards the minor and the remaining 10 EC for *Core Curriculum* courses (*Philosophy of Science* and *Humanities in a Digital World*)."
107B578,Universiteit Leiden,114A561,Universiteit Leiden,OPLEIDING,1001O6018,56808,,NVAO,Franse Taal en Cultuur,,2002-09-01,,WO-BA,BACHELOR,180,6,6,GETUIGSCHRIFT,Universiteit Leiden,Franse Taal en Cultuur,,French Language and Culture,VOLTIJD,NLD,2002-09-01,,2002-09-01,,,,,GEEN_DEFICIENTIES,GEEN_EISEN,PROPEDEUTISCHE_FASE_ZONDER_EXAMEN,GEEN_STUDIEKEUZE_CHECK,GEEN_VERSNELD_TRAJECT,45073c5b-1603-4af2-8994-24a755deb82e,45073c5b-1603-4af2-8994-24a755deb82e,114X175,Rapenburg,Leiden,"De bachelor Franse taal en cultuur omvat een driejarige opleiding (180 ec). Hierbinnen wordt aandacht besteed aan taalvaardigheid en vooral aan de vakgebieden taalkunde, letterkunde en cultuurkunde. Daarnaast verwerven studenten algemene academische vaardigheden. In de propedeuse (60 ec) ligt het programma geheel vast. Het tweede en derde jaar bachelorjaar bestaan behalve uit vaste onderdelen ook uit keuzeonderdelen (*Séminaires*) binnen de opleiding Frans.\n\nHet derde bachelorjaar (60 ec) omvat naast vaste onderdelen en de scriptie (het BA-eindwerkstuk) tevens een vrije keuzeruimte van 30 ec t.b.v. een minor, een buitenlandverblijf of een keuzepakket."
107B578,Universiteit Leiden,114A561,Universiteit Leiden,OPLEIDING,1001O6023,56809,,NVAO,Italiaanse Taal en Cultuur,,2002-09-01,,WO-BA,BACHELOR,180,6,6,GETUIGSCHRIFT,Universiteit Leiden,Italiaanse Taal en Cultuur,,Italian Language and Culture,VOLTIJD,NLD,2002-09-01,,2026-09-01,,,,,GEEN_DEFICIENTIES,GEEN_EISEN,PROPEDEUTISCHE_FASE_ZONDER_EXAMEN,GEEN_STUDIEKEUZE_CHECK,GEEN_VERSNELD_TRAJECT,5e0dcfac-87d7-4241-a306-847fb32b9338,5e0dcfac-87d7-4241-a306-847fb32b9338,114X175,Rapenburg,Leiden,
107B578,Universiteit Leiden,114A561,Universiteit Leiden,OPLEIDING,1001O6038,56818,,NVAO,Chinastudies,Chinese Studies,2002-09-01,,WO-BA,BACHELOR,180,6,6,GETUIGSCHRIFT,Universiteit Leiden,Chinastudies,,Chinese Studies,VOLTIJD,NLD,2011-09-01,,2026-09-01,,,,,GEEN_DEFICIENTIES,GEEN_EISEN,PROPEDEUTISCHE_FASE_ZONDER_EXAMEN,GEEN_STUDIEKEUZE_CHECK,GEEN_VERSNELD_TRAJECT,7ec304b7-5cc0-4311-9cbe-04538dd60aa6,7ec304b7-5cc0-4311-9cbe-04538dd60aa6,114X175,Rapenburg,Leiden,
107B578,Universiteit Leiden,114A561,Universiteit Leiden,OPLEIDING,1001O6039,56819,,NVAO,Japanstudies,Japanese Studies,2002-09-01,,WO-BA,BACHELOR,180,6,6,GETUIGSCHRIFT,Universiteit Leiden,Japanstudies,,Japanese Studies,VOLTIJD,NLD,2011-09-01,,2026-09-01,,,,,GEEN_DEFICIENTIES,GEEN_EISEN,PROPEDEUTISCHE_FASE_ZONDER_EXAMEN,GEEN_STUDIEKEUZE_CHECK,GEEN_VERSNELD_TRAJECT,8338f751-e95b-4388-ad31-a079d5489b26,8338f751-e95b-4388-ad31-a079d5489b26,114X175,Rapenburg,Leiden,
107B578,Universiteit Leiden,114A561,Universiteit Leiden,OPLEIDING,1001O6040,56820,,NVAO,Koreastudies,Korean Studies,2002-09-01,,WO-BA,BACHELOR,180,6,6,GETUIGSCHRIFT,Universiteit Leiden,Koreastudies,,Korean Studies,VOLTIJD,NLD,2011-09-01,,2011-09-01,,,,,GEEN_DEFICIENTIES,GEEN_EISEN,PROPEDEUTISCHE_FASE_ZONDER_EXAMEN,GEEN_STUDIEKEUZE_CHECK,GEEN_VERSNELD_TRAJECT,a26947de-77c5-4e7f-b8ec-0f514fdf2b74,a26947de-77c5-4e7f-b8ec-0f514fdf2b74,114X175,Rapenburg,Leiden,"Eerstejaarsstudenten hoeven zich voor de vakken in semester 1 niet zelf in te schrijven, dit wordt door de onderwijsadministratie gedaan."
107B578,Universiteit Leiden,114A561,Universiteit Leiden,OPLEIDING,1001O6041,56821,,NVAO,African Studies,African Studies,2002-09-01,,WO-BA,BACHELOR,180,6,6,GETUIGSCHRIFT,Universiteit Leiden,African Studies,,African Studies,VOLTIJD,ENG,2022-09-01,,2022-09-01,,,,,GEEN_DEFICIENTIES,GEEN_EISEN,PROPEDEUTISCHE_FASE_ZONDER_EXAMEN,GEEN_STUDIEKEUZE_CHECK,GEEN_VERSNELD_TRAJECT,a62cb339-7da0-4065-b548-454638f4a878,a62cb339-7da0-4065-b548-454638f4a878,114X175,Rapenburg,Leiden,"The Bachelor African Studies has an orientation towards the Humanities. Students can specialize within three tracks: History and Anthropology, Literature and Film (Art), and Linguistics. It is possible to combine the tracks. Students also follow Swahili language courses, divided over the three years. Additionally, students choose a second language that will be taught during the study abroad.\nThe first year courses are compulsory for all students, in which there will be special attention to develop digital research and publication skills. At the end of the first year students choose a track, or a combination of two tracks.\nIn the second year, students follow compulsory courses and electives from their chosen track in the first semester and get the opportunity to choose between different options to go to a University or knowledge institute in Africa during the second semester.\nIn the third year the students will work on a project course during the first semester, that demands them to apply their skills on a more practice oriented theme and end product. The last semester consists of writing a thesis and completing track specific courses."
107B578,Universiteit Leiden,114A561,Universiteit Leiden,OPLEIDING,1001O6048,56824,,NVAO,Kunstgeschiedenis,,2002-09-01,,WO-BA,BACHELOR,180,6,6,GETUIGSCHRIFT,Universiteit Leiden,Kunstgeschiedenis,,Art History,VOLTIJD,NLD,2002-09-01,,2026-09-01,,,,,GEEN_DEFICIENTIES,GEEN_EISEN,PROPEDEUTISCHE_FASE_ZONDER_EXAMEN,GEEN_STUDIEKEUZE_CHECK,GEEN_VERSNELD_TRAJECT,cf6ccfea-6aa4-47dc-8026-7a3cb434ed68,cf6ccfea-6aa4-47dc-8026-7a3cb434ed68,114X175,Rapenburg,Leiden,
107B578,Universiteit Leiden,114A561,Universiteit Leiden,OPLEIDING,1001O6061,56827,,NVAO,Fiscaal Recht,Tax Law,2002-09-01,,WO-BA,BACHELOR,180,6,6,GETUIGSCHRIFT,Universiteit Leiden,Fiscaal Recht,,Tax Law,VOLTIJD,NLD,2002-09-01,,2002-09-01,,,,,GEEN_DEFICIENTIES,GEEN_EISEN,PROPEDEUTISCHE_FASE_EXAMEN,GEEN_STUDIEKEUZE_CHECK,GEEN_VERSNELD_TRAJECT,c2311d3c-2fb8-4a92-893b-5857b81f4ced,c2311d3c-2fb8-4a92-893b-5857b81f4ced,114X175,Rapenburg,Leiden,Belangrijke informatie over jouw opleiding kun je vinden op de speciale opleidingspagina in Brightspace; hiervoor dien je je aan te melden via MyStudymap.\n\nOvergangsregelingen zijn te vinden op de [website](https://www.student.universiteitleiden.nl/je-opleiding/opleidingsprogramma/rechtsgeleerdheid/fiscaal-recht-llb?cf=rechtsgeleerdheid&cd=fiscaal-recht-llb#tab-3).
107B578,Universiteit Leiden,114A561,Universiteit Leiden,OPLEIDING,1001O6067,56828,,NVAO,Notarieel Recht,Notarial Law,2002-09-01,,WO-BA,BACHELOR,180,6,6,GETUIGSCHRIFT,Universiteit Leiden,Notarieel Recht,,Notarial Law,VOLTIJD,NLD,2002-09-01,,2002-09-01,,,,,GEEN_DEFICIENTIES,GEEN_EISEN,PROPEDEUTISCHE_FASE_EXAMEN,GEEN_STUDIEKEUZE_CHECK,GEEN_VERSNELD_TRAJECT,2a8b67fc-e8eb-4845-a1b1-2f11864f7170,2a8b67fc-e8eb-4845-a1b1-2f11864f7170,114X175,Rapenburg,Leiden,Belangrijke informatie over jouw opleiding kun je vinden op de speciale opleidingspagina in Brightspace; hiervoor dien je je aan te melden via MyStudymap.\n\nOvergangsregelingen zijn te vinden op de [website](https://www.student.universiteitleiden.nl/je-opleiding/opleidingsprogramma/rechtsgeleerdheid/notarieel-recht-llb?cf=rechtsgeleerdheid&cd=notarieel-recht-llb#tab-3).\n\n
107B578,Universiteit Leiden,114A561,Universiteit Leiden,OPLEIDING,1001O6117,56860,,NVAO,Biologie,Biology,2002-09-01,,WO-BA,BACHELOR,180,6,6,GETUIGSCHRIFT,Universiteit Leiden,Biologie,,Biology,VOLTIJD,NLD,2002-09-01,,2002-09-01,,,,,GEEN_DEFICIENTIES,GEEN_EISEN,PROPEDEUTISCHE_FASE_ZONDER_EXAMEN,GEEN_STUDIEKEUZE_CHECK,GEEN_VERSNELD_TRAJECT,62bcefb3-ce80-4f36-a0de-8c141d886cf8,62bcefb3-ce80-4f36-a0de-8c141d886cf8,114X175,Rapenburg,Leiden,"## **Curriculumwijzigingen**\n\nIn 2025-2026 en in 2026-2027 zijn er verschillende curriculumwijzigingen doorgevoerd. Zie de uitgebreide FAQ op de [bachelor biologie Brightspace](https://brightspace.universiteitleiden.nl/d2l/le/lessons/22647/topics/3875280).\n\nSommige vakken kun je in 26-27 nog eenmaal op de oude manier afronden. Lees bij de vakbeschrijving onder het kopje 'bezemvakken' in de studiegids per vak wat je moet doen om het op de oude manier te halen.\n\nAndere vakken zijn vervallen en kun je niet meer in de oude vorm volgen. In dat geval moet je een vervangend vak volgen. Hoe dit werkt, zie je in het overzicht met overgangsregelingen. Deze is te vinden op de bachelor biologie Brightspace.\n\n## **Beschrijving**\n\nDe bachelor biologie wordt in Leiden verzorgd door het Institute of Biology Leiden (IBL), met bijdragen van het Centrum voor Milieuwetenschappen Leiden (CML) en Naturalis Biodiversity Center (Naturalis). De bachelor duurt 3 jaar (180EC) en is als volgt opgebouwd:\n\n*Jaar 1*\nIn het eerste jaar volg je een vast programma. In deze periode worden vakken gegeven die alle thema’s binnen de biologie behandelen. Je neemt deel aan colleges, practica en excursies. Daarnaast besteed je ongeveer 10% van je tijd aan vakken zoals wiskunde en statistiek.\n*Jaar 2*\nDe eerste helft van het tweede jaar volg je ook een vast programma. Je verdiept hiermee je kennis die je in het eerste jaar hebt opgedaan. De tweede helft van dit jaar kun je naar eigen voorkeur invullen met keuzevakken uit het aanbod van de opleiding.\n*Jaar 3*\nIn het derde jaar heb je veel keuzevrijheid en kies je zelf hoe je de eerste helft invult. Bijvoorbeeld met een minor of een uitwisselingsprogramma. De bacheloropleiding sluit je af met het Bachelor Research Project, waarin je je verworven kennis en vaardigheden toepast in een wetenschappelijke onderzoeksgroep.\n\nAls je de bachelor afrondt, ontvang je een diploma Bachelor of Science in Biologie. Hiermee kun je worden verder studeren met een aansluitende masteropleiding, of besluiten de arbeidsmarkt op te gaan. Met je diploma kun je alle tracks van de Master Biology in Leiden volgen, ongeacht de keuzes die je in de bachelor hebt gemaakt.\n\n## Contact\n\nHeb je interesse in deze bachelor? Kijk [op deze pagina](https://www.universiteitleiden.nl/onderwijs/opleidingen/bachelor/biologie) voor informatie over toelating en aamelding.\n\nHuidige studenten kunnen contact opnemen met de studieadviseur over inhoudelijke vragen en advies: [BioBscStudieadviseur@biology.leidenuniv.nl](mailto:BioBscStudieadviseur@biology.leidenuniv.nl)\n\nVoor vragen over Brightspace, vakinschrijving, etc. kun je contact opnemen met het IBL Education Office - studentzaken: [Bio-Studentaffairs@biology.leidenuniv.nl](mailto:bio-studentaffairs@biology.leidenuniv.nl)"
107B578,Universiteit Leiden,114A561,Universiteit Leiden,OPLEIDING,1001O6169,56978,,NVAO,Informatica,Computer Science,2002-09-01,,WO-BA,BACHELOR,180,6,6,GETUIGSCHRIFT,Universiteit Leiden,Informatica,,Computer Science,VOLTIJD,NLD,2002-09-01,,2002-09-01,,,,,GEEN_DEFICIENTIES,GEEN_EISEN,PROPEDEUTISCHE_FASE_ZONDER_EXAMEN,GEEN_STUDIEKEUZE_CHECK,GEEN_VERSNELD_TRAJECT,a4812baf-728b-4150-8051-5905a14a0505,a4812baf-728b-4150-8051-5905a14a0505,114X175,Rapenburg,Leiden,
107B578,Universiteit Leiden,114A561,Universiteit Leiden,OPLEIDING,1001O6176,56980,,NVAO,Wiskunde,Mathematics,2002-09-01,,WO-BA,BACHELOR,180,6,6,GETUIGSCHRIFT,Universiteit Leiden,Wiskunde,,Mathematics,VOLTIJD,NLD,2002-09-01,,2002-09-01,,,,,GEEN_DEFICIENTIES,GEEN_EISEN,PROPEDEUTISCHE_FASE_ZONDER_EXAMEN,GEEN_STUDIEKEUZE_CHECK,GEEN_VERSNELD_TRAJECT,1eebade1-2fc2-4516-8dbd-395527bc62fb,1eebade1-2fc2-4516-8dbd-395527bc62fb,114X175,Rapenburg,Leiden,"De bacheloropleiding Wiskunde heeft een lengte van drie jaar en is er op gericht een gedegen vaardigheid te ontwikkelen binnen een breed scala van wiskundige richtingen. De eerste tijd ligt het programma voor iedereen min of meer vast, daarna volgt meer keuzevrijheid. Het derde jaar bestaat vrijwel geheel uit keuzevakken. De opleiding wordt afgesloten met het volgen van een Seminarium in een van de twee bachelor-afstudeerrichtingen (te weten Algebra-Meetkunde-Getaltheorie en Analyse-Kansrekening-Statistiek-Stochastiek) en het schrijven van een scriptie.\n\nNaast de bacheloropleiding Wiskunde (afgekort W) is het mogelijk om de opleiding gelijktijdig te volgen met de volgende bachelorprogramma's:\n\n* Wiskunde en Sterrenkunde (afgekort WS), of\n* Wiskunde en Natuurkunde (afgekort WN), of\n* Wiskunde en Informatica (afgekort WI).\n\nBij goed gevolg leveren deze combinaties twee afzonderlijke bachelordiploma’s op, één van elke opleiding. Meer informatie hierover volgt binnenkort."
107B578,Universiteit Leiden,114A561,Universiteit Leiden,OPLEIDING,1001O6203,56990,,NVAO,Biomedische Wetenschappen,,2002-09-01,,WO-BA,BACHELOR,180,6,6,GETUIGSCHRIFT,Universiteit Leiden,Biomedische Wetenschappen,,Biomedical Science,VOLTIJD,NLD,2002-09-01,,2002-09-01,,,,,GEEN_DEFICIENTIES,GEEN_EISEN,PROPEDEUTISCHE_FASE_ZONDER_EXAMEN,GEEN_STUDIEKEUZE_CHECK,GEEN_VERSNELD_TRAJECT,3282d4c3-9710-43a9-b8ac-7195b996fe99,3282d4c3-9710-43a9-b8ac-7195b996fe99,114X175,Rapenburg,Leiden,*De studiegids is nog onder voorbehoud. Wijzigingen kunnen nog worden doorgevoerd tot 31 augustus.*\n\nDe bacheloropleiding Biomedische wetenschappen geeft inzicht in het gezonde en zieke menselijk lichaam en in de methoden en technieken van biomedisch wetenschappelijk onderzoek. Het betreft een programma van drie jaar (180 studiepunten).\n\n|  |\n| --- |\n|\n
107B578,Universiteit Leiden,114A561,Universiteit Leiden,OPLEIDING,1001O6229,59316,,NVAO,International Studies,International Studies,2014-09-02,,WO-BA,BACHELOR,180,6,6,GETUIGSCHRIFT,Universiteit Leiden,International Studies,,International Studies,VOLTIJD,ENG,2014-09-01,,2026-09-01,,,,,GEEN_DEFICIENTIES,GEEN_EISEN,PROPEDEUTISCHE_FASE_ZONDER_EXAMEN,GEEN_STUDIEKEUZE_CHECK,GEEN_VERSNELD_TRAJECT,5148ad1c-e08b-4b33-a0bb-959a46f2c54c,5148ad1c-e08b-4b33-a0bb-959a46f2c54c,114X176,Lange Voorhout,'s-Gravenhage,
107B578,Universiteit Leiden,114A561,Universiteit Leiden,OPLEIDING,1001O6231,59320,,NVAO,Security Studies,Security Studies,2017-09-01,,WO-BA,BACHELOR,180,6,6,GETUIGSCHRIFT,Universiteit Leiden,Security Studies,,Security Studies,VOLTIJD,ENG,2017-09-01,,2017-09-01,,,,,GEEN_DEFICIENTIES,GEEN_EISEN,PROPEDEUTISCHE_FASE_ZONDER_EXAMEN,GEEN_STUDIEKEUZE_CHECK,GEEN_VERSNELD_TRAJECT,97b29776-81a7-4cdf-a436-d140e66cb614,97b29776-81a7-4cdf-a436-d140e66cb614,114X176,Lange Voorhout,'s-Gravenhage,"The Bachelor Security Studies is the first academic BSc programme in continental Europe focusing on contemporary security and safety challenges. It is a three-year, English-taught programme that combines theory, practice, and skills, within an interdisciplinary framework. The programme helps students develop into well-rounded, academically trained security specialists.\n\nSecurity and safety challenges rank among the most pressing contemporary issues for individuals, organisations, businesses, and states. They must deal with both real and perceived threats at local, regional and international levels. These threats may include: international terrorism, organised crime, cyber incidents, civil unrest, urban riots and natural or industrial disasters. Both technological and social developments have led to a rise in the number of complex security and safety challenges, that may affect societies and people across the globe. Addressing these security and safety challenges requires an academic approach, a critical attitude and knowledge of all relevant factors related to specific security and safety challenges.\n\nThe Bachelor Security Studies teaches students to analyse and address security and safety challenges. Using various theoretical lenses, students will learn how to unravel security cases by focusing not only on the political, historical and societal context, but also on governance structures, institutions and the role of the media. The programme employs a wide range of teaching methods to stimulate critical thinking in students, such as lectures, work groups, and excursions. Special attention is given to the development of academic and professional skills and the application of these skills to contemporary security and safety cases.\n\nThe Bachelor Security Studies is part of the Institute of Security and Global Affairs and is taught at Leiden University’s Faculty of Governance and Global Affairs located in The Hague."
107B578,Universiteit Leiden,114A561,Universiteit Leiden,OPLEIDING,1001O6237,59328,,NVAO,Urban Studies,Urban Studies,2018-09-01,,WO-BA,BACHELOR,180,6,6,GETUIGSCHRIFT,Universiteit Leiden,Urban Studies,,Urban Studies,VOLTIJD,ENG,2018-09-01,,2026-09-01,,,,,GEEN_DEFICIENTIES,GEEN_EISEN,PROPEDEUTISCHE_FASE_ZONDER_EXAMEN,GEEN_STUDIEKEUZE_CHECK,GEEN_VERSNELD_TRAJECT,7699cbb2-d1db-4f58-ba2e-c63f7807f00b,7699cbb2-d1db-4f58-ba2e-c63f7807f00b,114X176,Lange Voorhout,'s-Gravenhage,
107B578,Universiteit Leiden,114A561,Universiteit Leiden,OPLEIDING,1001O8921,50996,,NVAO,Economie & Samenleving,Economics & Society,2025-09-01,,WO-BA,BACHELOR,180,6,6,GETUIGSCHRIFT,Universiteit Leiden,Economie en Samenleving,,Economics and Society,VOLTIJD,NLD,2025-09-01,,2025-09-01,,,,,GEEN_DEFICIENTIES,GEEN_EISEN,PROPEDEUTISCHE_FASE_EXAMEN,GEEN_STUDIEKEUZE_CHECK,GEEN_VERSNELD_TRAJECT,4b7ca1e3-7b76-44b9-91d7-5cba443515c4,4b7ca1e3-7b76-44b9-91d7-5cba443515c4,114X176,Lange Voorhout,'s-Gravenhage,"De BSc Economie & Samenleving is een Nederlandstalige opleiding in de algemene economie. Maatschappelijke vraagstukken staan centraal, instituties spelen een prominente rol, inzichten uit andere disciplines worden benut, en normatief-politieke afwegingen die inherent zijn aan het maken van economisch beleid worden onderstreept. De opleiding is gesitueerd in Den Haag – het hart van de Nederlandse politiek – en is een unieke samenwerking met de Erasmus School of Economics.\n\nDe BSc Economie & Samenleving heeft als doel om moderne economen op te leiden die in staat zijn om complexe maatschappelijke uitdagingen grondig te analyseren binnen een brede economische, juridische en politieke context. De opleiding kent de volgende speerpunten:\n\n* Studenten volgen een rigoureuze opleiding in zowel economische theorie als empirische analyse;\n* de opleiding biedt een heldere en consistente focus op maatschappelijke vraagstukken en bijhorende welvaartsimplicaties van economisch beleid;\n* de opleiding heeft ruim aandacht voor de normatieve aspecten die aan economisch beleid ten grondslag liggen;\n* studenten ontwikkelen grondige kennis van instituties, zowel economisch als niet-economisch, en integreren daarom ook inzichten uit andere disciplines.\n\nBelangrijke informatie over jouw opleiding kun je vinden op de speciale opleidingspagina in Brightspace; hiervoor dien je je aan te melden via MyStudymap.\n\nRooster\n\nHet rooster kan teruggevonden worden in MyTimeTable als je inschrijving voor het onderwijs en tentamens is doorgevoerd in MyStudymap. Het Onderwijs Informatie Centrum schrijft de eerstejaarsstudenten in voor alle vakken en (her)tentamens. \n\nStudieadviseur\n\nAls je in contact wilt komen met een studieadviseur, e-mail naar [studieadviseur.economie@law.leidenuniv.nl](mailto:studieadviseur.economie@law.leidenuniv.nl)"
107B578,Universiteit Leiden,114A561,Universiteit Leiden,OPLEIDING,1001O8924,59348,,NVAO,Cybersecurity & Cybercrime,Cybersecurity & Cybercrime,2025-09-01,,WO-BA,BACHELOR,180,6,6,GETUIGSCHRIFT,Universiteit Leiden,Cybersecurity & Cybercrime,,Cybersecurity & Cybercrime,VOLTIJD,NLD,2025-09-01,,2025-09-01,,,,,GEEN_DEFICIENTIES,GEEN_EISEN,PROPEDEUTISCHE_FASE_ZONDER_EXAMEN,GEEN_STUDIEKEUZE_CHECK,GEEN_VERSNELD_TRAJECT,edd060e9-1f6d-4023-8e68-ebe55d5989a7,edd060e9-1f6d-4023-8e68-ebe55d5989a7,114X176,Lange Voorhout,'s-Gravenhage,"Welkom bij de studiegids van de bacheloropleiding Cybersecurity & Cybercrime van de Universiteit Leiden. Het betreft een driejarig Nederlandstalig programma dat zich richt op de complexiteit van digitale veiligheid en cybercriminaliteit. Deze opleiding combineert theorie, praktijk en multidisciplinaire vaardigheden om studenten voor te bereiden op een carrière in het snelgroeiende vakgebied van cybersecurity en de preventie van cybercriminaliteit.\n\nDe opleiding Cybersecurity & Cybercrime is onderdeel van het Institute of Security and Global Affairs van de Faculteit Governance and Global Affairs, en wordt aangeboden in samenwerking met de Faculteit der Rechtsgeleerdheid en de Faculteit der Wiskunde en Natuurwetenschappen.\n\nIn deze studiegids vind je alle informatie over de inhoud van de opleiding. Het betreft een overzicht van de vakken, de leerdoelen per vak en de manier waarop deze vakken worden getoetst en beoordeeld. Lees deze informatie alsjeblieft goed door. De studiegids is een bijlage bij het Onderwijs- en Examenreglement. De inhoud van de studiegids is daarmee juridisch bindend. Bij vragen kun je contact opnemen met de opleiding via bacc@fgga.leidenuniv.nl.\n\nDe bacheloropleiding Cybersecurity & Cybercrime is een nieuwe opleiding die in september 2025 van start gaat. In deze studiegids staan daarom alleen de vakken van het eerste en tweede collegejaar. De vakken van jaar 3 worden zichtbaar vanaf juni 2027.\n\n**Rooster:**\n\nHet rooster kun je vinden onder de weblinks aan de rechterkant van deze pagina. In principe schrijven studenten zichzelf in voor alle vakken via MyStudyMap. Let op: eerstejaarsstudenten hoeven zich voor de vakken in semester 1 niet zelf in te schrijven. Dit wordt verzorgd door de onderwijsadministratie (OSC). Zij zijn bereikbaar via osc.fgga@fgga.leidenuniv.nl."
107B578,Universiteit Leiden,114A561,Universiteit Leiden,OPLEIDING,1001O8926,50474,,NVAO,Science for Sustainable Societies,Science for Sustainable Societies,2025-09-01,,WO-BA,BACHELOR,180,6,6,GETUIGSCHRIFT,Universiteit Leiden,Science for Sustainable Societies,,Science for Sustainable Societies,VOLTIJD,ENG,2025-09-01,,2025-09-01,,,,,GEEN_DEFICIENTIES,GEEN_EISEN,PROPEDEUTISCHE_FASE_ZONDER_EXAMEN,GEEN_STUDIEKEUZE_CHECK,GEEN_VERSNELD_TRAJECT,23783a5b-9606-46aa-8551-9af17c922efb,23783a5b-9606-46aa-8551-9af17c922efb,114X175,Rapenburg,Leiden,"### BSc Science for Sustainable Societies\n\nThe bachelor’s programme consists of 180 ECTS (ECTS stands for European Credit Transfer System), divided over 3 academic years. Each academic year comprises 60 ECTS. The curriculum is the same for all students, with the exception of the minor/elective space (30 ECTS) in the first semester of the third year.\n\nBrowse the Prospectus tabs corresponding to Year 1, 2, and 3 for specific information on the courses of each year.\n\nStudents can send an email to the [BSc SfSS studyadvisors](mailto:studyadvisor-sfss@cml.leidenuniv.nl) if they have any questions or concerns. \n\n"
107B605,Technische Universiteit Delft,111A562,Technische Universiteit Delft,VARIANT,1015O6835,,56951,NVAO,Bachelor Bouwkunde,"Bachelor Architecture, Urbanism and Building Sciences",,,WO-BA,BACHELOR,180,6,6,DIPLOMA,Technische Universiteit Delft,Bachelor Bouwkunde,,"Bachelor Architecture, Urbanism and Building Sciences",VOLTIJD,NLD,2020-11-21,,,,,,,GEEN_DEFICIENTIES,GEEN_EISEN,GEEN_PROPEDEUTISCHE_FASE,GEEN_STUDIEKEUZE_CHECK,GEEN_VERSNELD_TRAJECT,10e2b60a-fdb4-3c6b-e063-63beb4836d31,10e2b60a-fdb4-3c6b-e063-63beb4836d31,,,,Bouwkunde
107B605,Technische Universiteit Delft,111A562,Technische Universiteit Delft,VARIANT,1015O6836,,56951,NVAO,Minor Bouwkunde,"Minor Architecture, Urbanism and Building Sciences",,,WO-BA,BACHELOR,180,6,6,DIPLOMA,Technische Universiteit Delft,Minor Bouwkunde,,"Minor Architecture, Urbanism and Building Sciences",VOLTIJD,NLD,2020-11-21,,2022-09-01,,,,,GEEN_DEFICIENTIES,GEEN_EISEN,GEEN_PROPEDEUTISCHE_FASE,GEEN_STUDIEKEUZE_CHECK,GEEN_VERSNELD_TRAJECT,9dfde752-792e-4003-9400-c1598005adf7,9dfde752-792e-4003-9400-c1598005adf7,,,,Minor Bouwkunde
107B605,Technische Universiteit Delft,111A562,Technische Universiteit Delft,VARIANT,1015O6837,,56951,NVAO,"Schakelopleiding M. Architecture, Urbanism and Building Sci.","Bridging programme M. Architecture, Urbanism and Building S.",,,WO-BA,BACHELOR,180,6,6,DIPLOMA,Technische Universiteit Delft,"Schakelopleiding M. Architecture, Urbanism and Building Sci.",,"Bridging programme M. Architecture, Urbanism and Building S.",VOLTIJD,NLD,2020-11-21,,,,,,,GEEN_DEFICIENTIES,GEEN_EISEN,GEEN_PROPEDEUTISCHE_FASE,GEEN_STUDIEKEUZE_CHECK,GEEN_VERSNELD_TRAJECT,112eac50-0c27-9414-e063-63beb4832627,112eac50-0c27-9414-e063-63beb4832627,,,,"Schakelopleiding M. Architecture, Urbanism and Building Sci."
107B605,Technische Universiteit Delft,111A562,Technische Universiteit Delft,VARIANT,1015O6838,,56951,NVAO,Schakelopleiding Master Geomatics,Bridging programme Master Geomatics,,,WO-BA,BACHELOR,180,6,6,DIPLOMA,Technische Universiteit Delft,Schakelopleiding Master Geomatics,,Bridging programme Master Geomatics,VOLTIJD,NLD,2020-11-21,,2022-09-01,,,,,GEEN_DEFICIENTIES,GEEN_EISEN,GEEN_PROPEDEUTISCHE_FASE,GEEN_STUDIEKEUZE_CHECK,GEEN_VERSNELD_TRAJECT,1530980c-1289-b7fe-e063-63beb483ea52,1530980c-1289-b7fe-e063-63beb483ea52,,,,Schakelopleiding Master Geomatics
107B605,Technische Universiteit Delft,111A562,Technische Universiteit Delft,VARIANT,1015O6933,,56952,NVAO,Bachelor Civiele Techniek,Bachelor Civil Engineering,,,WO-BA,BACHELOR,180,6,6,DIPLOMA,Technische Universiteit Delft,Bachelor Civiele Techniek,,Bachelor Civil Engineering,VOLTIJD,NLD,2020-11-21,,2022-09-01,,,,,GEEN_DEFICIENTIES,GEEN_EISEN,GEEN_PROPEDEUTISCHE_FASE,STUDIEKEUZE_CHECK_VAN_TOEPASSING,GEEN_VERSNELD_TRAJECT,1479db3d-0ac0-de62-e063-63beb4838e95,1479db3d-0ac0-de62-e063-63beb4838e95,,,,Civiele Techniek
107B605,Technische Universiteit Delft,111A562,Technische Universiteit Delft,VARIANT,1015O6934,,56952,NVAO,Bijvakstudent Civiele Techniek (bachelor niveau),Guest student Civil Engineering (bachelor level),,,WO-BA,BACHELOR,180,6,6,DIPLOMA,Technische Universiteit Delft,Bijvakstudent Civiele Techniek (bachelor niveau),,Guest student Civil Engineering (bachelor level),VOLTIJD,NLD,2020-11-21,,2022-09-01,,,,,GEEN_DEFICIENTIES,GEEN_EISEN,GEEN_PROPEDEUTISCHE_FASE,GEEN_STUDIEKEUZE_CHECK,GEEN_VERSNELD_TRAJECT,1530980c-1295-b7fe-e063-63beb483ea52,1530980c-1295-b7fe-e063-63beb483ea52,,,,Bijvakstudent Civiele Techniek (bachelor niveau)
107B605,Technische Universiteit Delft,111A562,Technische Universiteit Delft,VARIANT,1015O6939,,56952,NVAO,"Schakelopleiding M. Transport, Infrastructure and Logistics","Bridging programme M. Transport, Infrastr. and Logistics",,,WO-BA,BACHELOR,180,6,6,DIPLOMA,Technische Universiteit Delft,"Schakelopleiding M. Transport, Infrastructure and Logistics",,"Bridging programme M. Transport, Infrastr. and Logistics",VOLTIJD,NLD,2020-11-21,,2022-09-01,,,,,GEEN_DEFICIENTIES,GEEN_EISEN,GEEN_PROPEDEUTISCHE_FASE,GEEN_STUDIEKEUZE_CHECK,GEEN_VERSNELD_TRAJECT,148e55ad-4e6f-64b1-e063-63beb483f067,148e55ad-4e6f-64b1-e063-63beb483f067,,,,"Schakelopleiding M. Transport, Infrastructure and Logistics"
107B605,Technische Universiteit Delft,111A562,Technische Universiteit Delft,VARIANT,1015O6940,,56953,NVAO,Bachelor Electrical Engineering,Bachelor Electrical Engineering,,,WO-BA,BACHELOR,180,6,6,DIPLOMA,Technische Universiteit Delft,Bachelor Electrical Engineering,,Bachelor Electrical Engineering,VOLTIJD,NLD,2020-11-21,,2022-09-01,,,,,GEEN_DEFICIENTIES,GEEN_EISEN,GEEN_PROPEDEUTISCHE_FASE,STUDIEKEUZE_CHECK_VERPLICHT,GEEN_VERSNELD_TRAJECT,147a30cb-edea-0336-e063-63beb483d396,147a30cb-edea-0336-e063-63beb483d396,,,,Electrical Engineering
107B605,Technische Universiteit Delft,111A562,Technische Universiteit Delft,VARIANT,1015O6941,,56953,NVAO,Bijvakstudent Electrical Engineering (bachelor niveau),Guest student Electrical Engineering (bachelor level),,,WO-BA,BACHELOR,180,6,6,DIPLOMA,Technische Universiteit Delft,Bijvakstudent Electrical Engineering (bachelor niveau),,Guest student Electrical Engineering (bachelor level),VOLTIJD,NLD,2020-11-21,,2022-09-01,,,,,GEEN_DEFICIENTIES,GEEN_EISEN,GEEN_PROPEDEUTISCHE_FASE,GEEN_STUDIEKEUZE_CHECK,GEEN_VERSNELD_TRAJECT,1530980c-129b-b7fe-e063-63beb483ea52,1530980c-129b-b7fe-e063-63beb483ea52,,,,Bijvakstudent Electrical Engineering (bachelor niveau)
107B605,Technische Universiteit Delft,111A562,Technische Universiteit Delft,VARIANT,1015O7228,,56995,NVAO,Bachelor Technische Bestuurskunde,"Bachelor Systems Engineering, Policy Analysis and Management",,,WO-BA,BACHELOR,180,6,6,DIPLOMA,Technische Universiteit Delft,Bachelor Technische Bestuurskunde,,"Bachelor Systems Engineering, Policy Analysis and Management",VOLTIJD,NLD,2020-11-21,,2022-09-01,,,,,GEEN_DEFICIENTIES,GEEN_EISEN,GEEN_PROPEDEUTISCHE_FASE,GEEN_STUDIEKEUZE_CHECK,GEEN_VERSNELD_TRAJECT,147a30cb-ee0c-0336-e063-63beb483d396,147a30cb-ee0c-0336-e063-63beb483d396,,,,Technische Bestuurskunde
107B605,Technische Universiteit Delft,111A562,Technische Universiteit Delft,VARIANT,1015O7229,,56966,NVAO,Bachelor Werktuigbouwkunde,Bachelor Mechanical Engineering,,,WO-BA,BACHELOR,180,6,6,DIPLOMA,Technische Universiteit Delft,Bachelor Werktuigbouwkunde,,Bachelor Mechanical Engineering,VOLTIJD,NLD,2020-11-21,,2022-09-01,,,,,GEEN_DEFICIENTIES,GEEN_EISEN,GEEN_PROPEDEUTISCHE_FASE,GEEN_STUDIEKEUZE_CHECK,GEEN_VERSNELD_TRAJECT,147a30cb-ee24-0336-e063-63beb483d396,147a30cb-ee24-0336-e063-63beb483d396,,,,Werktuigbouwkunde
107B605,Technische Universiteit Delft,111A562,Technische Universiteit Delft,VARIANT,1015O7230,,56965,NVAO,Bachelor Technische Wiskunde,Bachelor Applied Mathematics,,,WO-BA,BACHELOR,180,6,6,DIPLOMA,Technische Universiteit Delft,Bachelor Technische Wiskunde,,Bachelor Applied Mathematics,VOLTIJD,NLD,2020-11-21,,2022-09-01,,,,,GEEN_DEFICIENTIES,GEEN_EISEN,GEEN_PROPEDEUTISCHE_FASE,STUDIEKEUZE_CHECK_VERPLICHT,GEEN_VERSNELD_TRAJECT,147a30cb-ee1e-0336-e063-63beb483d396,147a30cb-ee1e-0336-e063-63beb483d396,,,,Technische Wiskunde
107B605,Technische Universiteit Delft,111A562,Technische Universiteit Delft,VARIANT,1015O7231,,56964,NVAO,Bachelor Technische Informatica,Bachelor Computer Science and Engineering,,,WO-BA,BACHELOR,180,6,6,DIPLOMA,Technische Universiteit Delft,Bachelor Technische Informatica,,Bachelor Computer Science and Engineering,VOLTIJD,NLD,2020-11-21,,2022-09-01,,,,,GEEN_DEFICIENTIES,GEEN_EISEN,GEEN_PROPEDEUTISCHE_FASE,GEEN_STUDIEKEUZE_CHECK,GEEN_VERSNELD_TRAJECT,147a30cb-ee12-0336-e063-63beb483d396,147a30cb-ee12-0336-e063-63beb483d396,,,,Technische Informatica
107B605,Technische Universiteit Delft,111A562,Technische Universiteit Delft,VARIANT,1015O7232,,56962,NVAO,Educatieve Module Informatica,Educational Module Informatics,,,WO-BA,BACHELOR,180,6,6,DIPLOMA,Technische Universiteit Delft,Educatieve Module Informatica,,Educational Module Informatics,VOLTIJD,NLD,2024-04-01,,,,,,,GEEN_DEFICIENTIES,GEEN_EISEN,GEEN_PROPEDEUTISCHE_FASE,GEEN_STUDIEKEUZE_CHECK,GEEN_VERSNELD_TRAJECT,1530980c-126b-b7fe-e063-63beb483ea52,1530980c-126b-b7fe-e063-63beb483ea52,,,,Opleiding tot leraar voortgezet onderwijs van de tweede graad in Informatica
107B605,Technische Universiteit Delft,111A562,Technische Universiteit Delft,VARIANT,1015O7233,,56959,NVAO,Bachelor Technische Aardwetenschappen,Bachelor Applied Earth Sciences,,,WO-BA,BACHELOR,180,6,6,DIPLOMA,Technische Universiteit Delft,Bachelor Technische Aardwetenschappen,,Bachelor Applied Earth Sciences,VOLTIJD,NLD,2020-11-21,,2022-09-01,,,,,GEEN_DEFICIENTIES,GEEN_EISEN,GEEN_PROPEDEUTISCHE_FASE,GEEN_STUDIEKEUZE_CHECK,GEEN_VERSNELD_TRAJECT,147a30cb-ee06-0336-e063-63beb483d396,147a30cb-ee06-0336-e063-63beb483d396,,,,Technische Aardwetenschappen
107B605,Technische Universiteit Delft,111A562,Technische Universiteit Delft,VARIANT,1015O7234,,56957,NVAO,Bachelor Maritieme Techniek,Bachelor Marine Technology,,,WO-BA,BACHELOR,180,6,6,DIPLOMA,Technische Universiteit Delft,Bachelor Maritieme Techniek,,Bachelor Marine Technology,VOLTIJD,NLD,2020-11-21,,2022-09-01,,,,,GEEN_DEFICIENTIES,GEEN_EISEN,GEEN_PROPEDEUTISCHE_FASE,STUDIEKEUZE_CHECK_VERPLICHT,GEEN_VERSNELD_TRAJECT,147a30cb-edff-0336-e063-63beb483d396,147a30cb-edff-0336-e063-63beb483d396,,,,Maritieme Techniek
107B605,Technische Universiteit Delft,111A562,Technische Universiteit Delft,VARIANT,1015O7235,,56956,NVAO,Bachelor Luchtvaart- en Ruimtevaarttechniek,Bachelor Aerospace Engineering,,,WO-BA,BACHELOR,180,6,6,DIPLOMA,Technische Universiteit Delft,Bachelor Luchtvaart- en Ruimtevaarttechniek,,Bachelor Aerospace Engineering,VOLTIJD,NLD,2020-11-21,,2022-09-01,,,,,GEEN_DEFICIENTIES,GEEN_EISEN,GEEN_PROPEDEUTISCHE_FASE,GEEN_STUDIEKEUZE_CHECK,GEEN_VERSNELD_TRAJECT,147a30cb-edf7-0336-e063-63beb483d396,147a30cb-edf7-0336-e063-63beb483d396,,,,Luchtvaart- en Ruimtevaarttechniek
107B605,Technische Universiteit Delft,111A562,Technische Universiteit Delft,VARIANT,1015O7236,,56955,NVAO,Bachelor Industrieel Ontwerpen,Bachelor Industrial Design,,,WO-BA,BACHELOR,180,6,6,DIPLOMA,Technische Universiteit Delft,Bachelor Industrieel Ontwerpen,,Bachelor Industrial Design,VOLTIJD,NLD,2020-11-21,,2022-09-01,,,,,GEEN_DEFICIENTIES,GEEN_EISEN,GEEN_PROPEDEUTISCHE_FASE,GEEN_STUDIEKEUZE_CHECK,GEEN_VERSNELD_TRAJECT,147a30cb-edf0-0336-e063-63beb483d396,147a30cb-edf0-0336-e063-63beb483d396,,,,Industrieel Ontwerpen
107B605,Technische Universiteit Delft,111A562,Technische Universiteit Delft,VARIANT,1015O7237,,56962,NVAO,Educatieve Module Natuurkunde,Educational Module Physics,,,WO-BA,BACHELOR,180,6,6,DIPLOMA,Technische Universiteit Delft,Educatieve Module Natuurkunde,,Educational Module Physics,VOLTIJD,NLD,2024-04-01,,,,,,,GEEN_DEFICIENTIES,GEEN_EISEN,GEEN_PROPEDEUTISCHE_FASE,GEEN_STUDIEKEUZE_CHECK,GEEN_VERSNELD_TRAJECT,1530980c-1271-b7fe-e063-63beb483ea52,1530980c-1271-b7fe-e063-63beb483ea52,,,,Opleiding tot leraar voortgezet onderwijs van de tweede graad in Natuurkunde
107B605,Technische Universiteit Delft,111A562,Technische Universiteit Delft,VARIANT,1015O7239,,56962,NVAO,Educatieve Module Scheikunde,Educational Module Chemistry,,,WO-BA,BACHELOR,180,6,6,DIPLOMA,Technische Universiteit Delft,Educatieve Module Scheikunde,,Educational Module Chemistry,VOLTIJD,NLD,2024-04-01,,,,,,,GEEN_DEFICIENTIES,GEEN_EISEN,GEEN_PROPEDEUTISCHE_FASE,GEEN_STUDIEKEUZE_CHECK,GEEN_VERSNELD_TRAJECT,1530980c-1283-b7fe-e063-63beb483ea52,1530980c-1283-b7fe-e063-63beb483ea52,,,,Opleiding tot leraar voortgezet onderwijs van de tweede graad in Scheikunde
107B605,Technische Universiteit Delft,111A562,Technische Universiteit Delft,VARIANT,1015O7240,,56962,NVAO,Educatieve Module Wiskunde,Educational Module Mathematics,,,WO-BA,BACHELOR,180,6,6,DIPLOMA,Technische Universiteit Delft,Educatieve Module Wiskunde,,Educational Module Mathematics,VOLTIJD,NLD,2024-04-01,,,,,,,GEEN_DEFICIENTIES,GEEN_EISEN,GEEN_PROPEDEUTISCHE_FASE,GEEN_STUDIEKEUZE_CHECK,GEEN_VERSNELD_TRAJECT,1530980c-127d-b7fe-e063-63beb483ea52,1530980c-127d-b7fe-e063-63beb483ea52,,,,Opleiding tot leraar voortgezet onderwijs van de tweede graad in Wiskunde
107B605,Technische Universiteit Delft,111A562,Technische Universiteit Delft,VARIANT,1015O7241,,56962,NVAO,Bachelor Technische Natuurkunde,Bachelor Applied Physics,,,WO-BA,BACHELOR,180,6,6,DIPLOMA,Technische Universiteit Delft,Bachelor Technische Natuurkunde,,Bachelor Applied Physics,VOLTIJD,NLD,2020-11-21,,2022-09-01,,,,,GEEN_DEFICIENTIES,GEEN_EISEN,GEEN_PROPEDEUTISCHE_FASE,STUDIEKEUZE_CHECK_VERPLICHT,GEEN_VERSNELD_TRAJECT,147a30cb-ee18-0336-e063-63beb483d396,147a30cb-ee18-0336-e063-63beb483d396,,,,Technische Natuurkunde
107B605,Technische Universiteit Delft,111A562,Technische Universiteit Delft,VARIANT,1015O7388,,55010,NVAO,Bachelor Life Science and Technology,Bachelor Life Science and Technology,,,WO-BA,BACHELOR,180,6,6,DIPLOMA,Technische Universiteit Delft,Bachelor Life Science and Technology,,Bachelor Life Science and Technology,VOLTIJD,NLD,2020-11-21,,2023-09-01,,,,,GEEN_DEFICIENTIES,GEEN_EISEN,GEEN_PROPEDEUTISCHE_FASE,GEEN_STUDIEKEUZE_CHECK,GEEN_VERSNELD_TRAJECT,148e55ad-4d5e-64b1-e063-63beb483f067,148e55ad-4d5e-64b1-e063-63beb483f067,,,,Life Science and Technology
107B605,Technische Universiteit Delft,111A562,Technische Universiteit Delft,VARIANT,1015O7390,,55007,NVAO,Bachelor Klinische Technologie,Bachelor Clinical Technology,,,WO-BA,BACHELOR,180,6,6,DIPLOMA,Technische Universiteit Delft,Bachelor Klinische Technologie,,Bachelor Clinical Technology,VOLTIJD,NLD,2020-11-21,,2023-09-01,,,,,GEEN_DEFICIENTIES,GEEN_EISEN,GEEN_PROPEDEUTISCHE_FASE,GEEN_STUDIEKEUZE_CHECK,GEEN_VERSNELD_TRAJECT,148e55ad-4d58-64b1-e063-63beb483f067,148e55ad-4d58-64b1-e063-63beb483f067,,,,Klinische Technologie
107B605,Technische Universiteit Delft,111A562,Technische Universiteit Delft,VARIANT,1015O7391,,55003,NVAO,Bachelor Nanobiologie,Bachelor Nanobiology,,,WO-BA,BACHELOR,180,6,6,DIPLOMA,Technische Universiteit Delft,Bachelor Nanobiologie,,Bachelor Nanobiology,VOLTIJD,NLD,2020-11-21,,2023-09-01,,,,,GEEN_DEFICIENTIES,GEEN_EISEN,GEEN_PROPEDEUTISCHE_FASE,GEEN_STUDIEKEUZE_CHECK,GEEN_VERSNELD_TRAJECT,148e55ad-4d6a-64b1-e063-63beb483f067,148e55ad-4d6a-64b1-e063-63beb483f067,,,,Nanobiologie
107B605,Technische Universiteit Delft,111A562,Technische Universiteit Delft,VARIANT,1015O7407,,56955,NVAO,Schakelopleiding Master Strategic Product Design,Bridging programme Master Strategic Product Design,,,WO-BA,BACHELOR,180,6,6,DIPLOMA,Technische Universiteit Delft,Schakelopleiding Master Strategic Product Design,,Bridging programme Master Strategic Product Design,VOLTIJD,NLD,2020-11-21,,2022-09-01,,,,,GEEN_DEFICIENTIES,GEEN_EISEN,GEEN_PROPEDEUTISCHE_FASE,GEEN_STUDIEKEUZE_CHECK,GEEN_VERSNELD_TRAJECT,148e55ad-4e63-64b1-e063-63beb483f067,148e55ad-4e63-64b1-e063-63beb483f067,,,,Schakelopleiding Master Strategic Product Design
107B605,Technische Universiteit Delft,111A562,Technische Universiteit Delft,VARIANT,1015O7415,,56962,NVAO,Schakelopleiding Master Science Education and Communication,Bridging programme Master Science Education and Communicat.,,,WO-BA,BACHELOR,180,6,6,DIPLOMA,Technische Universiteit Delft,Schakelopleiding Master Science Education and Communication,,Bridging programme Master Science Education and Communicat.,VOLTIJD,NLD,2020-11-21,,2022-09-01,,,,,GEEN_DEFICIENTIES,GEEN_EISEN,GEEN_PROPEDEUTISCHE_FASE,GEEN_STUDIEKEUZE_CHECK,GEEN_VERSNELD_TRAJECT,148e55ad-4e5d-64b1-e063-63beb483f067,148e55ad-4e5d-64b1-e063-63beb483f067,,,,Schakelopleiding Master Science Education and Communication
107B605,Technische Universiteit Delft,111A562,Technische Universiteit Delft,VARIANT,1015O7416,,56995,NVAO,Schakelopleiding M Complex Systems Eng. and Management,Bridging programme M Complex Systems Eng. and Management,,,WO-BA,BACHELOR,180,6,6,DIPLOMA,Technische Universiteit Delft,Schakelopleiding M Complex Systems Eng. and Management,,Bridging programme M Complex Systems Eng. and Management,VOLTIJD,NLD,2020-11-21,,2022-09-01,,,,,GEEN_DEFICIENTIES,GEEN_EISEN,GEEN_PROPEDEUTISCHE_FASE,GEEN_STUDIEKEUZE_CHECK,GEEN_VERSNELD_TRAJECT,148e55ad-4e69-64b1-e063-63beb483f067,148e55ad-4e69-64b1-e063-63beb483f067,,,,Schakelopleiding M Complex Systems Eng. and Management
107B605,Technische Universiteit Delft,111A562,Technische Universiteit Delft,VARIANT,1015O7461,,56951,NVAO,Bijvakstudent Bouwkunde (bachelor niveau),"Guest student Architecture, Urbanism and Building Sciences (",,,WO-BA,BACHELOR,180,6,6,DIPLOMA,Technische Universiteit Delft,Bijvakstudent Bouwkunde (bachelor niveau),,"Guest student Architecture, Urbanism and Building Sciences (",VOLTIJD,NLD,2020-11-21,,2022-09-01,,,,,GEEN_DEFICIENTIES,GEEN_EISEN,GEEN_PROPEDEUTISCHE_FASE,GEEN_STUDIEKEUZE_CHECK,GEEN_VERSNELD_TRAJECT,1530980c-128f-b7fe-e063-63beb483ea52,1530980c-128f-b7fe-e063-63beb483ea52,,,,Bijvakstudent Bouwkunde (bachelor niveau)
107B605,Technische Universiteit Delft,111A562,Technische Universiteit Delft,VARIANT,1016O6428,,56962,NVAO,Educatieve Module Techniek en Onderzoek & Ontwerpen,Educational Module Design & Technology,,,WO-BA,BACHELOR,180,6,6,DIPLOMA,Technische Universiteit Delft,Educatieve Module Techniek en Onderzoek & Ontwerpen,,Educational Module Design & Technology,VOLTIJD,NLD,2024-04-01,,,,,,,GEEN_DEFICIENTIES,GEEN_EISEN,GEEN_PROPEDEUTISCHE_FASE,GEEN_STUDIEKEUZE_CHECK,GEEN_VERSNELD_TRAJECT,1530980c-1277-b7fe-e063-63beb483ea52,1530980c-1277-b7fe-e063-63beb483ea52,,,,Opleiding tot leraar voortgezet onderwijs van de tweede graad in Techniek en Onderzoek & Ontwerpen
107B617,Theologische Universiteit van de Gereformeerde Kerk (Vrijg) in Nederland,114A554,Theologische Universiteit Utrecht,OPLEIDING,1001O5860,56109,,NVAO,Theologie,,2002-09-01,,WO-BA,BACHELOR,180,6,6,GETUIGSCHRIFT,Theologische Universiteit van de Nederlandse Gereformeerde Kerken,Theologie,,,VOLTIJD,NLD,2022-09-01,,,,,,,DEFICIENTIES,GEEN_EISEN,PROPEDEUTISCHE_FASE_ZONDER_EXAMEN,GEEN_STUDIEKEUZE_CHECK,GEEN_VERSNELD_TRAJECT,777f6dae-c9bd-458e-9750-6f3ba66e8f69,777f6dae-c9bd-458e-9750-6f3ba66e8f69,114X004,Plompetorengracht,Utrecht,
