source_excel_row,source_registry_offering_count,AANGEBODEN_OPLEIDINGCODE,OPLEIDINGSEENHEIDCODE,ERKENDEOPLEIDINGSCODE,VARIANT_VAN,SOORT,ONDERWIJSBESTUURID,ONDERWIJSBESTUUR_NAAM,ONDERWIJSAANBIEDERID,ONDERWIJSAANBIEDER_NAAM,NAAM_LANG,INTERNATIONALE_NAAM,EIGENNAAM,VORM,VOERTAAL,STUDIELAST,BEGINDATUM,EINDDATUM,AANGEBODEN_OPLEIDING_BEGINDATUM,AANGEBODEN_OPLEIDING_EINDDATUM,EERSTE_INSTROOMDATUM,LAATSTE_INSTROOMDATUM,WEBSITE,SAMENWERKEND_MET,BUITENLANDSEPARTNER,ONDERWIJSLOCATIECODE,ONDERWIJSLOCATIEPLAATS,raw_record_count,raw_csv_rows_json,raw_conflict_fields_json,raw_conflict_values_json
2,1,0cda5cdf-a7d9-248e-e063-6ff1ff0a9669,1015O5181,,56607,VARIANT,107B576,Erasmus Universiteit Rotterdam,114A337,Erasmus Universiteit Rotterdam,Academische Pabo,,Academische Pabo,VOLTIJD,NLD,180,,,2020-12-04,,2023-09-01,,,,,,,1,[6071],[],{}
3,1,0cda5cdf-a7e9-248e-e063-6ff1ff0a9669,1015O5182,,56627,VARIANT,107B576,Erasmus Universiteit Rotterdam,114A337,Erasmus Universiteit Rotterdam,Bachelor Bestuurskunde,Bachelor of Public Administration,Bachelor Bestuurskunde,VOLTIJD,NLD,180,,,2002-09-01,,2026-09-01,,https://www.eur.nl/bachelor/bestuurskunde,,,,,1,[6072],[],{}
4,1,0cda5cdf-a813-248e-e063-6ff1ff0a9669,1015O5183,,56627,VARIANT,107B576,Erasmus Universiteit Rotterdam,114A337,Erasmus Universiteit Rotterdam,Bachelor in Management of International Social Challenges,Bachelor in Management of International Social Challenges,Bachelor in Management of International Social Challenges,VOLTIJD,ENG,180,,,2020-09-08,,2026-09-01,,https://www.eur.nl/en/bachelor/management-international-social-challenges,,,,,1,[6073],[],{}
5,1,0cda5cdf-a821-248e-e063-6ff1ff0a9669,1015O5180,,56607,VARIANT,107B576,Erasmus Universiteit Rotterdam,114A337,Erasmus Universiteit Rotterdam,Bachelor Pedagogische Wetenschappen,Bachelor of Pedagogical Sciences,Bachelor Pedagogische Wetenschappen,VOLTIJD,NLD,180,,,2011-09-01,,2026-09-01,,https://www.eur.nl/bachelor/pedagogische-wetenschappen,,,,,1,[6070],[],{}
6,1,0c4d7e3e-b03a-4de4-e063-6ff1ff0ac940,1015O5919,,56604,VARIANT,107B576,Erasmus Universiteit Rotterdam,114A337,Erasmus Universiteit Rotterdam,Bachelor Psychologie,Bachelor of Psychology,Bachelor Psychologie,VOLTIJD,NLD,180,,,2002-09-01,,2026-09-01,,https://www.eur.nl/bachelor/psychologie,,,,,1,[6102],[],{}
7,2,0cda5cdf-a829-248e-e063-6ff1ff0a9669,1015O5177,,56601,VARIANT,107B576,Erasmus Universiteit Rotterdam,114A337,Erasmus Universiteit Rotterdam,Bachelor Sociologie,Bachelor of Sociology,Bachelor Sociologie,VOLTIJD,NLD,180,,,2002-09-01,,2026-09-01,,https://www.eur.nl/bachelor/sociologie,,,,,1,[6069],[],{}
7,2,0cda5cdf-a82f-248e-e063-6ff1ff0a9669,1015O5177,,56601,VARIANT,107B576,Erasmus Universiteit Rotterdam,114A337,Erasmus Universiteit Rotterdam,Bachelor Sociologie,Bachelor of Sociology,Bachelor Sociologie,DEELTIJD,NLD,180,,,2002-09-01,,2026-09-01,,https://www.eur.nl/bachelor/sociologie,,,,,1,[6068],[],{}
8,1,0bac182b-828d-5088-e063-6ff1ff0a75e4,1015O5159,,50645,VARIANT,107B576,Erasmus Universiteit Rotterdam,114A337,Erasmus Universiteit Rotterdam,Bedrijfskunde,Business Administration,Bedrijfskunde,VOLTIJD,NLD,180,,,2009-09-01,,2026-09-01,,https://www.eur.nl/bachelor/bedrijfskunde,,,,,1,[6054],[],{}
9,1,0bad61cb-025a-5d99-e063-6ff1ff0aab5f,1015O5189,,56833,VARIANT,107B576,Erasmus Universiteit Rotterdam,114A337,Erasmus Universiteit Rotterdam,BSc2 Econometrics,BSc2 Econometrics,BSc2 Econometrics,VOLTIJD,NLD,180,,,2020-09-08,,2026-09-01,,https://www.eur.nl/en/bachelor/double-bachelor-bsc2-econometrics-and-economics,,,,,1,[6077],[],{}
10,1,0bac182b-82b1-5088-e063-6ff1ff0a75e4,1015O5163,,50950,VARIANT,107B576,Erasmus Universiteit Rotterdam,114A337,Erasmus Universiteit Rotterdam,BSc2 Economics,BSc2 Economics,BSc2 Economics,VOLTIJD,ENG,180,,,2020-09-08,,2026-09-01,,https://www.eur.nl/en/bachelor/double-bachelor-bsc2-econometrics-and-economics,,,,,1,[6059],[],{}
11,1,0c4d7e3e-b032-4de4-e063-6ff1ff0ac940,1001O5900,56469,,OPLEIDING,107B576,Erasmus Universiteit Rotterdam,114A337,Erasmus Universiteit Rotterdam,Criminologie,,Criminologie,VOLTIJD,NLD,180,2002-09-01,,2002-09-01,,2026-09-01,,https://www.eur.nl/bachelor/criminologie,,,,,1,[5972],[],{}
12,1,0bad61cb-024a-5d99-e063-6ff1ff0aab5f,1015O5187,,56833,VARIANT,107B576,Erasmus Universiteit Rotterdam,114A337,Erasmus Universiteit Rotterdam,Econometrie en Operationele Research,Econometrics and Operations Research,Econometrie en Operationele Research,VOLTIJD,NLD,180,,,2009-09-01,,2026-09-01,,https://www.eur.nl/bachelor/econometrie-en-operationele-research,,,,,1,[6075],[],{}
13,1,0bac182b-82a3-5088-e063-6ff1ff0a75e4,1015O5161,,50950,VARIANT,107B576,Erasmus Universiteit Rotterdam,114A337,Erasmus Universiteit Rotterdam,Economie en Bedrijfseconomie,Economics and Business Economics,Economie en Bedrijfseconomie,VOLTIJD,NLD,180,,,2002-09-01,,2026-09-01,,https://www.eur.nl/bachelor/economie-en-bedrijfseconomie,,,,,1,[6057],[],{}
14,2,0cda5cdf-a837-248e-e063-6ff1ff0a9669,1015O5167,,56081,VARIANT,107B576,Erasmus Universiteit Rotterdam,114A337,Erasmus Universiteit Rotterdam,Filosofie,Philosophy,Filosofie,VOLTIJD,NLD,180,,,2002-09-01,,2026-09-01,,https://www.eur.nl/bachelor/filosofie/aansluitende-masters,,,,,1,[6064],[],{}
14,2,0cda5cdf-a83d-248e-e063-6ff1ff0a9669,1015O5167,,56081,VARIANT,107B576,Erasmus Universiteit Rotterdam,114A337,Erasmus Universiteit Rotterdam,Filosofie,Philosophy,Filosofie,DEELTIJD,NLD,180,,,2002-09-01,,2026-09-01,,https://www.eur.nl/bachelor/filosofie/aansluitende-masters,,,,,1,[6063],[],{}
15,1,585a2167-fabe-49d0-a8ca-5604f70d5fe1,1016O6103,,56081,VARIANT,107B576,Erasmus Universiteit Rotterdam,114A337,Erasmus Universiteit Rotterdam,RASL Dual Degree Philosophy en WdKA,RASL Dual Degree Philosophy and WdKA,Filosofie (met Willem de Kooning Academy),VOLTIJD,NLD,180,,,2026-02-03,,2026-09-01,,,,,,,1,[6143],[],{}
16,1,0cda5cdf-a844-248e-e063-6ff1ff0a9669,1001O6216,57084,,OPLEIDING,107B576,Erasmus Universiteit Rotterdam,114A337,Erasmus Universiteit Rotterdam,Filosofie van een Bepaald Wetenschapsgebied,Philosophy of a Specific Discipline,Filosofie van een Bepaald Wetenschapsgebied,VOLTIJD,NLD,180,2002-09-01,,2002-09-01,,2026-09-01,,https://www.eur.nl/bachelor/bachelor-philosophy-specific-discipline,,,,,1,[5975],[],{}
17,2,0bad61cb-023d-5d99-e063-6ff1ff0aab5f,1001O6063,56827,,OPLEIDING,107B576,Erasmus Universiteit Rotterdam,114A337,Erasmus Universiteit Rotterdam,Fiscaal Recht,Tax Law,Fiscaal Recht,VOLTIJD,NLD,180,2002-09-01,,2002-09-01,,2026-09-01,,https://www.eur.nl/bachelor/fiscaal-recht,,,,,1,[5974],[],{}
17,2,0cda5cdf-a7f7-248e-e063-6ff1ff0a9669,1001O6063,56827,,OPLEIDING,107B576,Erasmus Universiteit Rotterdam,114A337,Erasmus Universiteit Rotterdam,Fiscaal Recht,Tax Law,Fiscaal Recht,DEELTIJD,NLD,180,2002-09-01,,2002-09-01,,2026-09-01,,https://www.eur.nl/bachelor/fiscaal-recht,,,,,1,[5973],[],{}
18,1,0bad51c1-b436-4e64-e063-6ff1ff0aea47,1015O5170,,56402,VARIANT,107B576,Erasmus Universiteit Rotterdam,114A337,Erasmus Universiteit Rotterdam,Fiscale Economie,Economics and Taxation,Fiscale Economie,VOLTIJD,NLD,180,,,2002-09-01,2029-08-31,2025-09-01,,https://www.eur.nl/bachelor/fiscale-economie,,,,,1,[6065],[],{}
19,1,0c3c9cab-3b7a-5b69-e063-6ff1ff0ab90b,1015O5175,,56551,VARIANT,107B576,Erasmus Universiteit Rotterdam,114A337,Erasmus Universiteit Rotterdam,Geneeskunde,Medicine,Geneeskunde,VOLTIJD,NLD,180,,,2008-09-01,,2026-09-01,,https://www.eur.nl/bachelor/geneeskunde,,,,,1,[6066],[],{}
20,1,0cda5cdf-a7fe-248e-e063-6ff1ff0a9669,1015O5165,,56034,VARIANT,107B576,Erasmus Universiteit Rotterdam,114A337,Erasmus Universiteit Rotterdam,Geschiedenis,History,Geschiedenis,VOLTIJD,NLD,180,,,2002-09-01,,2026-09-01,,https://www.eur.nl/bachelor/geschiedenis,,,,,1,[6061],[],{}
21,1,0bad61cb-01dc-5d99-e063-6ff1ff0aab5f,1015O5176,,56553,VARIANT,107B576,Erasmus Universiteit Rotterdam,114A337,Erasmus Universiteit Rotterdam,Gezondheidswetenschappen,Health Policy & Management,Gezondheidswetenschappen,VOLTIJD,NLD,180,,,2002-09-08,,2026-09-01,,https://www.eur.nl/eshpm/bachelor/gezondheidswetenschappen-beleid-management-gezondheidszorg-bmg,,,,,1,[6067],[],{}
22,1,0cda5cdf-a805-248e-e063-6ff1ff0a9669,1015O5184,,56823,VARIANT,107B576,Erasmus Universiteit Rotterdam,114A337,Erasmus Universiteit Rotterdam,International Bachelor Arts and Culture Studies,International Bachelor Arts and Culture Studies,International Bachelor Arts and Culture Studies,VOLTIJD,ENG,180,,,2002-09-01,,2026-09-01,,https://www.eur.nl/en/bachelor/international-bachelor-arts-and-culture-studies,,,,,1,[6074],[],{}
23,1,0cda5cdf-a80c-248e-e063-6ff1ff0a9669,1015O5157,,50374,VARIANT,107B576,Erasmus Universiteit Rotterdam,114A337,Erasmus Universiteit Rotterdam,Communication and Media,Communication and Media,International Bachelor Communication and Media,VOLTIJD,ENG,180,,,2009-09-01,,2026-09-01,,https://www.eur.nl/en/bachelor/international-bachelor-communication-and-media,,,,,1,[6053],[],{}
24,1,0bad61cb-0252-5d99-e063-6ff1ff0aab5f,1015O5188,,56833,VARIANT,107B576,Erasmus Universiteit Rotterdam,114A337,Erasmus Universiteit Rotterdam,International Bachelor Econometrics and Operations Research,International Bachelor Econometrics and Operations Research,International Bachelor Econometrics and Operations Research,VOLTIJD,ENG,180,,,2020-09-08,,2026-09-01,,,,,,,1,[6076],[],{}
25,1,0bac182b-82aa-5088-e063-6ff1ff0a75e4,1015O5162,,50950,VARIANT,107B576,Erasmus Universiteit Rotterdam,114A337,Erasmus Universiteit Rotterdam,International Bachelor Economics and Business Economics,International Bachelor Economics and Business Economics,International Bachelor Economics and Business Economics,VOLTIJD,ENG,180,,,2020-09-08,,2026-09-01,,https://www.eur.nl/en/bachelor/international-bachelor-economics-and-business-economics,,,,,1,[6058],[],{}
26,1,0bac182b-82cc-5088-e063-6ff1ff0a75e4,1015O5166,,56034,VARIANT,107B576,Erasmus Universiteit Rotterdam,114A337,Erasmus Universiteit Rotterdam,Internationale Bachelor Geschiedenis,International Bachelor History,International Bachelor History,VOLTIJD,ENG,180,,,2020-09-08,,2026-09-01,,https://www.eur.nl/en/bachelor/international-bachelor-history,,,,,1,[6062],[],{}
27,1,0c4d7e3e-b044-4de4-e063-6ff1ff0ac940,1015O5920,,56604,VARIANT,107B576,Erasmus Universiteit Rotterdam,114A337,Erasmus Universiteit Rotterdam,International Bachelor of Psychology,International Bachelor of Psychology,International Bachelor of Psychology,VOLTIJD,ENG,180,,,2020-09-08,,2026-09-01,,https://www.eur.nl/en/bachelor/international-bachelor-psychology,,,,,1,[6103],[],{}
28,1,0bac182b-82ba-5088-e063-6ff1ff0a75e4,1015O5164,,50952,VARIANT,107B576,Erasmus Universiteit Rotterdam,114A337,Erasmus Universiteit Rotterdam,International Business Administration,International Business Administration,International Business Administration,VOLTIJD,ENG,180,,,2002-09-01,,2025-09-01,,https://www.eur.nl/en/bachelor/bachelor-international-business-administration,,,,,1,[6060],[],{}
29,2,0cda5cdf-a7f0-248e-e063-6ff1ff0a9669,1001O5682,50393,,OPLEIDING,107B576,Erasmus Universiteit Rotterdam,114A337,Erasmus Universiteit Rotterdam,Liberal Arts and Sciences,Liberal Arts and Sciences,Liberal Arts and Sciences,VOLTIJD,ENG,180,2012-10-15,,2012-10-15,,2026-09-01,,https://www.eur.nl/en/bachelor/liberal-arts-and-sciences,,,,,1,[5971],[],{}
29,2,fe068847-5f37-4cd2-b244-bdb98f3e0f96,1001O5682,50393,,OPLEIDING,107B576,Erasmus Universiteit Rotterdam,114A337,Erasmus Universiteit Rotterdam,Liberal Arts and Sciences,Liberal Arts and Sciences,Liberal Arts and Sciences,VOLTIJD,ENG,180,2012-10-15,,2012-10-15,,2025-09-01,,,,,,,1,[5970],[],{}
30,2,0bac182b-8294-5088-e063-6ff1ff0a75e4,1015O5160,,50700,VARIANT,107B576,Erasmus Universiteit Rotterdam,114A337,Erasmus Universiteit Rotterdam,Rechtsgeleerdheid,Law,Rechtsgeleerdheid,VOLTIJD,NLD,180,,,2009-09-01,,2026-09-01,,https://www.eur.nl/bachelor/rechtsgeleerdheid/aansluitende-masters,,,,,1,[6056],[],{}
30,2,0cda5cdf-a81a-248e-e063-6ff1ff0a9669,1015O5160,,50700,VARIANT,107B576,Erasmus Universiteit Rotterdam,114A337,Erasmus Universiteit Rotterdam,Rechtsgeleerdheid,Law,Rechtsgeleerdheid,DEELTIJD,NLD,180,,,2009-09-01,,2026-09-01,,https://www.eur.nl/bachelor/rechtsgeleerdheid/aansluitende-masters,,,,,1,[6055],[],{}
31,1,380880e7-2f3d-42f1-8351-0978f76eed5a,1015O6472,,56607,VARIANT,107B484,Het College van Bestuur van de Radboud Universiteit Nijmegen,114A129,Radboud Universiteit Nijmegen (RU) Faculteit der Sociale Wetenschappen,Academische Leraren Opleiding Pedagogische Wetenschappen,Academic Programme in Teaching Pedagogical Sciences,Academische Leraren Opleiding Pedagogische Wetenschappen,VOLTIJD,NLD,180,,,2012-09-01,,2026-09-01,,,,,114X875,Nijmegen,1,[4315],[],{}
32,1,d5dd44ab-146c-4a79-8192-643b92988e3d,1015O6440,,56823,VARIANT,107B484,Het College van Bestuur van de Radboud Universiteit Nijmegen,114A124,Radboud Universiteit Nijmegen (RU) Faculteit der Letteren,Algemene Cultuurwetenschappen,Arts and Culture Studies,Algemene Cultuurwetenschappen,VOLTIJD,NLD,180,,,2002-09-01,,2026-09-01,,,,,114X875,Nijmegen,1,[3983],[],{}
33,1,ec93aa78-9a51-4984-bfd3-a8f72a613d04,1015O6457,,50290,VARIANT,107B484,Het College van Bestuur van de Radboud Universiteit Nijmegen,114A124,Radboud Universiteit Nijmegen (RU) Faculteit der Letteren,American Studies,American Studies,American Studies,VOLTIJD,ENG,180,,,2021-09-01,,2026-09-01,,,,,114X875,Nijmegen,1,[3988],[],{}
34,1,70132c6d-8164-4ebf-8988-776eb1f3e9ec,1001O6129,56945,,OPLEIDING,107B484,Het College van Bestuur van de Radboud Universiteit Nijmegen,114A129,Radboud Universiteit Nijmegen (RU) Faculteit der Sociale Wetenschappen,Artificial Intelligence,Artificial Intelligence,Artificial Intelligence,VOLTIJD,ENG,180,2017-09-01,,2017-09-01,,2026-09-01,,,,,114X875,Nijmegen,1,[4295],[],{}
35,1,84152ad3-625c-40ea-9872-d11c60843bd1,1015O6441,,56823,VARIANT,107B484,Het College van Bestuur van de Radboud Universiteit Nijmegen,114A124,Radboud Universiteit Nijmegen (RU) Faculteit der Letteren,Arts and Culture Studies,Arts and Culture Studies,Arts and Culture Studies,VOLTIJD,ENG,180,,,2016-09-01,,2026-09-01,,,,,114X875,Nijmegen,1,[3984],[],{}
36,1,302d58f5-e0f4-4ccb-b3b9-40b01b1991b2,1016O1025,,50645,VARIANT,107B484,Het College van Bestuur van de Radboud Universiteit Nijmegen,114A125,Radboud Universiteit Nijmegen (RU) Faculteit der Managementwetenschappen,Bedrijfskunde,Business Administration,Bedrijfskunde,VOLTIJD,NLD,180,,,2009-09-01,,2026-09-01,,,,,114X875,Nijmegen,1,[4088],[],{}
37,1,8cb1dc73-ece7-4219-b0b6-01d57d6c64ec,1001O5969,56627,,OPLEIDING,107B484,Het College van Bestuur van de Radboud Universiteit Nijmegen,114A125,Radboud Universiteit Nijmegen (RU) Faculteit der Managementwetenschappen,Bestuurskunde,Public Administration,Bestuurskunde,VOLTIJD,NLD,180,2002-09-01,,2002-09-01,,2026-09-01,,,,,114X875,Nijmegen,1,[4045],[],{}
38,1,05ea9031-b36c-4e5c-95f9-99fbb803f137,1001O6234,59325,,OPLEIDING,107B484,Het College van Bestuur van de Radboud Universiteit Nijmegen,114A127,Radboud Universiteit Nijmegen (RU) Faculteit der NWI,Biology,Biology,Biologie,VOLTIJD,ENG,180,2018-09-01,,2018-09-01,,2026-09-01,,,,,114X875,Nijmegen,1,[4162],[],{}
39,1,4002ec00-fd34-4ac6-9406-995382c34bb7,1001O6208,56990,,OPLEIDING,107B484,Het College van Bestuur van de Radboud Universiteit Nijmegen,114A126,Radboud Universiteit Nijmegen (RU) Faculteit der Medische Wetenschappen,Biomedische Wetenschappen,Biomedical Sciences,Biomedische Wetenschappen,VOLTIJD,NLD,180,2002-09-01,,2002-09-01,,,,,,,114X875,Nijmegen,1,[4130],[],{}
40,1,52a19d2d-cc99-4cdd-910e-2af8d17c89ab,1015O6449,,56826,VARIANT,107B484,Het College van Bestuur van de Radboud Universiteit Nijmegen,114A124,Radboud Universiteit Nijmegen (RU) Faculteit der Letteren,Communicatie- en Informatiewetenschappen,Communication and Information Studies,Communicatie- en Informatiewetenschappen,VOLTIJD,NLD,180,,,2002-09-01,,2026-09-01,,,,,114X875,Nijmegen,1,[3985],[],{}
41,1,1c8b8b4c-cf63-4407-ae06-831a72b033fa,1001O5961,56615,,OPLEIDING,107B484,Het College van Bestuur van de Radboud Universiteit Nijmegen,114A129,Radboud Universiteit Nijmegen (RU) Faculteit der Sociale Wetenschappen,Communicatiewetenschap,Communication Science,Communicatiewetenschap,VOLTIJD,NLD,180,2002-09-01,,2002-09-01,,2026-09-01,,,,,114X875,Nijmegen,1,[4293],[],{}
42,1,6d3cbfeb-8779-4bc5-b479-e36783d2fca8,1001O5655,50035,,OPLEIDING,107B484,Het College van Bestuur van de Radboud Universiteit Nijmegen,114A129,Radboud Universiteit Nijmegen (RU) Faculteit der Sociale Wetenschappen,Culturele Antropologie en Ontwikkelingssociologie,Cultural Anthropology and Development Sociology,Culturele Antropologie en Ontwikkelingssociologie,VOLTIJD,NLD,180,2009-09-01,,2009-09-01,,2026-09-01,,,,,114X875,Nijmegen,1,[4283],[],{}
43,1,9a503cb2-0de0-46e8-a71e-da44dccea1c6,1001O6009,56805,,OPLEIDING,107B484,Het College van Bestuur van de Radboud Universiteit Nijmegen,114A124,Radboud Universiteit Nijmegen (RU) Faculteit der Letteren,Duitse Taal en Cultuur,German Language and Culture,Duitse Taal en Cultuur,VOLTIJD,NLD,180,2002-09-01,,2002-09-01,,2026-09-01,,,,,114X875,Nijmegen,1,[3966],[],{}
44,1,ddca2e9f-7897-4322-aa62-964f4f9f85b6,1016O1029,,50950,VARIANT,107B484,Het College van Bestuur van de Radboud Universiteit Nijmegen,114A125,Radboud Universiteit Nijmegen (RU) Faculteit der Managementwetenschappen,Economics and Business Economics,Economics and Business Economics,Economics and Business Economics,VOLTIJD,ENG,180,,,2017-09-01,,2026-09-01,,,,,114X875,Nijmegen,1,[4089],[],{}
45,1,e53a5e67-3fbc-4640-8668-f0a9e1e60700,1016O1030,,50950,VARIANT,107B484,Het College van Bestuur van de Radboud Universiteit Nijmegen,114A125,Radboud Universiteit Nijmegen (RU) Faculteit der Managementwetenschappen,Economie en Bedrijfseconomie,Economics and Business Economics,Economie en Bedrijfseconomie,VOLTIJD,NLD,180,,,2010-09-01,,2026-09-01,,,,,114X875,Nijmegen,1,[4090],[],{}
46,1,e16c4706-23f7-496b-83b4-28b79d523657,1015O6456,,50290,VARIANT,107B484,Het College van Bestuur van de Radboud Universiteit Nijmegen,114A124,Radboud Universiteit Nijmegen (RU) Faculteit der Letteren,English Language and Culture,English Language and Culture,English Language and Culture,VOLTIJD,ENG,180,,,2021-09-01,,2026-09-01,,,,,114X875,Nijmegen,1,[3987],[],{}
47,1,ff66a977-b280-4159-b41b-ea3222e2aee1,1001O5640,50017,,OPLEIDING,107B484,Het College van Bestuur van de Radboud Universiteit Nijmegen,114A123,Radboud Universiteit Nijmegen (RU) Faculteit der Rechtsgeleerdheid,European Law School,European Law School,European Law School,VOLTIJD,NLD,180,2012-09-01,2027-09-01,2012-09-01,,2026-09-01,,,,,114X875,Nijmegen,1,[3909],[],{}
48,1,2f54ec7b-04ae-437d-bfbf-22adba92452c,1015O6459,,56081,VARIANT,107B484,Het College van Bestuur van de Radboud Universiteit Nijmegen,114A122,Radboud Universiteit Nijmegen (RU) Faculteit der FTR,Filosofie,Philosophy,Filosofie,VOLTIJD,NLD,180,,,2002-09-01,,2026-09-01,,,,,114X875,Nijmegen,1,[3845],[],{}
49,1,5d33adae-f0c2-4a35-b594-2a39b2488e1a,1015O6482,,56074,VARIANT,107B484,Het College van Bestuur van de Radboud Universiteit Nijmegen,114A124,Radboud Universiteit Nijmegen (RU) Faculteit der Letteren,Franse Taal en Cultuur,French Language and Culture,Franse Taal en Cultuur,VOLTIJD,NLD,180,,,2018-09-01,,2026-09-01,,,,,114X875,Nijmegen,1,[3990],[],{}
50,1,9afc9f9f-e6b0-4d1c-acfa-96bb1b9aadc9,1001O5910,56551,,OPLEIDING,107B484,Het College van Bestuur van de Radboud Universiteit Nijmegen,114A126,Radboud Universiteit Nijmegen (RU) Faculteit der Medische Wetenschappen,Geneeskunde,Medicine,Geneeskunde,VOLTIJD,NLD,180,2005-09-01,,2005-09-01,,,,,,,114X875,Nijmegen,1,[4127],[],{}
51,1,46378952-8ba8-48a3-8d95-ba2dc150741c,1001O6131,56947,,OPLEIDING,107B484,Het College van Bestuur van de Radboud Universiteit Nijmegen,114A125,Radboud Universiteit Nijmegen (RU) Faculteit der Managementwetenschappen,"Geografie, Planologie en Milieu","Geography, Spatial Planning and Environment","Geografie, Planologie en Milieu",VOLTIJD,NLD,180,2012-09-01,,2012-09-01,,2026-09-01,,,,,114X875,Nijmegen,1,[4047],[],{}
52,1,e37d3b88-66c0-4517-b234-194a45a0a058,1015O6464,,56034,VARIANT,107B484,Het College van Bestuur van de Radboud Universiteit Nijmegen,114A124,Radboud Universiteit Nijmegen (RU) Faculteit der Letteren,Geschiedenis,History,Geschiedenis,VOLTIJD,NLD,180,,,2002-09-01,,2026-09-01,,,,,114X875,Nijmegen,1,[3989],[],{}
53,1,77af18be-c752-473a-b2f1-fd142e1d4c00,1001O5809,56003,,OPLEIDING,107B484,Het College van Bestuur van de Radboud Universiteit Nijmegen,114A124,Radboud Universiteit Nijmegen (RU) Faculteit der Letteren,Griekse en Latijnse Taal en Cultuur,Classics,Griekse en Latijnse Taal en Cultuur,VOLTIJD,NLD,180,2002-09-01,,2002-09-01,,2026-09-01,,,,,114X875,Nijmegen,1,[3946],[],{}
54,1,05ad0343-1cdb-4cfc-a11f-336f8c969fc3,1001O8935,59349,,OPLEIDING,107B484,Het College van Bestuur van de Radboud Universiteit Nijmegen,114A129,Radboud Universiteit Nijmegen (RU) Faculteit der Sociale Wetenschappen,Humane Neurowetenschappen,Human Neuroscience,Humane Neurowetenschappen,VOLTIJD,NLD,180,2026-09-01,,2026-09-01,,2026-09-01,,,,,114X875,Nijmegen,1,[4312],[],{}
55,1,27fb5a14-b164-4f20-b5fe-f019854836c2,1001O6235,59326,,OPLEIDING,107B484,Het College van Bestuur van de Radboud Universiteit Nijmegen,114A127,Radboud Universiteit Nijmegen (RU) Faculteit der NWI,Computing Science,Computing Science,Informatica,VOLTIJD,ENG,180,2018-09-01,,2018-09-01,,2026-09-01,,,,,114X875,Nijmegen,1,[4173],[],{}
56,1,82fd2c05-20ed-4194-a979-f450ef1df956,1016O1159,,50645,VARIANT,107B484,Het College van Bestuur van de Radboud Universiteit Nijmegen,114A125,Radboud Universiteit Nijmegen (RU) Faculteit der Managementwetenschappen,International Business Administration,International Business Administration,International Business Administration,VOLTIJD,ENG,180,,,2025-09-01,,2026-09-01,,,,,114X875,Nijmegen,1,[4091],[],{}
57,1,658afe4c-9fe6-4f4d-a5ec-76dd83c24825,1015O6450,,56826,VARIANT,107B484,Het College van Bestuur van de Radboud Universiteit Nijmegen,114A124,Radboud Universiteit Nijmegen (RU) Faculteit der Letteren,International Business Communication,International Business Communication,International Business Communication,VOLTIJD,ENG,180,,,2016-09-01,,2026-09-01,,,,,114X875,Nijmegen,1,[3986],[],{}
58,2,1c80d61e-8f91-434d-a83c-c22bcf0a2c3e,1016O6836,,50902,VARIANT,107B484,Het College van Bestuur van de Radboud Universiteit Nijmegen,114A122,Radboud Universiteit Nijmegen (RU) Faculteit der FTR,"Islam, Politiek en Samenleving","Islam, Politics and Society","Islam, Politiek en Samenleving",DEELTIJD,NLD,180,,,2022-09-01,,2026-09-01,,,,,114X875,Nijmegen,1,[3895],[],{}
58,2,d514a08b-89d8-4f6b-9e79-1695fb4f6ee4,1016O6658,,50902,VARIANT,107B484,Het College van Bestuur van de Radboud Universiteit Nijmegen,114A122,Radboud Universiteit Nijmegen (RU) Faculteit der FTR,"Islam, Politiek en Samenleving","Islam, Politics and Society","Islam, Politiek en Samenleving",VOLTIJD,NLD,180,,,2022-09-01,,2026-09-01,,,,,114X875,Nijmegen,1,[3892],[],{}
59,1,5b617df2-ebca-4c2d-9020-add2f3ac245f,1001O6053,56824,,OPLEIDING,107B484,Het College van Bestuur van de Radboud Universiteit Nijmegen,114A124,Radboud Universiteit Nijmegen (RU) Faculteit der Letteren,Kunstgeschiedenis,Art History,Kunstgeschiedenis,VOLTIJD,NLD,180,2002-09-01,,2002-09-01,,2026-09-01,,,,,114X875,Nijmegen,1,[3974],[],{}
60,1,87594c0c-75b5-4430-aa50-861c5eae7aec,1001O6127,56944,,OPLEIDING,107B484,Het College van Bestuur van de Radboud Universiteit Nijmegen,114A127,Radboud Universiteit Nijmegen (RU) Faculteit der NWI,Molecular Life Sciences,Molecular Life Sciences,Moleculaire Levenswetenschappen,VOLTIJD,ENG,180,2017-09-01,,2017-09-01,,2026-09-01,,,,,114X875,Nijmegen,1,[4146],[],{}
61,1,ce0239ec-53f4-4d12-a220-c3aa4aae3eda,1001O6132,56948,,OPLEIDING,107B484,Het College van Bestuur van de Radboud Universiteit Nijmegen,114A127,Radboud Universiteit Nijmegen (RU) Faculteit der NWI,Natural Sciences,Natural Sciences,Natural Sciences,VOLTIJD,NLD,180,2012-09-01,,2012-09-01,,2026-09-01,,,,,114X875,Nijmegen,1,[4151],[],{}
62,1,f5f8328c-13ac-4c9a-850d-ae5b11a8b81b,1001O6193,56984,,OPLEIDING,107B484,Het College van Bestuur van de Radboud Universiteit Nijmegen,114A127,Radboud Universiteit Nijmegen (RU) Faculteit der NWI,Natuur- en Sterrenkunde,Physics and Astronomy,Natuur- en Sterrenkunde,VOLTIJD,NLD,180,2002-09-01,,2002-09-01,,2026-09-01,,,,,114X875,Nijmegen,1,[4157],[],{}
63,1,0b88c46d-9df8-4f8e-a257-818499c1cb2e,1001O6003,56804,,OPLEIDING,107B484,Het College van Bestuur van de Radboud Universiteit Nijmegen,114A124,Radboud Universiteit Nijmegen (RU) Faculteit der Letteren,Nederlandse Taal en Cultuur,Dutch Language and Culture,Nederlandse Taal en Cultuur,VOLTIJD,NLD,180,2002-09-01,,2002-09-01,,2026-09-01,,,,,114X875,Nijmegen,1,[3961],[],{}
64,2,bec73d07-6710-4b89-89e7-1b6093b6805e,1016O6841,,56828,VARIANT,107B484,Het College van Bestuur van de Radboud Universiteit Nijmegen,114A123,Radboud Universiteit Nijmegen (RU) Faculteit der Rechtsgeleerdheid,Notarieel Recht,Notarial Law,Notarieel Recht,DEELTIJD,NLD,180,,,2002-09-01,,2026-09-01,,,,,114X875,Nijmegen,1,[3936],[],{}
64,2,c0f0b972-978b-416d-95a4-39b4536c2589,1016O6840,,56828,VARIANT,107B484,Het College van Bestuur van de Radboud Universiteit Nijmegen,114A123,Radboud Universiteit Nijmegen (RU) Faculteit der Rechtsgeleerdheid,Notarieel Recht,Notarial Law,Notarieel Recht,VOLTIJD,NLD,180,,,2002-09-01,,2026-09-01,,,,,114X875,Nijmegen,1,[3935],[],{}
65,1,7f547bc1-99df-41cc-827e-d7904235cae7,1015O6471,,56607,VARIANT,107B484,Het College van Bestuur van de Radboud Universiteit Nijmegen,114A129,Radboud Universiteit Nijmegen (RU) Faculteit der Sociale Wetenschappen,Pedagogische Wetenschappen,Pedagogical Sciences,Pedagogische Wetenschappen,VOLTIJD,NLD,180,,,2002-09-01,,2026-09-01,,,,,114X875,Nijmegen,1,[4314],[],{}
66,1,cd7688bc-b4e0-4843-8cef-8c680ff4135b,1001O6238,59329,,OPLEIDING,107B484,Het College van Bestuur van de Radboud Universiteit Nijmegen,114A129,Radboud Universiteit Nijmegen (RU) Faculteit der Sociale Wetenschappen,Pedagogische Wetenschappen van Primair Onderwijs,Pedagogical Sciences of Primary Education,Pedagogische Wetenschappen van Primair Onderwijs,VOLTIJD,NLD,180,2018-09-01,,2018-09-01,,2026-09-01,,,,,114X875,Nijmegen,1,[4300],[],{}
67,1,d60f05ba-bc0e-4f4e-bb53-f582efff72f9,1015O6460,,56081,VARIANT,107B484,Het College van Bestuur van de Radboud Universiteit Nijmegen,114A122,Radboud Universiteit Nijmegen (RU) Faculteit der FTR,"Philosophy, Politics and Society","Philosophy, Politics and Society","Philosophy, Politics and Society",VOLTIJD,ENG,180,,,2018-09-01,,2026-09-01,,,,,114X875,Nijmegen,1,[3846],[],{}
68,1,589bbb17-c3ea-4153-9dde-1120c44421bb,1001O5942,56606,,OPLEIDING,107B484,Het College van Bestuur van de Radboud Universiteit Nijmegen,114A125,Radboud Universiteit Nijmegen (RU) Faculteit der Managementwetenschappen,Politicologie,Political Science,Politicologie,VOLTIJD,NLD,180,2002-09-01,,2002-09-01,,2026-09-01,,,,,114X875,Nijmegen,1,[4042],[],{}
69,1,d951cde7-5665-4448-9d01-36f543fc1a4d,1001O5936,56604,,OPLEIDING,107B484,Het College van Bestuur van de Radboud Universiteit Nijmegen,114A129,Radboud Universiteit Nijmegen (RU) Faculteit der Sociale Wetenschappen,Psychologie,Psychology,Psychologie,VOLTIJD,"ENG,NLD",180,2002-09-01,,2002-09-01,,,,,,,114X875,Nijmegen,1,[4289],[],{}
70,2,3b90cff7-4033-4b7d-a674-ef9269c537d4,1016O6835,,50700,VARIANT,107B484,Het College van Bestuur van de Radboud Universiteit Nijmegen,114A123,Radboud Universiteit Nijmegen (RU) Faculteit der Rechtsgeleerdheid,Rechtsgeleerdheid,Law,Rechtsgeleerdheid,DEELTIJD,NLD,180,,,2009-09-01,,2026-09-01,,,,,114X875,Nijmegen,1,[3934],[],{}
70,2,e87e02ad-4cad-404b-9663-018c7c735a21,1016O6834,,50700,VARIANT,107B484,Het College van Bestuur van de Radboud Universiteit Nijmegen,114A123,Radboud Universiteit Nijmegen (RU) Faculteit der Rechtsgeleerdheid,Rechtsgeleerdheid,Law,Rechtsgeleerdheid,VOLTIJD,NLD,180,,,2009-09-01,,2026-09-01,,,,,114X875,Nijmegen,1,[3933],[],{}
71,2,503d783b-e952-44a0-9894-aa05e4cf0dd9,1016O6659,,50902,VARIANT,107B484,Het College van Bestuur van de Radboud Universiteit Nijmegen,114A122,Radboud Universiteit Nijmegen (RU) Faculteit der FTR,"Religie, Politiek en Samenleving","Religion, Politics and Society","Religie, Politiek en Samenleving",VOLTIJD,NLD,180,,,2022-09-01,,2026-09-01,,,,,114X875,Nijmegen,1,[3893],[],{}
71,2,f008aeab-6b6d-4b74-9bc7-58c7a6bceabe,1016O6837,,50902,VARIANT,107B484,Het College van Bestuur van de Radboud Universiteit Nijmegen,114A122,Radboud Universiteit Nijmegen (RU) Faculteit der FTR,"Religie, Politiek en Samenleving","Religion, Politics and Society","Religie, Politiek en Samenleving",DEELTIJD,NLD,180,,,2022-09-01,,2026-09-01,,,,,114X875,Nijmegen,1,[3896],[],{}
72,1,1e37aeda-012a-4cf2-9ef3-d6c8ce1fdb36,1016O0146,,56823,VARIANT,107B484,Het College van Bestuur van de Radboud Universiteit Nijmegen,114A124,Radboud Universiteit Nijmegen (RU) Faculteit der Letteren,"Samenleving, Taal en Cultuur","Society, Language and Culture","Samenleving, Taal en Cultuur",VOLTIJD,NLD,180,,,2025-09-01,,2026-09-01,,,,,114X875,Nijmegen,1,[4028],[],{}
73,1,d3fbb1a0-6025-4246-9238-a651f8b31c86,1001O6126,56943,,OPLEIDING,107B484,Het College van Bestuur van de Radboud Universiteit Nijmegen,114A127,Radboud Universiteit Nijmegen (RU) Faculteit der NWI,Chemistry,Chemistry,Scheikunde,VOLTIJD,ENG,180,2017-09-01,,2017-09-01,,2026-09-01,,,,,114X875,Nijmegen,1,[4145],[],{}
74,1,a47a4d00-7fcf-4092-acac-656f1a48813f,1001O5926,56601,,OPLEIDING,107B484,Het College van Bestuur van de Radboud Universiteit Nijmegen,114A129,Radboud Universiteit Nijmegen (RU) Faculteit der Sociale Wetenschappen,Sociologie,Sociology,Sociologie,VOLTIJD,NLD,180,2002-09-01,,2002-09-01,,2026-09-01,,,,,114X875,Nijmegen,1,[4288],[],{}
75,1,83deace9-f7a1-47eb-b138-44bdb6499682,1015O6483,,56074,VARIANT,107B484,Het College van Bestuur van de Radboud Universiteit Nijmegen,114A124,Radboud Universiteit Nijmegen (RU) Faculteit der Letteren,Spaanse Taal en Cultuur,Spanish Language and Culture,Spaanse Taal en Cultuur,VOLTIJD,NLD,180,,,2018-09-01,,2026-09-01,,,,,114X875,Nijmegen,1,[3991],[],{}
76,1,07deb57c-52b5-4707-b755-9f7a884062c3,1001O5997,56803,,OPLEIDING,107B484,Het College van Bestuur van de Radboud Universiteit Nijmegen,114A124,Radboud Universiteit Nijmegen (RU) Faculteit der Letteren,Taalwetenschap,Linguistics,Taalwetenschap,VOLTIJD,NLD,180,2002-09-01,,2002-09-01,,2026-09-01,,,,,114X875,Nijmegen,1,[3960],[],{}
77,1,046b1fee-e4b6-49d4-8ec6-6c6c667eeca8,1001O5918,56560,,OPLEIDING,107B484,Het College van Bestuur van de Radboud Universiteit Nijmegen,114A126,Radboud Universiteit Nijmegen (RU) Faculteit der Medische Wetenschappen,Tandheelkunde,Dentistry,Tandheelkunde,VOLTIJD,NLD,180,2004-09-01,,2004-09-01,,,,,,,114X875,Nijmegen,1,[4129],[],{}
78,2,ba0182f6-7593-48de-98a6-64ef86114a23,1016O6839,,56109,VARIANT,107B484,Het College van Bestuur van de Radboud Universiteit Nijmegen,114A122,Radboud Universiteit Nijmegen (RU) Faculteit der FTR,Theologie,Theology,Theologie,DEELTIJD,NLD,180,,,2002-09-01,,2026-09-01,,,,,114X875,Nijmegen,1,[3898],[],{}
78,2,cefb4922-5684-4ad3-b71e-5e3e7117bbf6,1016O6838,,56109,VARIANT,107B484,Het College van Bestuur van de Radboud Universiteit Nijmegen,114A122,Radboud Universiteit Nijmegen (RU) Faculteit der FTR,Theologie,Theology,Theologie,VOLTIJD,NLD,180,,,2002-09-01,,2026-09-01,,,,,114X875,Nijmegen,1,[3897],[],{}
79,1,b444f4a9-c747-48ae-b222-5793e7f31fd3,1001O6181,56980,,OPLEIDING,107B484,Het College van Bestuur van de Radboud Universiteit Nijmegen,114A127,Radboud Universiteit Nijmegen (RU) Faculteit der NWI,Wiskunde,Mathematics,Wiskunde,VOLTIJD,NLD,180,2002-09-01,,2002-09-01,,2026-09-01,,,,,114X875,Nijmegen,1,[4156],[],{}
80,1,97609a36-3604-454a-a51e-b389d2bfa005,1001O5722,50668,,OPLEIDING,107B482,Het College van Bestuur van de Vrije Universiteit,111A136,VU - Vrije Universiteit Amsterdam,"Aarde, Economie en Duurzaamheid","Earth Sciences, Economics and Sustainability","B Aarde, Economie en Duurzaamheid",VOLTIJD,NLD,180,2007-09-01,,2020-09-01,,2020-09-01,,,,,111X680,Amsterdam,1,[3413],[],{}
81,1,cd13c113-8eb8-49aa-a380-fb7b999983fb,1001O6196,56986,,OPLEIDING,107B482,Het College van Bestuur van de Vrije Universiteit,111A136,VU - Vrije Universiteit Amsterdam,Aardwetenschappen,Earth Sciences,B Aardwetenschappen,VOLTIJD,NLD,180,2002-09-01,,2019-05-17,,2019-09-01,,,,,111X680,Amsterdam,1,[3448],[],{}
82,1,5edccba3-01b4-4e30-b323-84554b6339a9,1001O5981,56703,,OPLEIDING,107B482,Het College van Bestuur van de Vrije Universiteit,111A136,VU - Vrije Universiteit Amsterdam,Archeologie,Archaeology,B Archeologie,VOLTIJD,NLD,180,2008-09-01,,2021-03-03,,2021-09-01,,,,,111X680,Amsterdam,1,[3438],[],{}
83,1,1c27cc8b-ffad-48e4-9ff6-69186f31944d,1001O6128,56945,,OPLEIDING,107B482,Het College van Bestuur van de Vrije Universiteit,111A136,VU - Vrije Universiteit Amsterdam,Artificial Intelligence,Artificial Intelligence,B Artificial Intelligence,VOLTIJD,ENG,180,2018-11-01,,2020-09-07,,2021-09-01,,,,,111X680,Amsterdam,1,[3446],[],{}
84,1,01508adf-22fa-47e1-a7a7-d26506a6344c,1001O5714,50645,,OPLEIDING,107B482,Het College van Bestuur van de Vrije Universiteit,111A136,VU - Vrije Universiteit Amsterdam,Bedrijfskunde,Business Administration,B Bedrijfskunde,VOLTIJD,NLD,180,2009-09-01,,2023-09-01,,2023-09-01,,,,,111X680,Amsterdam,1,[3412],[],{}
85,1,baac29d0-a222-4cd1-a028-a8a8c8d06af4,1001O5627,50007,,OPLEIDING,107B482,Het College van Bestuur van de Vrije Universiteit,111A136,VU - Vrije Universiteit Amsterdam,Bestuurs- en Organisatiewetenschap,Public Administration and Organization Science,B Bestuurs- en Organisatiewetenschap,VOLTIJD,NLD,180,2002-09-01,,2024-09-06,,2024-09-01,,,,,111X680,Amsterdam,1,[3407],[],{}
86,1,2327073f-1a0a-4cee-8595-2dca36242c0f,1001O6135,56950,,OPLEIDING,107B482,Het College van Bestuur van de Vrije Universiteit,111A136,VU - Vrije Universiteit Amsterdam,Bewegingswetenschappen,Human Movement Sciences,B Bewegingswetenschappen,VOLTIJD,NLD,180,2002-09-01,,2023-09-01,,2023-09-01,,,,,111X680,Amsterdam,1,[3447],[],{}
87,1,8789f120-addb-482e-a0d1-a0bd65411e05,1001O6122,56860,,OPLEIDING,107B482,Het College van Bestuur van de Vrije Universiteit,111A136,VU - Vrije Universiteit Amsterdam,Biologie,Biology,B Biologie,VOLTIJD,NLD,180,2002-09-01,,2022-03-21,,2022-09-01,,,,,111X680,Amsterdam,1,[3445],[],{}
88,1,ce95e488-4fb0-4673-ad37-593a42a45b6d,1001O6233,59324,,OPLEIDING,107B482,Het College van Bestuur van de Vrije Universiteit,111A136,VU - Vrije Universiteit Amsterdam,Biomedical Sciences,Biomedical Sciences,B Biomedical Sciences,VOLTIJD,ENG,180,2018-09-01,2026-09-01,2024-09-01,,2024-09-01,,,,,111X680,Amsterdam,1,[3452],[],{}
89,1,82668260-7bb1-4df7-a78e-58e997ad50b5,1001O6110,56856,,OPLEIDING,107B482,Het College van Bestuur van de Vrije Universiteit,111A136,VU - Vrije Universiteit Amsterdam,Business Analytics,Business Analytics,B Business Analytics,VOLTIJD,ENG,180,2002-09-01,,2019-11-26,,2020-09-01,,,,,111X680,Amsterdam,1,[3444],[],{}
90,1,9462caa7-abc2-4ee7-bcb4-b8c63dee5b8d,1001O6110,56856,,OPLEIDING,107B482,Het College van Bestuur van de Vrije Universiteit,111A136,VU - Vrije Universiteit Amsterdam,Business Analytics,Business Analytics,B Business Analytics (deeltijd),DEELTIJD,ENG,180,2002-09-01,,2019-11-26,,2020-09-01,,,,,111X680,Amsterdam,1,[3443],[],{}
91,1,49da5a24-ec09-4a87-9967-7879ca73da76,1001O6058,56826,,OPLEIDING,107B482,Het College van Bestuur van de Vrije Universiteit,111A136,VU - Vrije Universiteit Amsterdam,Communicatie- en Informatiewetenschappen,Communication and Information Studies,B Communicatie & Informatiewetenschappen,VOLTIJD,NLD,180,2002-09-01,,2020-09-01,,2020-09-01,,,,,111X680,Amsterdam,1,[3440],[],{}
92,1,492cf5b7-8a2a-430f-90fe-9485f79d12c4,1001O5960,56615,,OPLEIDING,107B482,Het College van Bestuur van de Vrije Universiteit,111A136,VU - Vrije Universiteit Amsterdam,Communicatiewetenschap,Communication Science,B Communicatiewetenschap,VOLTIJD,NLD,180,2002-09-01,,2020-09-01,,2020-09-01,,,,,111X680,Amsterdam,1,[3436],[],{}
93,1,7fc2e861-5f38-46fb-b85e-4dd564a29527,1001O5960,56615,,OPLEIDING,107B482,Het College van Bestuur van de Vrije Universiteit,111A136,VU - Vrije Universiteit Amsterdam,Communicatiewetenschap,Communication Science,B Communication Science,VOLTIJD,ENG,180,2002-09-01,,2020-09-01,,2020-09-01,,,,,111X680,Amsterdam,1,[3437],[],{}
94,1,81223d0d-15f7-4c76-a73f-7dd0abc449e0,1001O5694,50426,,OPLEIDING,107B482,Het College van Bestuur van de Vrije Universiteit,111A136,VU - Vrije Universiteit Amsterdam,Computer Science,Computer Science,B Computer Science,VOLTIJD,ENG,180,2013-09-01,,2024-09-01,,2024-09-01,,,,,111X680,Amsterdam,1,[3410],[],{}
95,1,abfae861-2119-46ae-8c1f-e12bbaca4f06,1001O5901,56469,,OPLEIDING,107B482,Het College van Bestuur van de Vrije Universiteit,111A136,VU - Vrije Universiteit Amsterdam,Criminologie,Criminology,B Criminologie,VOLTIJD,NLD,180,2002-09-01,,2024-09-01,,2024-09-01,,,,,111X680,Amsterdam,1,[3427],[],{}
96,1,672aad0c-6c9e-44a6-a731-a75629f4364d,1001O5654,50035,,OPLEIDING,107B482,Het College van Bestuur van de Vrije Universiteit,111A136,VU - Vrije Universiteit Amsterdam,Culturele Antropologie en Ontwikkelingssociologie,Cultural Anthropology and Development Sociology,B Cultural Anthropology and Dev. Soc.,VOLTIJD,ENG,180,2008-09-01,,2020-09-01,,2020-09-01,,,,,111X680,Amsterdam,1,[3408],[],{}
97,1,788cccf7-c0a9-4730-ac05-9037db20c33c,1001O5654,50035,,OPLEIDING,107B482,Het College van Bestuur van de Vrije Universiteit,111A136,VU - Vrije Universiteit Amsterdam,Culturele Antropologie en Ontwikkelingssociologie,Cultural Anthropology and Development Sociology,B Culturele Antropologie en Ontw. Soc.,VOLTIJD,NLD,180,2008-09-01,,2020-09-01,,2020-09-01,,,,,111X680,Amsterdam,1,[3409],[],{}
98,1,c6d01b42-fe52-491a-96ed-13245079dc31,1001O8891,59332,,OPLEIDING,107B482,Het College van Bestuur van de Vrije Universiteit,111A136,VU - Vrije Universiteit Amsterdam,Econometrics and Data Science,Econometrics and Data Science,B Econometrics and Data Science,VOLTIJD,NLD,180,2024-09-01,,2024-09-01,,2024-09-01,,,,,111X680,Amsterdam,1,[3576],[],{}
99,1,1af3b60d-3605-446d-a0b5-ca6daa94a987,1001O6080,56833,,OPLEIDING,107B482,Het College van Bestuur van de Vrije Universiteit,111A136,VU - Vrije Universiteit Amsterdam,Econometrie en Operationele Research,Econometrics and Operations Research,B Econometrie en Operationele Research,VOLTIJD,NLD,180,2002-09-01,,2023-09-01,,2023-09-01,,,,,111X680,Amsterdam,1,[3442],[],{}
100,1,6fad83f4-b1ed-4a6a-8fda-4b55501214de,1001O5765,50950,,OPLEIDING,107B482,Het College van Bestuur van de Vrije Universiteit,111A136,VU - Vrije Universiteit Amsterdam,Economie en Bedrijfseconomie,Economics and Business Economics,B Economie en bedrijfseconomie,VOLTIJD,NLD,180,2006-03-01,,2023-09-01,,2023-09-01,,,,,111X680,Amsterdam,1,[3418],[],{}
101,1,949d90e8-8f3d-4e81-a85d-30ccce2d0ac6,1001O6202,56989,,OPLEIDING,107B482,Het College van Bestuur van de Vrije Universiteit,111A136,VU - Vrije Universiteit Amsterdam,Farmaceutische Wetenschappen,Pharmaceutical Sciences,B Farmaceutische Wetenschappen,VOLTIJD,NLD,180,2002-09-01,,2019-07-15,,2019-09-01,,,,,111X680,Amsterdam,1,[3449],[],{}
102,1,798a0b06-9b15-4570-adf1-c7a67dce0e0c,1001O5842,56081,,OPLEIDING,107B482,Het College van Bestuur van de Vrije Universiteit,111A136,VU - Vrije Universiteit Amsterdam,Filosofie,Philosophy,B Filosofie,VOLTIJD,NLD,180,2002-09-01,,2024-06-25,,2024-09-01,,,,,111X680,Amsterdam,1,[3426],[],{}
103,1,b47b12d0-5a51-4fcd-8fdb-7c897f6da093,1001O5842,56081,,OPLEIDING,107B482,Het College van Bestuur van de Vrije Universiteit,111A136,VU - Vrije Universiteit Amsterdam,Filosofie,Philosophy,"B Filosofie (deeltijd, Nederlands)",DEELTIJD,NLD,180,2002-09-01,,2024-06-25,,2024-09-01,,,,,111X680,Amsterdam,1,[3425],[],{}
104,1,fbb226a6-634b-4f94-b54d-de1f324bd4ed,1001O5909,56551,,OPLEIDING,107B482,Het College van Bestuur van de Vrije Universiteit,111A136,VU - Vrije Universiteit Amsterdam,Geneeskunde,Medicine,B Geneeskunde,VOLTIJD,NLD,180,2005-09-01,,2024-09-01,,2024-09-01,,,,,111X680,Amsterdam,1,[3428],[],{}
105,1,1ee5aa6e-d0f6-42dd-bdc1-2e1958f1d2ce,1001O5821,56034,,OPLEIDING,107B482,Het College van Bestuur van de Vrije Universiteit,111A136,VU - Vrije Universiteit Amsterdam,Geschiedenis,History,B Geschiedenis,VOLTIJD,NLD,180,2002-09-01,,2020-09-01,,2020-09-01,,,,,111X680,Amsterdam,1,[3424],[],{}
106,1,48685113-c28b-469a-82b7-c00d001e5852,1001O5702,50509,,OPLEIDING,107B482,Het College van Bestuur van de Vrije Universiteit,111A136,VU - Vrije Universiteit Amsterdam,Gezondheid en Leven,Health and Life Sciences,B Gezondheid en Leven,VOLTIJD,ENG,180,2007-09-01,,2024-09-01,,2024-09-01,,,,,111X680,Amsterdam,1,[3411],[],{}
107,1,0ac3ddc1-1440-4048-a3fd-b97b075cf11d,1001O5914,56553,,OPLEIDING,107B482,Het College van Bestuur van de Vrije Universiteit,111A136,VU - Vrije Universiteit Amsterdam,Gezondheidswetenschappen,Health Sciences,B Gezondheidswetenschappen,VOLTIJD,NLD,180,2008-09-01,,2023-09-01,,2023-09-01,,,,,111X680,Amsterdam,1,[3429],[],{}
108,1,dc6b3bf0-d131-480c-82b8-60369d14b576,1001O5808,56003,,OPLEIDING,107B482,Het College van Bestuur van de Vrije Universiteit,111A136,VU - Vrije Universiteit Amsterdam,Griekse en Latijnse Taal en Cultuur,Greek and Latin Languages and Cultures,B Griekse en Latijnse Taal en Cultuur,VOLTIJD,NLD,180,2002-09-01,,2020-09-01,,2020-09-01,,,,,111X680,Amsterdam,1,[3423],[],{}
109,1,b1c00a7f-44c2-4c52-8577-65f8a2ff74a6,1001O5772,50952,,OPLEIDING,107B482,Het College van Bestuur van de Vrije Universiteit,111A136,VU - Vrije Universiteit Amsterdam,International Business Administration,International Business Administration,B International Business Administration,VOLTIJD,ENG,180,2005-09-01,,2023-09-01,,2023-09-01,,,,,111X680,Amsterdam,1,[3419],[],{}
110,1,cf47c510-0742-48a4-a988-b2aa491784af,1001O6241,59334,,OPLEIDING,107B482,Het College van Bestuur van de Vrije Universiteit,111A136,VU - Vrije Universiteit Amsterdam,Law in Society,Law in Society,B Law in Society,VOLTIJD,ENG,180,2019-09-01,,2019-09-01,,2019-09-01,,,,,111X680,Amsterdam,1,[3453],[],{}
111,1,e8cddac0-95ea-4733-b318-f664457447c8,1001O5802,55823,,OPLEIDING,107B482,Het College van Bestuur van de Vrije Universiteit,111A136,VU - Vrije Universiteit Amsterdam,Literatuur en Samenleving,Literature and Society,B Literatuur en Samenleving,VOLTIJD,NLD,180,2013-09-01,,2020-09-01,,2020-09-01,,,,,111X680,Amsterdam,1,[3422],[],{}
112,1,44db7501-62ed-4d02-ace4-95480fd96ef4,1001O6232,59322,,OPLEIDING,107B482,Het College van Bestuur van de Vrije Universiteit,111A136,VU - Vrije Universiteit Amsterdam,Mathematics,Mathematics,B Mathematics,VOLTIJD,ENG,180,2018-09-01,,2019-11-26,,2020-09-01,,,,,111X680,Amsterdam,1,[3451],[],{}
113,1,e07f169b-eaa6-4fd7-aaeb-23aeed81b942,1001O6232,59322,,OPLEIDING,107B482,Het College van Bestuur van de Vrije Universiteit,111A136,VU - Vrije Universiteit Amsterdam,Mathematics,Mathematics,B Mathematics (deeltijd),DEELTIJD,ENG,180,2018-09-01,,2019-11-26,,2020-09-01,,,,,111X680,Amsterdam,1,[3450],[],{}
114,1,6f904f64-ad55-4430-8a47-2881f14dd028,1001O5801,55822,,OPLEIDING,107B482,Het College van Bestuur van de Vrije Universiteit,111A136,VU - Vrije Universiteit Amsterdam,"Media, Kunst, Design en Architectuur","Media, Art, Design and Architecture","B Media, Kunst, Design en Architectuur",VOLTIJD,NLD,180,2013-09-01,,2020-09-01,,2020-09-01,,,,,111X680,Amsterdam,1,[3421],[],{}
115,1,9c3b380b-9334-458d-bef8-015d7e3fa931,1001O5745,50800,,OPLEIDING,107B482,Het College van Bestuur van de Vrije Universiteit,111A136,VU - Vrije Universiteit Amsterdam,Medische Natuurwetenschappen,Medical Natural Sciences,B Medische Natuurwetenschappen,VOLTIJD,NLD,180,2002-09-01,,2019-04-24,,2019-09-01,,,,,111X680,Amsterdam,1,[3416],[],{}
116,1,48816250-821e-4dfd-86b2-6c417e4cb490,1001O6070,56828,,OPLEIDING,107B482,Het College van Bestuur van de Vrije Universiteit,111A136,VU - Vrije Universiteit Amsterdam,Notarieel Recht,Notarial Law,B Notarieel recht,VOLTIJD,NLD,180,2002-09-01,,2019-01-31,,2019-09-01,,,,,111X680,Amsterdam,1,[3441],[],{}
117,1,d2feb082-cf6c-489d-8628-7397830ab151,1001O5983,56704,,OPLEIDING,107B482,Het College van Bestuur van de Vrije Universiteit,111A136,VU - Vrije Universiteit Amsterdam,Oudheidwetenschappen,Ancient Studies,B Oudheidwetenschappen,VOLTIJD,NLD,180,2002-09-01,,2020-09-01,,2020-09-01,,,,,111X680,Amsterdam,1,[3439],[],{}
118,1,94b45eb4-070f-4577-a6c3-70b298a3c94e,1001O5948,56607,,OPLEIDING,107B482,Het College van Bestuur van de Vrije Universiteit,111A136,VU - Vrije Universiteit Amsterdam,Pedagogische Wetenschappen,Pedagogical Sciences,B Pedagogische wetenschappen,VOLTIJD,NLD,180,2002-09-01,,2020-09-01,,2020-09-01,,,,,111X680,Amsterdam,1,[3435],[],{}
119,1,21d5268e-6416-4441-8e93-b47e04d3c94f,1001O5779,54999,,OPLEIDING,107B482,Het College van Bestuur van de Vrije Universiteit,111A136,VU - Vrije Universiteit Amsterdam,"Philosophy, Politics and Economics","Philosophy, Politics and Economics","B Philosophy, Politics and Economics",VOLTIJD,ENG,180,2016-09-01,,2022-11-03,,2023-09-01,,,,,111X680,Amsterdam,1,[3420],[],{}
120,1,801e07a1-fac2-4d6c-b283-2dc654ccfd2c,1001O5941,56606,,OPLEIDING,107B482,Het College van Bestuur van de Vrije Universiteit,111A136,VU - Vrije Universiteit Amsterdam,Politicologie,Political Science,B Political Science,VOLTIJD,ENG,180,2002-09-01,,2024-01-04,,2024-09-01,,,,,111X680,Amsterdam,1,[3433],[],{}
121,1,c619837a-5628-4312-b0cf-7fa49962fcc5,1001O5941,56606,,OPLEIDING,107B482,Het College van Bestuur van de Vrije Universiteit,111A136,VU - Vrije Universiteit Amsterdam,Politicologie,Political Science,B Politicologie,VOLTIJD,NLD,180,2002-09-01,,2024-01-04,,2024-09-01,,,,,111X680,Amsterdam,1,[3434],[],{}
122,1,a58a6d57-e4fd-4c0c-9612-dc56d44c01cc,1001O5935,56604,,OPLEIDING,107B482,Het College van Bestuur van de Vrije Universiteit,111A136,VU - Vrije Universiteit Amsterdam,Psychologie,Psychology,B Psychologie,VOLTIJD,NLD,180,2002-09-01,,2024-09-01,,2024-09-01,,,,,111X680,Amsterdam,1,[3432],[],{}
123,1,83735250-73b2-43ed-99ee-d4d48ac78fab,1001O5730,50700,,OPLEIDING,107B482,Het College van Bestuur van de Vrije Universiteit,111A136,VU - Vrije Universiteit Amsterdam,Rechtsgeleerdheid,Law,B Rechtsgeleerdheid,VOLTIJD,NLD,180,2006-09-01,,2019-01-31,,2019-09-01,,,,,111X680,Amsterdam,1,[3415],[],{}
124,1,97aeff04-947f-4585-994c-13cfab50f7a4,1001O5723,50670,,OPLEIDING,107B482,Het College van Bestuur van de Vrije Universiteit,111A136,VU - Vrije Universiteit Amsterdam,"Science, Business & Innovation","Science, Business & Innovation","B Science, Business & Innovation",VOLTIJD,NLD,180,2010-05-26,,2023-06-29,,2023-09-01,,,,,111X680,Amsterdam,1,[3414],[],{}
125,1,0269979c-7ce8-424d-8703-8876ada217c9,1001O5925,56601,,OPLEIDING,107B482,Het College van Bestuur van de Vrije Universiteit,111A136,VU - Vrije Universiteit Amsterdam,Sociologie,Sociology,B Sociologie,VOLTIJD,NLD,180,2007-09-01,,2020-09-01,,2020-09-01,,,,,111X680,Amsterdam,1,[3431],[],{}
126,1,d7b53240-642a-47d8-afd7-5b3296c30f17,1001O5917,56560,,OPLEIDING,107B482,Het College van Bestuur van de Vrije Universiteit,111A136,VU - Vrije Universiteit Amsterdam,Tandheelkunde,Dentistry,B Tandheelkunde,VOLTIJD,NLD,180,2003-09-01,,2024-09-01,,2024-09-01,,,,,111X680,Amsterdam,1,[3430],[],{}
127,1,bfdac061-51c9-447a-bd1b-2c3a48dcb8a9,1001O5760,50910,,OPLEIDING,107B482,Het College van Bestuur van de Vrije Universiteit,111A136,VU - Vrije Universiteit Amsterdam,Theologie en Religiewetenschappen,,"B Theology and Religious Studies (deeltijd, Nederlands)",DEELTIJD,NLD,180,2020-09-01,,2021-01-11,,2021-09-01,,,,,111X680,Amsterdam,1,[3417],[],{}
128,1,ce9c0cb0-77b0-4c5b-a50e-7774287eb2d5,1001O5782,55002,,OPLEIDING,107B482,Het College van Bestuur van de Vrije Universiteit,113A697,Universiteit van Amsterdam,Liberal Arts and Sciences (joint degree),Liberal Arts and Sciences (joint degree),Liberal Arts and Sciences - joint degree UvA-VU,VOLTIJD,ENG,180,2011-10-06,,2019-07-15,,2019-07-15,,http://www.auc.nl/,111A136,,108X991,Amsterdam,1,[3578],[],{}
129,1,f03d1769-24ad-4555-bbc6-3f716281f9e8,1001O5622,50004,,OPLEIDING,107B471,Maastricht University,113A920,Universiteit Maastricht,Cultuurwetenschappen,Arts and Culture,BA Cultuurwetenschappen,VOLTIJD,ENG,180,2002-09-01,,1975-01-01,,2002-09-01,,https://www.maastrichtuniversity.nl/,,,113X685,Maastricht,1,[2546],[],{}
130,2,9e8eacc4-3955-4fc7-b13f-da424683833f,1001O5913,56553,,OPLEIDING,107B471,Maastricht University,113A920,Universiteit Maastricht,Gezondheidswetenschappen,Health Sciences,BA Gezondheidswetenschappen,VOLTIJD,ENG,180,2009-09-01,,2009-05-01,,2009-09-01,,https://www.maastrichtuniversity.nl/,,,,,1,[2625],[],{}
130,2,c2defc5b-8cf2-4001-8c96-df5ac508f306,1001O5913,56553,,OPLEIDING,107B471,Maastricht University,113A920,Universiteit Maastricht,Gezondheidswetenschappen,Health Sciences,BA Gezondheidswetenschappen,DEELTIJD,ENG,180,2009-09-01,,2009-05-01,,2009-09-01,,https://www.maastrichtuniversity.nl/,,,,,1,[2624],[],{}
131,1,5750ee70-382d-4f8c-b825-7882060bb199,1001O5622,50004,,OPLEIDING,107B471,Maastricht University,113A920,Universiteit Maastricht,Cultuurwetenschappen,Arts and Culture,Bachelor Arts and Culture,VOLTIJD,ENG,180,2002-09-01,,2003-09-01,,2004-09-01,,https://www.maastrichtuniversity.nl/nl/onderwijs/bachelor/programmas/arts-and-culture,,,113X685,Maastricht,1,[2547],[],{}
132,1,fdb94688-350c-4d42-a01b-ee8552c029f9,1001O6205,56990,,OPLEIDING,107B471,Maastricht University,113A920,Universiteit Maastricht,Biomedische Wetenschappen,Biomedical Sciences,Bachelor Biomedische Wetenschappen,VOLTIJD,ENG,180,2010-02-01,,2002-09-01,,2010-09-01,,https://www.maastrichtuniversity.nl/nl/onderwijs/bachelor/programmas/biomedical-sciences,,,113X686,Maastricht,1,[2640],[],{}
133,1,73df6be6-05c9-4758-a20c-0c2f55b07cff,1001O8867,59347,,OPLEIDING,107B471,Maastricht University,113A920,Universiteit Maastricht,Brain Science,Brain Science,Bachelor Brain Science,VOLTIJD,ENG,180,2024-09-01,,2022-09-01,,2024-09-01,,https://curriculum.maastrichtuniversity.nl/education/bachelor/brain-science,,,113X565,Maastricht,1,[2830],[],{}
134,1,3fcc3dcc-2dda-4f09-91d5-11a6d86c2ac4,1001O6108,56856,,OPLEIDING,107B471,Maastricht University,113A920,Universiteit Maastricht,Business Analytics,Business Analytics,Bachelor Business Analytics,VOLTIJD,ENG,180,2020-09-01,,2019-09-01,,2020-09-01,,https://www.maastrichtuniversity.nl/nl/onderwijs/bachelor/programmas/business-analytics,,,113X439,Maastricht,1,[2639],[],{}
135,1,9e5055f1-c75c-4e48-9a17-2b3998df37b6,1001O5744,50769,,OPLEIDING,107B471,Maastricht University,113A920,Universiteit Maastricht,Business Engineering,Business Engineering,Bachelor Business Engineering,VOLTIJD,ENG,180,2020-09-01,,2019-09-01,,2020-09-01,,https://www.maastrichtuniversity.nl/nl/onderwijs/bachelor/programmas/business-engineering,,,113X688,Maastricht,1,[2612],[],{}
136,1,0d410b58-f1ed-420d-a6c6-6d82b6b387a5,1001O5622,50004,,OPLEIDING,107B471,Maastricht University,113A920,Universiteit Maastricht,Cultuurwetenschappen,Arts and Culture,Bachelor Cultuurwetenschappen,VOLTIJD,NLD,180,2002-09-01,,2002-09-01,,2002-09-01,,https://curriculum.maastrichtuniversity.nl/nl/onderwijs/bachelor/bachelor-arts-and-culture,,,113X685,Maastricht,1,[2548],[],{}
137,1,5aa27132-30d9-4222-b3e8-172fd5c8e63b,1001O6244,59337,,OPLEIDING,107B471,Maastricht University,113A920,Universiteit Maastricht,Digital Society,Digital Society,Bachelor Digital Society,VOLTIJD,ENG,180,2019-09-01,,2018-09-01,,2019-09-01,,https://www.maastrichtuniversity.nl/nl/onderwijs/bachelor/programmas/digital-society,,,113X685,Maastricht,1,[2642],[],{}
138,1,db672bf4-f5d3-48ee-a6b0-509b1ec114b8,1001O6078,56833,,OPLEIDING,107B471,Maastricht University,113A920,Universiteit Maastricht,Econometrie en Operationele Research,Econometrics and Operations Research,Bachelor Econometrics and Operations Research,VOLTIJD,ENG,180,2009-09-01,,2002-09-01,,2009-09-01,,https://www.maastrichtuniversity.nl/nl/onderwijs/bachelor/programmas/econometrics-operations-research,,,113X439,Maastricht,1,[2637],[],{}
139,2,98f01ad3-9701-4152-b819-039bc4caec19,1001O5764,50950,,OPLEIDING,107B471,Maastricht University,113A920,Universiteit Maastricht,Economie en Bedrijfseconomie,Economics and Business Economics,Bachelor Economics and Business Economics,VOLTIJD,ENG,180,2009-09-01,,2009-05-01,,2009-09-01,,https://www.maastrichtuniversity.nl/,,,113X439,Maastricht,1,[2614],[],{}
139,2,f421ed76-c8b5-4d70-b1a1-748462cd80c7,1001O5764,50950,,OPLEIDING,107B471,Maastricht University,113A920,Universiteit Maastricht,Economie en Bedrijfseconomie,Economics and Business Economics,Bachelor Economics and Business Economics,VOLTIJD,ENG,180,2009-09-01,,2002-09-01,,2009-09-01,,https://www.maastrichtuniversity.nl/nl/onderwijs/bachelor/programmas/economics-and-business-economics,,,113X439,Maastricht,1,[2613],[],{}
140,1,641651e5-4ba0-47a1-bfa4-c0e81358f7ce,1001O5639,50017,,OPLEIDING,107B471,Maastricht University,113A920,Universiteit Maastricht,European Law School,European Law School,Bachelor European Law School,VOLTIJD,ENG,180,2002-09-01,,2004-09-01,,2010-09-01,,https://curriculum.maastrichtuniversity.nl/education/bachelor/bachelor-european-law-school,,,113X687,Maastricht,1,[2570],[],{}
141,1,16abcb8d-4579-468d-97e4-cb94f05bd24b,1001O5639,50017,,OPLEIDING,107B471,Maastricht University,113A920,Universiteit Maastricht,European Law School,European Law School,Bachelor European Law School (Regular Track),VOLTIJD,NLD,180,2002-09-01,,2002-09-01,,2010-09-01,,https://www.maastrichtuniversity.nl/,,,113X687,Maastricht,1,[2569],[],{}
142,1,5d702972-42da-4826-bf69-6057ab1cd922,1001O5673,50296,,OPLEIDING,107B471,Maastricht University,113A920,Universiteit Maastricht,European Public Health,European Public Health,Bachelor European Public Health,VOLTIJD,ENG,180,2006-09-01,,2006-09-01,,2006-09-01,,https://www.maastrichtuniversity.nl/nl/onderwijs/bachelor/programmas/european-public-health,,,113X686,Maastricht,1,[2592],[],{}
143,1,3a5c59eb-5c4f-476c-8f3d-3aae7b270d63,1001O5829,56051,,OPLEIDING,107B471,Maastricht University,113A920,Universiteit Maastricht,Europese Studies,European Studies,Bachelor European Studies,VOLTIJD,ENG,180,2009-09-01,,2002-09-01,,2009-09-01,,https://www.maastrichtuniversity.nl/nl/onderwijs/bachelor/programmas/european-studies,,,113X685,Maastricht,1,[2621],[],{}
144,1,e05f22b5-776c-4c95-8346-dc3fe42bef3c,1001O6064,56827,,OPLEIDING,107B471,Maastricht University,113A920,Universiteit Maastricht,Fiscaal Recht,Tax Law,Bachelor Fiscaal Recht,VOLTIJD,NLD,180,2002-09-01,,2002-09-01,,2002-09-01,,https://www.maastrichtuniversity.nl/nl/onderwijs/bachelor/programmas/fiscaal-recht,,,113X687,Maastricht,1,[2634],[],{}
145,1,2519a3dd-7720-4d3f-b7c1-e5fc29a200fe,1001O5886,56402,,OPLEIDING,107B471,Maastricht University,113A920,Universiteit Maastricht,Fiscale Economie,Fiscal Economics,Bachelor Fiscal Economics,VOLTIJD,ENG,180,2002-09-01,,2002-09-01,,2002-09-01,,https://www.maastrichtuniversity.nl/,,,113X439,Maastricht,1,[2622],[],{}
146,1,d3a4ee63-3b1d-4b81-9551-f750ddde9841,1001O5907,56551,,OPLEIDING,107B471,Maastricht University,113A920,Universiteit Maastricht,Geneeskunde,Medicine,Bachelor Geneeskunde,VOLTIJD,NLD,180,2006-09-01,,2006-09-01,,2006-09-01,,https://www.maastrichtuniversity.nl/nl/onderwijs/bachelor/programmas/geneeskunde,,,113X686,Maastricht,1,[2623],[],{}
147,1,7d5325c8-0ae3-42d7-8f99-c29c7d935b0b,1001O5913,56553,,OPLEIDING,107B471,Maastricht University,113A920,Universiteit Maastricht,Gezondheidswetenschappen,Health Sciences,Bachelor Gezondheidswetenschappen,VOLTIJD,NLD,180,2009-09-01,,1998-09-01,,2009-09-01,,https://www.maastrichtuniversity.nl/nl/onderwijs/bachelor/programmas/gezondheidswetenschappen,,,113X686,Maastricht,1,[2626],[],{}
148,1,a53209d3-eeb2-4362-9092-e1924ec84565,1001O6246,59339,,OPLEIDING,107B471,Maastricht University,113A920,Universiteit Maastricht,Global Studies,Global Studies,Bachelor Global Studies,VOLTIJD,ENG,180,2020-09-01,,2019-09-01,,2020-09-01,,https://www.maastrichtuniversity.nl/nl/onderwijs/bachelor/programmas/global-studies,,,113X685,Maastricht,1,[2643],[],{}
149,1,c7cb1b01-d9a8-43e6-9355-9a9f46fe9dec,1001O5643,50019,,OPLEIDING,107B471,Maastricht University,113A920,Universiteit Maastricht,International Business,International Business,Bachelor International Business,VOLTIJD,ENG,180,2002-09-01,,2002-09-01,,2002-09-01,,https://www.maastrichtuniversity.nl/nl/onderwijs/bachelor/programmas/international-business,,,113X439,Maastricht,1,[2571],[],{}
150,1,fd3c72b5-6a80-44d6-b1aa-c0cb9c2d3a12,1001O5683,50393,,OPLEIDING,107B471,Maastricht University,113A920,Universiteit Maastricht,Liberal Arts and Sciences,Liberal Arts and Sciences,Bachelor Liberal Arts and Sciences / University College Maastricht,VOLTIJD,ENG,180,2009-09-01,,2002-09-01,,2009-09-01,,https://www.maastrichtuniversity.nl/nl/onderwijs/bachelor/programmas/university-college-maastricht,,,113X688,Maastricht,1,[2600],[],{}
151,1,c1d90502-0f43-42d1-8af0-f2bdb8b06925,1001O5683,50393,,OPLEIDING,107B471,Maastricht University,113A920,Universiteit Maastricht,Liberal Arts and Sciences,Liberal Arts and Sciences,Bachelor Liberal Arts and Sciences / University College Venlo,VOLTIJD,ENG,180,2009-09-01,,2014-09-01,,2009-09-01,,https://www.maastrichtuniversity.nl/nl/onderwijs/bachelor/programmas/university-college-venlo,,,114X231,Venlo,1,[2601],[],{}
152,1,d8acf2b1-a0b8-408b-8e85-b498cb3c6988,1001O6248,59341,,OPLEIDING,107B471,Maastricht University,113A920,Universiteit Maastricht,Circular Engineering,Circular Engineering,Bachelor of Science in Circular Engineering,VOLTIJD,ENG,180,2021-09-01,,2020-09-01,,2021-09-01,,https://curriculum.maastrichtuniversity.nl/education/bachelor/circular-engineering,,,113X688,Maastricht,1,[2644],[],{}
153,1,d27e32af-0efb-4648-829b-e35b172e1818,1001O8805,50426,,OPLEIDING,107B471,Maastricht University,113A920,Universiteit Maastricht,Computer Science,Computer Science,Bachelor of Science in Computer Science,VOLTIJD,ENG,180,2023-09-01,,2022-09-01,,2023-09-01,,https://www.maastrichtuniversity.nl/nl/onderwijs/bachelor/programmas/computer-science,,,113X688,Maastricht,1,[2826],[],{}
154,1,716ae143-098f-4717-b156-b0d3943a7b92,1001O5675,50300,,OPLEIDING,107B471,Maastricht University,113A920,Universiteit Maastricht,Data Science and Artificial Intelligence,Data Science and Artificial Intelligence,Bachelor of Science in Data Science and Artificial Intelligence,VOLTIJD,ENG,180,2004-09-01,,2004-09-01,,2004-09-01,,https://www.maastrichtuniversity.nl/nl/onderwijs/bachelor/programmas/data-science-and-artificial-intelligence,,,113X688,Maastricht,1,[2593],[],{}
155,1,da6e801a-7826-4066-be6e-551d4d4b3365,1001O5933,56604,,OPLEIDING,107B471,Maastricht University,113A920,Universiteit Maastricht,Psychologie,Psychology,Bachelor Psychologie,VOLTIJD,NLD,180,2002-09-01,,2002-09-01,,2002-09-01,,https://curriculum.maastrichtuniversity.nl/nl/onderwijs/bachelor-psychologie,,,113X565,Maastricht,1,[2629],[],{}
156,1,8f225667-a137-4f04-af87-8b39ba14301a,1001O5933,56604,,OPLEIDING,107B471,Maastricht University,113A920,Universiteit Maastricht,Psychologie,Psychology,Bachelor Psychology English track,VOLTIJD,ENG,180,2002-09-01,,2014-09-01,,2002-09-01,,https://curriculum.maastrichtuniversity.nl/education/bachelor/bachelor-psychology,,,113X565,Maastricht,1,[2630],[],{}
157,2,01500bba-81d9-45a0-bc40-73c7c1b8b883,1001O5728,50700,,OPLEIDING,107B471,Maastricht University,113A920,Universiteit Maastricht,Rechtsgeleerdheid,Dutch Law,Bachelor Rechtsgeleerdheid,VOLTIJD,ENG,180,2009-09-01,,2008-09-01,,2009-09-01,,https://curriculum.maastrichtuniversity.nl/education/bachelor/bachelor-dutch-law,,,113X687,Maastricht,1,[2607],[],{}
157,2,96bc9a22-5859-48d9-92c8-ea7aa5d6cb17,1001O5728,50700,,OPLEIDING,107B471,Maastricht University,113A920,Universiteit Maastricht,Rechtsgeleerdheid,Dutch Law,Bachelor Rechtsgeleerdheid,VOLTIJD,NLD,180,2009-09-01,,2002-09-01,,2009-09-01,,https://www.maastrichtuniversity.nl/nl/onderwijs/bachelor/programmas/rechtsgeleerdheid,,,113X687,Maastricht,1,[2608],[],{}
158,1,10e0868a-24e9-4931-85e6-86746d72b4d4,1001O8844,59346,,OPLEIDING,107B471,Maastricht University,113A920,Universiteit Maastricht,Regenerative Medicine and Technology,Regenerative Medicine and Technology,Bachelor Regenerative Medicine and Technology,VOLTIJD,ENG,180,2023-09-01,,2022-09-01,,2023-09-01,,https://www.maastrichtuniversity.nl/nl/onderwijs/bachelor/programmas/regenerative-medicine-and-technology,,,113X686,Maastricht,1,[2829],[],{}
159,1,7db313c6-39b2-4cf3-8351-aff51f2f14df,1016O2305,50478,,OPLEIDING,107B471,Maastricht University,113A920,Universiteit Maastricht,Sustainable Bioscience,Sustainable Bioscience,Bachelor Sustainable Bioscience,VOLTIJD,ENG,180,2026-09-01,,2024-09-01,,2026-09-01,,https://www.maastrichtuniversity.nl/nl/onderwijs/bachelor/programmas/sustainable-bioscience,,,,,1,[2836],[],{}
160,1,1f54541f-c421-4c9a-9ee8-d3cd965530b9,1016O2836,55031,,OPLEIDING,107B471,Maastricht University,113A920,Universiteit Maastricht,Urban Sustainability Studies (joint degree),Urban Sustainability Studies (joint degree),Bachelor Urban Sustainability Studies,VOLTIJD,ENG,180,2025-09-01,,2024-09-01,,2025-09-01,,https://www.maastrichtuniversity.nl/education/bachelor/programmes/urban-sustainability-studies/admission-and-enrolment,,,114X696,Heerlen,1,[2837],[],{}
161,1,42ec19d9-0a2a-4c79-8bb8-0fadbf5b831e,1001O5683,50393,,OPLEIDING,107B471,Maastricht University,113A920,Universiteit Maastricht,Liberal Arts and Sciences,Liberal Arts and Sciences,Liberal Arts and Sciences / Maastricht Science Programme,VOLTIJD,ENG,180,2009-09-01,,2010-09-01,,2009-09-01,,https://www.maastrichtuniversity.nl/nl/onderwijs/bachelor/programmas/maastricht-science-programme,,,113X688,Maastricht,1,[2603],[],{}
162,1,5e92b633-813b-49dd-b340-b29a35d5f94f,1001O6047,56823,,OPLEIDING,107B497,Open Universiteit Nederland,111A359,Open Universiteit,Algemene Cultuurwetenschappen,,Bachelor Algemene Cultuurwetenschappen,DEELTIJD,NLD,180,2002-09-01,,2022-05-15,,,,https://www.ou.nl/studieaanbod/bcw,,,,,1,[4735],[],{}
163,1,5999a0cc-4b7e-403b-9620-5c4f050b158c,1001O5716,50645,,OPLEIDING,107B497,Open Universiteit Nederland,111A359,Open Universiteit,Bedrijfskunde,Business Administration,Bachelor Bedrijfskunde,DEELTIJD,NLD,180,2009-09-01,,2022-09-01,,,,https://www.ou.nl/studieaanbod/bmob,,,,,1,[4732],[],{}
164,1,9301643e-650b-4e17-84cf-4e7bb3c81d59,1001O6175,56978,,OPLEIDING,107B497,Open Universiteit Nederland,111A359,Open Universiteit,Informatica,,Bachelor Informatica,DEELTIJD,,180,2006-09-01,,2022-09-01,,,,https://www.ou.nl/studieaanbod/bti,,,,,1,[4737],[],{}
165,1,4804770d-7103-474a-9f79-b4c8c164b9ff,1001O6101,56842,,OPLEIDING,107B497,Open Universiteit Nederland,111A359,Open Universiteit,Informatiekunde,Information Science,Bachelor Informatiekunde,DEELTIJD,NLD,180,2012-07-01,,2022-09-01,,,,https://www.ou.nl/studieaanbod/bik,,,,,1,[4736],[],{}
166,1,60218a63-892d-4f34-83f8-7024923498c1,1001O6200,56988,,OPLEIDING,107B497,Open Universiteit Nederland,111A359,Open Universiteit,Milieu-natuurwetenschappen,Environmental Sciences,Bachelor Milieu-natuurwetenschappen,DEELTIJD,NLD,180,2002-09-01,,2022-09-01,,,,https://www.ou.nl/studieaanbod/bmw,,,,,1,[4738],[],{}
167,1,0b38acc6-a633-4142-a39c-b7293fa7797e,1001O5938,56604,,OPLEIDING,107B497,Open Universiteit Nederland,111A359,Open Universiteit,Psychologie,Psychology,Bachelor Psychologie,DEELTIJD,NLD,180,2002-09-01,,2022-09-01,,,,https://www.ou.nl/studieaanbod/bps,,,,,1,[4734],[],{}
168,1,c2b0b7f5-d93e-4b30-9bd4-7fdc98312850,1001O5733,50700,,OPLEIDING,107B497,Open Universiteit Nederland,111A359,Open Universiteit,Rechtsgeleerdheid,,Bachelor Rechtsgeleerdheid,DEELTIJD,NLD,180,2009-09-01,,2022-09-01,,,,https://www.ou.nl/studieaanbod/bnr,,,,,1,[4733],[],{}
169,1,8a8ac1ca-8dbc-4ccc-9603-1b491d0e0b76,1016O1755,56109,,OPLEIDING,107B461,Protestantse Theologische Universiteit (PThU),113A908,Protestantse Theologische Universiteit,Theologie,,,VOLTIJD,,180,2025-09-01,,2025-04-11,,2025-09-01,,,,,114X552,Utrecht,1,[2444],[],{}
170,2,7ec8283e-6bf0-481c-97ee-5902e80e485f,1001O5786,55004,,OPLEIDING,107B461,Protestantse Theologische Universiteit (PThU),113A908,Protestantse Theologische Universiteit,Theologie (joint degree),Theology (joint degree),,DEELTIJD,,180,2012-09-01,2029-09-01,2012-09-01,2029-09-01,,,,111A136,,111X680,Amsterdam,1,[2438],[],{}
170,2,bd01dacc-7403-4f20-8f80-bc57d2b8e87c,1001O5786,55004,,OPLEIDING,107B461,Protestantse Theologische Universiteit (PThU),113A908,Protestantse Theologische Universiteit,Theologie (joint degree),Theology (joint degree),,VOLTIJD,,180,2012-09-01,2029-09-01,2012-09-01,2029-09-01,,,,111A136,,111X680,Amsterdam,1,[2439],[],{}
171,1,be251e98-fb14-450f-ab0a-e6c36074c106,1001O5705,50623,,OPLEIDING,107B448,Rijksuniversiteit Groningen,113A748,Rijksuniversiteit Groningen,American Studies,American Studies,American Studies,VOLTIJD,ENG,180,2002-09-01,,2002-09-01,,,,,,,114X066,Groningen,1,[1540],[],{}
172,1,1b7b9120-8520-4517-aa6a-0fa9cfa88a93,1001O5979,56703,,OPLEIDING,107B448,Rijksuniversiteit Groningen,113A748,Rijksuniversiteit Groningen,Archeologie,Archaeology,Archeologie,VOLTIJD,NLD,180,2002-09-01,,2002-09-01,,,,,,,114X066,Groningen,1,[1581],[],{}
173,1,f25f1b86-400e-4a61-aa61-016f79febb1d,1001O5711,50645,,OPLEIDING,107B448,Rijksuniversiteit Groningen,113A748,Rijksuniversiteit Groningen,Bedrijfskunde,Business Administration,Bedrijfskunde,VOLTIJD,NLD,180,2002-09-01,,2002-09-01,,,,,,,114X066,Groningen,1,[1544],[],{}
174,1,e2f255c1-67be-4d9e-a23a-519afc6c6258,1001O6134,56950,,OPLEIDING,107B448,Rijksuniversiteit Groningen,113A748,Rijksuniversiteit Groningen,Bewegingswetenschappen,Human Movement Sciences,Bewegingswetenschappen,VOLTIJD,NLD,180,2003-09-01,,2003-09-01,,,,,,,114X066,Groningen,1,[1593],[],{}
175,1,260beda1-04c1-467a-abb5-477579bd5850,1001O6118,56860,,OPLEIDING,107B448,Rijksuniversiteit Groningen,113A748,Rijksuniversiteit Groningen,Biologie,Biology,Biologie,VOLTIJD,ENG,180,2002-09-01,,2002-09-01,,,,,,,114X066,Groningen,1,[1592],[],{}
176,1,d9269d1a-3824-4c3e-995b-4cccca0e0d5f,1001O5871,56226,,OPLEIDING,107B448,Rijksuniversiteit Groningen,113A748,Rijksuniversiteit Groningen,Biomedische Technologie,Biomedical Engineering,Biomedische Technologie,VOLTIJD,ENG,180,2020-09-01,,2020-09-01,,,,,,,114X066,Groningen,2,"[1571,1572]","[""STUDIEKEUZECHECK""]","{""STUDIEKEUZECHECK"":[""STUDIEKEUZE_CHECK_VAN_TOEPASSING"",""STUDIEKEUZE_CHECK_VERPLICHT""]}"
177,2,904dec2c-bde4-407c-a49c-2392218523a3,1016O0160,,57084,VARIANT,107B448,Rijksuniversiteit Groningen,113A748,Rijksuniversiteit Groningen,Cognitiewetenschappen,Cognitive Sciences,Cognitiewetenschappen,VOLTIJD,ENG,180,,,2002-09-01,,,,,,,114X066,Groningen,1,[1684],[],{}
177,2,dbaf18f3-6904-4181-b626-edcc1a2b1338,1016O0160,,57084,VARIANT,107B448,Rijksuniversiteit Groningen,113A748,Rijksuniversiteit Groningen,Cognitiewetenschappen,Cognitive Sciences,Cognitiewetenschappen,DEELTIJD,ENG,180,,,2002-09-01,,,,,,,114X066,Groningen,1,[1683],[],{}
178,2,9a7d3271-edc5-4cb6-b9d6-c0961afb1eb7,1001O6056,56826,,OPLEIDING,107B448,Rijksuniversiteit Groningen,113A748,Rijksuniversiteit Groningen,Communicatie- en Informatiewetenschappen,Communication and Information Studies,Communicatie- en Informatiewetenschappen,VOLTIJD,ENG,180,2002-09-01,,2002-09-01,,,,,,,114X066,Groningen,1,[1585],[],{}
178,2,d5f3bff1-0da9-493b-8fdb-de0f2e57ce8a,1001O6056,56826,,OPLEIDING,107B448,Rijksuniversiteit Groningen,113A748,Rijksuniversiteit Groningen,Communicatie- en Informatiewetenschappen,Communication and Information Studies,Communicatie- en Informatiewetenschappen,VOLTIJD,NLD,180,2002-09-01,,2002-09-01,,,,,,,114X066,Groningen,1,[1586],[],{}
179,1,e105b951-f50c-47d6-b509-65bdf8c9c351,1001O8744,50982,,OPLEIDING,107B448,Rijksuniversiteit Groningen,113A748,Rijksuniversiteit Groningen,Data Science and Society,Data Science and Society,Data Science and Society,VOLTIJD,ENG,180,2022-09-01,,2022-09-01,,,,,,,114X067,Leeuwarden,1,[1669],[],{}
180,1,1c629a16-101a-4443-ab12-892186c9947b,1001O6076,56833,,OPLEIDING,107B448,Rijksuniversiteit Groningen,113A748,Rijksuniversiteit Groningen,Econometrie en Operationele Research,Econometrics and Operations Research,Econometrie en Operationele Research,VOLTIJD,ENG,180,2009-09-01,,2009-09-01,,,,,,,114X066,Groningen,1,[1588],[],{}
181,1,a4d4cf7e-8e74-41fc-a8a3-4c66cc26b871,1001O5761,50950,,OPLEIDING,107B448,Rijksuniversiteit Groningen,113A748,Rijksuniversiteit Groningen,Economie en Bedrijfseconomie,Economics and Business Economics,Economie en Bedrijfseconomie,VOLTIJD,ENG,180,2009-09-01,,2009-09-01,,,,,,,114X066,Groningen,1,[1550],[],{}
182,2,569ea016-9cbd-48bc-a8e1-0267c100a505,1016O0156,,57084,VARIANT,107B448,Rijksuniversiteit Groningen,113A748,Rijksuniversiteit Groningen,Economische en Sociale Wetenschappen,Economic and Social Sciences,Economische en Sociale Wetenschappen,VOLTIJD,ENG,180,,,2002-09-01,,,,,,,114X066,Groningen,1,[1676],[],{}
182,2,6e49dae8-7b6b-4507-99e0-3dbdc03dcfee,1016O0156,,57084,VARIANT,107B448,Rijksuniversiteit Groningen,113A748,Rijksuniversiteit Groningen,Economische en Sociale Wetenschappen,Economic and Social Sciences,Economische en Sociale Wetenschappen,DEELTIJD,ENG,180,,,2002-09-01,,,,,,,114X066,Groningen,1,[1675],[],{}
183,1,30e12bfc-0a6c-4405-b9a4-44d36fc73867,1001O5670,50290,,OPLEIDING,107B448,Rijksuniversiteit Groningen,113A748,Rijksuniversiteit Groningen,English Language and Culture,English Language and Culture,English Language and Culture,VOLTIJD,ENG,180,2013-09-01,,2013-09-01,,,,,,,114X066,Groningen,1,[1538],[],{}
184,2,82208812-6628-4218-9bc3-75899aa22507,1001O5866,56124,,OPLEIDING,107B448,Rijksuniversiteit Groningen,113A748,Rijksuniversiteit Groningen,Europese Talen en Culturen,European Languages and Cultures,Europese Talen en Culturen,VOLTIJD,ENG,180,2013-09-01,,2013-09-01,,,,,,,114X066,Groningen,1,[1565],[],{}
184,2,ae66d52f-a2cd-4901-a3d9-758d1def7154,1001O5866,56124,,OPLEIDING,107B448,Rijksuniversiteit Groningen,113A748,Rijksuniversiteit Groningen,Europese Talen en Culturen,European Languages and Cultures,Europese Talen en Culturen,VOLTIJD,NLD,180,2013-09-01,,2013-09-01,,,,,,,114X066,Groningen,1,[1566],[],{}
185,1,2de276ca-433d-4a84-babe-b435e9555aab,1001O5867,56157,,OPLEIDING,107B448,Rijksuniversiteit Groningen,113A748,Rijksuniversiteit Groningen,Farmacie,Pharmacy,Farmacie,VOLTIJD,NLD,180,2002-09-01,,2025-09-01,,,,,,,114X066,Groningen,1,[1568],[],{}
186,2,2acf37c7-02d6-49ef-820d-2efbf5affb19,1001O5838,56081,,OPLEIDING,107B448,Rijksuniversiteit Groningen,113A748,Rijksuniversiteit Groningen,Filosofie,Philosophy,Filosofie,DEELTIJD,NLD,180,2002-09-01,,2002-09-01,,,,,,,114X066,Groningen,1,[1560],[],{}
186,2,c2a1f8aa-50aa-4915-9af1-b8737d4efa4b,1001O5838,56081,,OPLEIDING,107B448,Rijksuniversiteit Groningen,113A748,Rijksuniversiteit Groningen,Filosofie,Philosophy,Filosofie,VOLTIJD,NLD,180,2002-09-01,,2002-09-01,,,,,,,114X066,Groningen,1,[1561],[],{}
187,1,eac3899e-592f-4d88-a06d-38c798d53914,1016O3611,,50479,VARIANT,107B448,Rijksuniversiteit Groningen,113A748,Rijksuniversiteit Groningen,Friese Taal en Cultuur,,Friese Taal en Cultuur,VOLTIJD,NLD,180,,,2026-09-01,,,,,,,114X066,Groningen,1,[1862],[],{}
188,1,f3168827-5498-49fe-b6a3-de8e1d1770fd,1001O5904,56551,,OPLEIDING,107B448,Rijksuniversiteit Groningen,113A748,Rijksuniversiteit Groningen,Geneeskunde,Medicine,Geneeskunde,VOLTIJD,NLD,180,2003-09-01,,2003-09-01,,,,,,,114X066,Groningen,1,[1575],[],{}
189,4,9c581084-e27a-4479-8319-da52b189f6c5,1001O5817,56034,,OPLEIDING,107B448,Rijksuniversiteit Groningen,113A748,Rijksuniversiteit Groningen,Geschiedenis,History,Geschiedenis,DEELTIJD,ENG,180,2002-09-01,,2002-09-01,,,,,,,114X066,Groningen,1,[1556],[],{}
189,4,b49220e3-6bad-4151-bc7b-26353b11b190,1001O5817,56034,,OPLEIDING,107B448,Rijksuniversiteit Groningen,113A748,Rijksuniversiteit Groningen,Geschiedenis,History,Geschiedenis,VOLTIJD,ENG,180,2002-09-01,,2002-09-01,,,,,,,114X066,Groningen,1,[1558],[],{}
189,4,bca85496-aabf-4684-a7c9-c8f94ad39a36,1001O5817,56034,,OPLEIDING,107B448,Rijksuniversiteit Groningen,113A748,Rijksuniversiteit Groningen,Geschiedenis,History,Geschiedenis,VOLTIJD,NLD,180,2002-09-01,,2002-09-01,,,,,,,114X066,Groningen,1,[1559],[],{}
189,4,c6c14e5e-a173-4962-9bfc-c4f2349fbd91,1001O5817,56034,,OPLEIDING,107B448,Rijksuniversiteit Groningen,113A748,Rijksuniversiteit Groningen,Geschiedenis,History,Geschiedenis,DEELTIJD,NLD,180,2002-09-01,,2002-09-01,,,,,,,114X066,Groningen,1,[1557],[],{}
190,2,4c1226da-29f8-45a7-abc4-5c7ab0913f97,1016O0157,,57084,VARIANT,107B448,Rijksuniversiteit Groningen,113A748,Rijksuniversiteit Groningen,Geschiedwetenschap,History,Geschiedwetenschap,DEELTIJD,ENG,180,,,2002-09-01,,,,,,,114X066,Groningen,1,[1677],[],{}
190,2,9289061f-cb9e-4003-8fd4-e53b7ed6b88b,1016O0157,,57084,VARIANT,107B448,Rijksuniversiteit Groningen,113A748,Rijksuniversiteit Groningen,Geschiedwetenschap,History,Geschiedwetenschap,VOLTIJD,ENG,180,,,2002-09-01,,,,,,,114X066,Groningen,1,[1678],[],{}
191,1,f41491f0-8793-4090-affb-54b5d73e445a,1001O6236,59327,,OPLEIDING,107B448,Rijksuniversiteit Groningen,113A748,Rijksuniversiteit Groningen,Global Responsibility and Leadership,Global Responsibility and Leadership,Global Responsibility and Leadership,VOLTIJD,ENG,180,2018-09-01,,2018-09-01,,,,,,,114X067,Leeuwarden,1,[1604],[],{}
192,2,6fc5c36c-1857-4713-bb26-a3bd0d0f9ffa,1001O5806,56003,,OPLEIDING,107B448,Rijksuniversiteit Groningen,113A748,Rijksuniversiteit Groningen,Griekse en Latijnse Taal en Cultuur,Classics,Griekse en Latijnse Taal en Cultuur,DEELTIJD,NLD,180,2002-09-01,,2002-09-01,,,,,,,114X066,Groningen,1,[1552],[],{}
192,2,732193a9-b696-4e7b-a9a0-58d9a21d9cb0,1001O5806,56003,,OPLEIDING,107B448,Rijksuniversiteit Groningen,113A748,Rijksuniversiteit Groningen,Griekse en Latijnse Taal en Cultuur,Classics,Griekse en Latijnse Taal en Cultuur,VOLTIJD,NLD,180,2002-09-01,,2002-09-01,,,,,,,114X066,Groningen,1,[1553],[],{}
193,1,3c9ac13b-3f3a-40f7-93d4-277ac2b1ba0a,1001O5774,50974,,OPLEIDING,107B448,Rijksuniversiteit Groningen,113A748,Rijksuniversiteit Groningen,Human Geography and Planning,Human Geography and Planning,Human Geography and Planning,VOLTIJD,ENG,180,2020-09-01,,2020-09-01,,,,,,,114X066,Groningen,1,[1551],[],{}
194,1,4ff92595-5040-4b1d-99dc-1db05424ff79,1001O6170,56978,,OPLEIDING,107B448,Rijksuniversiteit Groningen,113A748,Rijksuniversiteit Groningen,Informatica,Computing Science,Informatica,VOLTIJD,ENG,180,2002-09-01,,2002-09-01,,,,,,,114X066,Groningen,2,"[1597,1598]","[""STUDIEKEUZECHECK""]","{""STUDIEKEUZECHECK"":[""STUDIEKEUZE_CHECK_VAN_TOEPASSING"",""STUDIEKEUZE_CHECK_VERPLICHT""]}"
195,1,2094d140-1f9f-4c1b-97dc-24e7fe031ce7,1001O6095,56842,,OPLEIDING,107B448,Rijksuniversiteit Groningen,113A748,Rijksuniversiteit Groningen,Informatiekunde,Information Science,Informatiekunde,VOLTIJD,NLD,180,2002-09-01,,2002-09-01,2030-09-01,,2027-09-01,,,,114X066,Groningen,1,[1590],[],{}
196,1,06bd2460-2125-4500-b1ec-430a1c182b3f,1001O6072,56829,,OPLEIDING,107B448,Rijksuniversiteit Groningen,113A748,Rijksuniversiteit Groningen,International and European Law,International and European Law,International and European Law,VOLTIJD,ENG,180,2002-09-01,,2002-09-01,,,,,,,114X066,Groningen,1,[1587],[],{}
197,1,0e47b3a5-ccd2-4f65-945c-3af5415fa0e5,1001O5642,50019,,OPLEIDING,107B448,Rijksuniversiteit Groningen,113A748,Rijksuniversiteit Groningen,International Business,International Business,International Business,VOLTIJD,ENG,180,2012-09-01,,2012-09-01,,,,,,,114X066,Groningen,1,[1534],[],{}
198,1,0611d762-fbeb-447b-a5d3-94fbd74157a0,1001O5706,50627,,OPLEIDING,107B448,Rijksuniversiteit Groningen,113A748,Rijksuniversiteit Groningen,Internationale Betrekkingen en Internationale Organisatie,International Relations and International Organization,Internationale Betrekkingen en Internationale Organisatie,VOLTIJD,ENG,180,2002-09-01,,2002-09-01,,,,,,,114X066,Groningen,1,[1541],[],{}
199,2,612ec857-e93e-4a78-a707-b298d080a090,1016O0159,,57084,VARIANT,107B448,Rijksuniversiteit Groningen,113A748,Rijksuniversiteit Groningen,Kunst- en Cultuurwetenschappen,Art and the Cultural Studies,Kunst- en Cultuurwetenschappen,VOLTIJD,ENG,180,,,2002-09-01,,,,,,,114X066,Groningen,1,[1682],[],{}
199,2,69eef1f8-8e97-460d-9012-67fdc09a0e88,1016O0159,,57084,VARIANT,107B448,Rijksuniversiteit Groningen,113A748,Rijksuniversiteit Groningen,Kunst- en Cultuurwetenschappen,Art and the Cultural Studies,Kunst- en Cultuurwetenschappen,DEELTIJD,ENG,180,,,2002-09-01,,,,,,,114X066,Groningen,1,[1681],[],{}
200,2,9e23a930-ecf9-4d34-8d18-e67f01e7a0bd,1001O5707,50629,,OPLEIDING,107B448,Rijksuniversiteit Groningen,113A748,Rijksuniversiteit Groningen,"Kunsten, Cultuur en Media","Arts, Culture and Media","Kunsten, Cultuur en Media",VOLTIJD,NLD,180,2002-09-01,,2002-09-01,,,,,,,114X066,Groningen,1,[1543],[],{}
200,2,a8535621-e4bd-4c12-ae3e-c6f3c9faa529,1001O5707,50629,,OPLEIDING,107B448,Rijksuniversiteit Groningen,113A748,Rijksuniversiteit Groningen,"Kunsten, Cultuur en Media","Arts, Culture and Media","Kunsten, Cultuur en Media",VOLTIJD,ENG,180,2002-09-01,,2002-09-01,,,,,,,114X066,Groningen,1,[1542],[],{}
201,1,1e81842f-4493-4002-9e06-0969c894d7bb,1001O6049,56824,,OPLEIDING,107B448,Rijksuniversiteit Groningen,113A748,Rijksuniversiteit Groningen,Kunstgeschiedenis,Art History,Kunstgeschiedenis,VOLTIJD,ENG,180,2002-09-01,,2002-09-01,,,,,,,114X066,Groningen,1,[1584],[],{}
202,1,4b74ef4f-fecd-4f5b-8d01-03ea19860504,1001O6182,56981,,OPLEIDING,107B448,Rijksuniversiteit Groningen,113A748,Rijksuniversiteit Groningen,Kunstmatige Intelligentie,Artificial Intelligence,Kunstmatige Intelligentie,VOLTIJD,ENG,180,2002-09-01,,2002-09-01,,,,,,,114X066,Groningen,2,"[1600,1601]","[""STUDIEKEUZECHECK""]","{""STUDIEKEUZECHECK"":[""STUDIEKEUZE_CHECK_VAN_TOEPASSING"",""STUDIEKEUZE_CHECK_VERPLICHT""]}"
203,2,6ba5832a-e4da-4b08-8ea3-5c68c6030cc2,1016O0161,,57084,VARIANT,107B448,Rijksuniversiteit Groningen,113A748,Rijksuniversiteit Groningen,Levenswetenschappen,Life Sciences,Levenswetenschappen,DEELTIJD,ENG,180,,,2002-09-01,,,,,,,114X066,Groningen,1,[1685],[],{}
203,2,936d4c47-fac3-4bf0-b9ac-723961578f55,1016O0161,,57084,VARIANT,107B448,Rijksuniversiteit Groningen,113A748,Rijksuniversiteit Groningen,Levenswetenschappen,Life Sciences,Levenswetenschappen,VOLTIJD,ENG,180,,,2002-09-01,,,,,,,114X066,Groningen,1,[1686],[],{}
204,1,fa0baf5c-377f-4622-896c-bfa4e794154c,1001O5680,50393,,OPLEIDING,107B448,Rijksuniversiteit Groningen,113A748,Rijksuniversiteit Groningen,Liberal Arts and Sciences,Liberal Arts and Sciences,Liberal Arts and Sciences,VOLTIJD,ENG,180,2014-09-01,,2014-09-01,,,,,,,114X066,Groningen,1,[1539],[],{}
205,1,9f4f3fca-05c4-424b-a789-30599628e4fe,1001O5878,56286,,OPLEIDING,107B448,Rijksuniversiteit Groningen,113A748,Rijksuniversiteit Groningen,Life Science and Technology,Life Science and Technology,Life Science and Technology,VOLTIJD,ENG,180,2002-09-01,,2002-09-01,,,,,,,114X066,Groningen,2,"[1573,1574]","[""STUDIEKEUZECHECK""]","{""STUDIEKEUZECHECK"":[""STUDIEKEUZE_CHECK_VAN_TOEPASSING"",""STUDIEKEUZE_CHECK_VERPLICHT""]}"
206,1,046b499c-6c6e-406e-a89d-7b12857ebf4d,1001O5757,50906,,OPLEIDING,107B448,Rijksuniversiteit Groningen,113A748,Rijksuniversiteit Groningen,Media en Cultuur,Media Studies,Media en Cultuur,VOLTIJD,ENG,180,2015-03-31,,2015-03-31,,,,,,,114X066,Groningen,1,[1549],[],{}
207,1,682fe0e8-824a-4092-86e4-60eddcb11fe5,1001O5847,56098,,OPLEIDING,107B448,Rijksuniversiteit Groningen,113A748,Rijksuniversiteit Groningen,Midden-Oostenstudies,Middle Eastern Studies,Midden-Oostenstudies,VOLTIJD,NLD,180,2012-09-01,,2012-09-01,,,,,,,114X066,Groningen,1,[1562],[],{}
208,2,d3f89b01-47e8-45a6-9784-af4673f05905,1001O5810,56012,,OPLEIDING,107B448,Rijksuniversiteit Groningen,113A748,Rijksuniversiteit Groningen,Minorities & Multilingualism,Minorities & Multilingualism,Minorities & Multilingualism,VOLTIJD,ENG,180,2002-09-01,2031-09-01,2002-09-01,2030-09-01,,2026-09-01,,,,114X066,Groningen,1,[1555],[],{}
208,2,fcdcc818-1259-4ec2-8eb9-eb4fc45456e8,1001O5810,56012,,OPLEIDING,107B448,Rijksuniversiteit Groningen,113A748,Rijksuniversiteit Groningen,Minorities & Multilingualism,Minorities & Multilingualism,Minorities & Multilingualism,DEELTIJD,ENG,180,2002-09-01,2031-09-01,2002-09-01,2031-09-01,,2026-09-01,,,,114X066,Groningen,1,[1554],[],{}
209,1,c31383d8-c766-4d04-8dc8-7b45c862b083,1001O5666,50206,,OPLEIDING,107B448,Rijksuniversiteit Groningen,113A748,Rijksuniversiteit Groningen,Natuurkunde,Physics,Natuurkunde,VOLTIJD,ENG,180,2002-09-01,,2002-09-01,,,,,,,114X066,Groningen,1,[1537],[],{}
210,2,80294d0e-c445-4579-8e68-a4d010382965,1016O0158,,57084,VARIANT,107B448,Rijksuniversiteit Groningen,113A748,Rijksuniversiteit Groningen,Natuurwetenschappen,Natural Sciences,Natuurwetenschappen,DEELTIJD,ENG,180,,,2002-09-01,,,,,,,114X066,Groningen,1,[1679],[],{}
210,2,921d7c62-e005-4455-9392-5a3e24598c8a,1016O0158,,57084,VARIANT,107B448,Rijksuniversiteit Groningen,113A748,Rijksuniversiteit Groningen,Natuurwetenschappen,Natural Sciences,Natuurwetenschappen,VOLTIJD,ENG,180,,,2002-09-01,,,,,,,114X066,Groningen,1,[1680],[],{}
211,1,0a7af361-bc30-4c15-8bf4-0e56c08fa50b,1001O5999,56804,,OPLEIDING,107B448,Rijksuniversiteit Groningen,113A748,Rijksuniversiteit Groningen,Nederlandse Taal en Cultuur,Dutch Language and Culture,Nederlandse Taal en Cultuur,VOLTIJD,NLD,180,2002-09-01,2026-09-01,2002-09-01,2026-09-01,,,,,,114X066,Groningen,1,[1583],[],{}
212,1,633888ce-f7f8-4667-880f-56dd1cd7aa53,1016O3657,,50479,VARIANT,107B448,Rijksuniversiteit Groningen,113A748,Rijksuniversiteit Groningen,Nederlandse Taal en Cultuur,,Nederlandse Taal en Cultuur,VOLTIJD,NLD,180,,,2026-09-01,,,,,,,114X066,Groningen,1,[1863],[],{}
213,1,14ed6072-b520-4b71-b182-a3a05e42349c,1016O2817,50479,,OPLEIDING,107B448,Rijksuniversiteit Groningen,113A748,Rijksuniversiteit Groningen,Nederlandse Talen en Culturen,Dutch Languages and Cultures,Nederlandse Talen en Culturen,VOLTIJD,NLD,180,2026-09-01,,2026-09-01,,,,,,,114X066,Groningen,1,[1672],[],{}
214,1,e97b8534-977e-42e8-880e-a0ee0544879c,1001O5944,56607,,OPLEIDING,107B448,Rijksuniversiteit Groningen,113A748,Rijksuniversiteit Groningen,Pedagogische Wetenschappen,Pedagogical Sciences,Pedagogische Wetenschappen,VOLTIJD,NLD,180,2002-09-01,,2002-09-01,,,,,,,114X066,Groningen,1,[1580],[],{}
215,2,047bc658-35b9-4fe7-8477-cc514a91542c,1016O0162,,57084,VARIANT,107B448,Rijksuniversiteit Groningen,113A748,Rijksuniversiteit Groningen,Politieke Wetenschappen,Political Science,Politieke Wetenschappen,VOLTIJD,ENG,180,,,2002-09-01,,,,,,,114X066,Groningen,1,[1688],[],{}
215,2,e017269b-212b-409e-be4e-74d970180572,1016O0162,,57084,VARIANT,107B448,Rijksuniversiteit Groningen,113A748,Rijksuniversiteit Groningen,Politieke Wetenschappen,Political Science,Politieke Wetenschappen,DEELTIJD,ENG,180,,,2002-09-01,,,,,,,114X066,Groningen,1,[1687],[],{}
216,2,4ab3b08b-8e82-4cb5-ac50-8e55c3a64810,1001O5929,56604,,OPLEIDING,107B448,Rijksuniversiteit Groningen,113A748,Rijksuniversiteit Groningen,Psychologie,Psychology,Psychologie,VOLTIJD,ENG,180,2002-09-01,,2002-09-01,,,,,,,114X066,Groningen,1,[1578],[],{}
216,2,6f88b5d5-d5af-4775-b07a-87773fd3535b,1001O5929,56604,,OPLEIDING,107B448,Rijksuniversiteit Groningen,113A748,Rijksuniversiteit Groningen,Psychologie,Psychology,Psychologie,VOLTIJD,NLD,180,2002-09-01,,2002-09-01,,,,,,,114X066,Groningen,1,[1579],[],{}
217,2,048b86d5-80b4-47c6-b575-2978bc2c9676,1001O5725,50700,,OPLEIDING,107B448,Rijksuniversiteit Groningen,113A748,Rijksuniversiteit Groningen,Rechtsgeleerdheid,Dutch Law,Rechtsgeleerdheid,VOLTIJD,NLD,180,2009-09-01,,2009-09-01,,,,,,,114X066,Groningen,1,[1545],[],{}
217,2,9b40f5fa-8bae-4ebc-a6dd-7fef966024ff,1001O5725,50700,,OPLEIDING,107B448,Rijksuniversiteit Groningen,113A748,Rijksuniversiteit Groningen,Rechtsgeleerdheid,Dutch Law,Rechtsgeleerdheid,VOLTIJD,NLD,180,2009-09-01,,2009-09-01,,,,,,,114X067,Leeuwarden,1,[1546],[],{}
218,2,1ae42d82-855c-4125-8003-9e75ec2d1418,1001O5751,50902,,OPLEIDING,107B448,Rijksuniversiteit Groningen,113A748,Rijksuniversiteit Groningen,Religiewetenschappen,Religious Studies,Religiewetenschappen,VOLTIJD,ENG,180,2014-09-01,,2014-09-01,,,,,,,114X066,Groningen,1,[1547],[],{}
218,2,e8c968b9-ccc9-4d44-9583-ec3d6611faf4,1001O5751,50902,,OPLEIDING,107B448,Rijksuniversiteit Groningen,113A748,Rijksuniversiteit Groningen,Religiewetenschappen,Religious Studies,Religiewetenschappen,VOLTIJD,NLD,180,2014-09-01,,2014-09-01,,,,,,,114X066,Groningen,1,[1548],[],{}
219,1,b278c846-17eb-40fc-b4dc-2c5fe409e4ff,1001O6112,56857,,OPLEIDING,107B448,Rijksuniversiteit Groningen,113A748,Rijksuniversiteit Groningen,Scheikunde,Chemistry,Scheikunde,VOLTIJD,ENG,180,2002-09-01,,2002-09-01,,,,,,,114X066,Groningen,1,[1591],[],{}
220,1,9aeec357-869f-4b56-8a9b-d04c4fb71643,1001O6149,56960,,OPLEIDING,107B448,Rijksuniversiteit Groningen,113A748,Rijksuniversiteit Groningen,Scheikundige Technologie,Chemical Engineering,Scheikundige Technologie,VOLTIJD,ENG,180,2002-09-01,,2002-09-01,,,,,,,114X066,Groningen,1,[1594],[],{}
221,1,4f52b521-015b-4986-80e1-14fa94119715,1001O5921,56601,,OPLEIDING,107B448,Rijksuniversiteit Groningen,113A748,Rijksuniversiteit Groningen,Sociologie,Sociology,Sociologie,VOLTIJD,NLD,180,2002-09-01,,2002-09-01,,,,,,,114X066,Groningen,1,[1577],[],{}
222,1,72204c16-0a8f-45c5-af36-dbb02f13ce44,1001O5869,56194,,OPLEIDING,107B448,Rijksuniversiteit Groningen,113A748,Rijksuniversiteit Groningen,Spatial Planning and Design,Spatial Planning and Design,Spatial Planning and Design,VOLTIJD,ENG,180,2002-09-01,,2002-09-01,,,,,,,114X066,Groningen,2,"[1569,1570]","[""STUDIEKEUZECHECK""]","{""STUDIEKEUZECHECK"":[""STUDIEKEUZE_CHECK_VAN_TOEPASSING"",""STUDIEKEUZE_CHECK_VERPLICHT""]}"
223,1,49ee7fec-702e-4e02-9c34-7b2446790af0,1001O5664,50205,,OPLEIDING,107B448,Rijksuniversiteit Groningen,113A748,Rijksuniversiteit Groningen,Sterrenkunde,Astronomy,Sterrenkunde,VOLTIJD,ENG,180,2002-09-01,,2002-09-01,,,,,,,114X066,Groningen,2,"[1535,1536]","[""STUDIEKEUZECHECK""]","{""STUDIEKEUZECHECK"":[""STUDIEKEUZE_CHECK_VAN_TOEPASSING"",""STUDIEKEUZE_CHECK_VERPLICHT""]}"
224,1,86479170-43cd-40ad-8474-91de4abf6db7,1001O5993,56803,,OPLEIDING,107B448,Rijksuniversiteit Groningen,113A748,Rijksuniversiteit Groningen,Taalwetenschap,Linguistics,Taalwetenschap,VOLTIJD,NLD,180,2007-09-01,,2007-09-01,,,,,,,114X066,Groningen,1,[1582],[],{}
225,1,6e8348de-66e7-4c14-a350-eaf7036dc9fe,1001O5915,56560,,OPLEIDING,107B448,Rijksuniversiteit Groningen,113A748,Rijksuniversiteit Groningen,Tandheelkunde,Dentistry,Tandheelkunde,VOLTIJD,NLD,180,2004-09-01,,2004-09-01,,,,,,,114X066,Groningen,1,[1576],[],{}
226,1,2e3fcbfe-87d1-459e-8e76-1ca4e72334d0,1001O6210,56994,,OPLEIDING,107B448,Rijksuniversiteit Groningen,113A748,Rijksuniversiteit Groningen,Technische Bedrijfskunde,Industrial Engineering & Management,Technische Bedrijfskunde,VOLTIJD,ENG,180,2002-09-01,,2002-09-01,,,,,,,114X066,Groningen,2,"[1602,1603]","[""STUDIEKEUZECHECK""]","{""STUDIEKEUZECHECK"":[""STUDIEKEUZE_CHECK_VAN_TOEPASSING"",""STUDIEKEUZE_CHECK_VERPLICHT""]}"
227,1,58bd2539-41a9-4207-bbdf-4fa471f7d6d0,1001O6152,56962,,OPLEIDING,107B448,Rijksuniversiteit Groningen,113A748,Rijksuniversiteit Groningen,Technische Natuurkunde,Applied Physics,Technische Natuurkunde,VOLTIJD,ENG,180,2002-09-01,,2002-09-01,,,,,,,114X066,Groningen,1,[1595],[],{}
228,1,bb901d8a-76d9-4e7c-9b49-689fba25f0c2,1001O6160,56965,,OPLEIDING,107B448,Rijksuniversiteit Groningen,113A748,Rijksuniversiteit Groningen,Technische Wiskunde,Applied Mathematics,Technische Wiskunde,VOLTIJD,ENG,180,2002-09-01,,2002-09-01,,,,,,,114X066,Groningen,1,[1596],[],{}
229,2,28e85f49-4d08-4793-b0e8-70c2c7d6db09,1001O5855,56109,,OPLEIDING,107B448,Rijksuniversiteit Groningen,113A748,Rijksuniversiteit Groningen,Theologie,Theology,Theologie,VOLTIJD,NLD,180,2007-09-01,,2007-09-01,,,,,,,114X066,Groningen,1,[1564],[],{}
229,2,e9fa6c40-5ae6-499d-b007-7c209b64aa47,1001O5855,56109,,OPLEIDING,107B448,Rijksuniversiteit Groningen,113A748,Rijksuniversiteit Groningen,Theologie,Theology,Theologie,DEELTIJD,NLD,180,2007-09-01,,2007-09-01,,,,,,,114X066,Groningen,1,[1563],[],{}
230,1,ee1d0182-8a04-4521-a377-8d18c941594a,1001O6177,56980,,OPLEIDING,107B448,Rijksuniversiteit Groningen,113A748,Rijksuniversiteit Groningen,Wiskunde,Mathematics,Wiskunde,VOLTIJD,ENG,180,2002-09-01,,2002-09-01,,,,,,,114X066,Groningen,1,[1599],[],{}
231,2,65b743d9-46e0-4f63-b7f1-8d0b10bbe2b5,1001O6046,56823,,OPLEIDING,107B481,Stichting Katholieke Universiteit Brabant,112A446,Tilburg University,Algemene Cultuurwetenschappen,Culture Studies,Algemene Cultuurwetenschappen,VOLTIJD,NLD,180,2002-09-01,,2020-11-02,,2022-09-01,,,,,111X362,Tilburg,1,[3301],[],{}
231,2,f996326d-f358-4fd6-9bd5-31ccaafda2d2,1001O6046,56823,,OPLEIDING,107B481,Stichting Katholieke Universiteit Brabant,112A446,Tilburg University,Algemene Cultuurwetenschappen,Culture Studies,Algemene Cultuurwetenschappen,DEELTIJD,NLD,180,2002-09-01,,2020-11-02,,2022-09-01,,,,,111X362,Tilburg,1,[3300],[],{}
232,1,e49d865c-85a9-44a2-b0b0-07d36e668ba0,1016O1090,,,VARIANT,107B481,Stichting Katholieke Universiteit Brabant,112A446,Tilburg University,B Bedrijfskunde,B Business Administration,B Bedrijfskunde,VOLTIJD,NLD,,,,2023-09-14,,,,,,,111X362,Tilburg,1,[3394],[],{}
233,1,ccc226b6-54b8-4a00-8815-a6ad02213ec2,1016O0554,,56627,VARIANT,107B481,Stichting Katholieke Universiteit Brabant,112A446,Tilburg University,B Bestuurskunde,B Public Governance,B Bestuurskunde,VOLTIJD,NLD,180,,,2020-11-02,,2022-09-01,,,,,111X362,Tilburg,1,[3358],[],{}
234,1,d6bbd376-44c9-49bf-a492-871db64d8340,1016O0543,,50754,VARIANT,107B481,Stichting Katholieke Universiteit Brabant,112A446,Tilburg University,B Organisatie- en Managementwetenschappen,B Organization and Management Studies (Dutch program),B Organisatie- en Managementwetenschappen,VOLTIJD,NLD,180,,,2020-11-02,,2022-09-01,,,,,111X362,Tilburg,1,[3353],[],{}
235,1,8f32c604-e8c1-47bd-a58e-017c97c644ff,1016O0544,,50754,VARIANT,107B481,Stichting Katholieke Universiteit Brabant,112A446,Tilburg University,B Organisatie- en Managementwetenschappen:GMSI (Engelstalig),B Organization and Management Studies:GMSI (English program),B Organisatie- en Managementwetenschappen:GMSI (Engelstalig),VOLTIJD,ENG,180,,,2020-11-02,,2022-09-01,,,,,111X362,Tilburg,1,[3354],[],{}
236,1,62e99cdf-41eb-411c-b32e-ce0b81027230,1016O0545,,50755,VARIANT,107B481,Stichting Katholieke Universiteit Brabant,112A446,Tilburg University,B Personeelwetenschappen,B Human Resource Studies,B Personeelwetenschappen,VOLTIJD,NLD,180,,,2020-11-02,,2022-09-01,,,,,111X362,Tilburg,1,[3355],[],{}
237,1,9219846e-0da4-477e-8adb-bba94c2320ff,1016O0546,,50755,VARIANT,107B481,Stichting Katholieke Universiteit Brabant,112A446,Tilburg University,B Personeelwetenschappen (HRS: People Management),B Human Resource Studies (HRS: People Management),B Personeelwetenschappen (HRS: People Management),VOLTIJD,ENG,180,,,2020-11-02,,2022-09-01,,,,,111X362,Tilburg,1,[3356],[],{}
238,1,8c87a4cd-795b-479c-acd2-3294d83010fa,1016O0440,,56604,VARIANT,107B481,Stichting Katholieke Universiteit Brabant,112A446,Tilburg University,B Psychologie (Engelstalig),B Psychology (English),B Psychologie (Engelstalig),VOLTIJD,ENG,180,,,2020-11-02,,2022-09-01,,,,,111X362,Tilburg,1,[3350],[],{}
239,1,17cfb7fe-c43e-41e8-bfa9-ee2d203be078,1016O0439,,56604,VARIANT,107B481,Stichting Katholieke Universiteit Brabant,112A446,Tilburg University,B Psychologie (Nederlandstalig),B Psychology (Dutch),B Psychologie (Nederlandstalig),VOLTIJD,NLD,180,,,2020-11-02,,2022-09-01,,,,,111X362,Tilburg,1,[3349],[],{}
240,1,9fd6b04b-98e1-4cf3-997d-76c8de20102e,1016O1091,,56627,VARIANT,107B481,Stichting Katholieke Universiteit Brabant,112A446,Tilburg University,B Public Governance,B Public Governance,B Public Governance,VOLTIJD,ENG,180,,,2020-11-02,,2022-09-01,,,,,111X362,Tilburg,1,[3395],[],{}
241,1,34ac50b9-496c-4401-b50a-ef46b7d8b404,1016O0539,,50700,VARIANT,107B481,Stichting Katholieke Universiteit Brabant,112A446,Tilburg University,B Rechtsgeleerdheid,B Law,B Rechtsgeleerdheid,VOLTIJD,NLD,180,,,2020-11-02,,2022-09-01,,,,,111X362,Tilburg,1,[3351],[],{}
242,1,846c10c4-22c1-4b10-b144-a249eeed02dd,1016O0540,,50700,VARIANT,107B481,Stichting Katholieke Universiteit Brabant,112A446,Tilburg University,B Rechtsgeleerdheid: Specialisatie Ondernemingsrecht,B Law: Specialization Business Law,B Rechtsgeleerdheid: Specialisatie Ondernemingsrecht,VOLTIJD,NLD,180,,,2020-11-02,,2022-09-01,,,,,111X362,Tilburg,1,[3352],[],{}
243,1,3ade8948-42f3-4b25-88ec-224ac18925aa,1016O0553,,56601,VARIANT,107B481,Stichting Katholieke Universiteit Brabant,112A446,Tilburg University,B Sociologie,B Sociology,B Sociologie,VOLTIJD,NLD,180,,,2020-11-02,,2022-09-01,,,,,111X362,Tilburg,1,[3357],[],{}
244,1,51e1f981-9c8a-4c08-bbb3-9b8d02bbc343,1016O1092,,56601,VARIANT,107B481,Stichting Katholieke Universiteit Brabant,112A446,Tilburg University,B Sociologie (International Sociology),B Sociology (International Sociology),B Sociologie (International Sociology),VOLTIJD,ENG,180,,,2020-11-02,,2022-09-01,,,,,111X362,Tilburg,1,[3396],[],{}
245,1,fe0190e9-546b-4687-a488-8798a97fc4be,1001O6245,59338,,OPLEIDING,107B481,Stichting Katholieke Universiteit Brabant,112A446,Tilburg University,Cognitive Science and Artificial Intelligence,Cognitive Science and Artificial Intelligence,Cognitive Science and Artificial Intelligence,VOLTIJD,ENG,180,2019-09-01,,2020-11-02,,2022-09-01,,,,,111X362,Tilburg,1,[3305],[],{}
246,2,98ad9ed3-ecd3-4217-9844-b2453d4c45d1,1001O6060,56826,,OPLEIDING,107B481,Stichting Katholieke Universiteit Brabant,112A446,Tilburg University,Communicatie- en Informatiewetenschappen,Communication and Information Sciences,Communicatie- en Informatiewetenschappen,VOLTIJD,NLD,180,2002-09-01,,2020-11-02,,2022-09-01,,,,,111X362,Tilburg,1,[3303],[],{}
246,2,d536bc0c-a63d-48db-b03a-8e659763bf3b,1001O6060,56826,,OPLEIDING,107B481,Stichting Katholieke Universiteit Brabant,112A446,Tilburg University,Communicatie- en Informatiewetenschappen,Communication and Information Sciences,Communicatie- en Informatiewetenschappen,DEELTIJD,NLD,180,2002-09-01,,2020-11-02,,2022-09-01,,,,,111X362,Tilburg,1,[3302],[],{}
247,1,497276e4-db19-46ab-9e63-69cbacc4023c,1016O1094,,,OPLEIDING,107B481,Stichting Katholieke Universiteit Brabant,112A446,Tilburg University,B Data Science (joint degree),B Data Science (joint degree),Data Science,VOLTIJD,ENG,,,,2020-11-02,,2022-09-01,,,,,111X362,Tilburg,1,[3348],[],{}
248,1,f642259f-1a46-4c7d-af4d-e4b4ea55bb48,1001O6081,56833,,OPLEIDING,107B481,Stichting Katholieke Universiteit Brabant,112A446,Tilburg University,Econometrie en Operationele Research,Econometrics and Operations Research,Econometrie en Operationele Research,VOLTIJD,ENG,180,2002-09-01,,2020-11-02,,2022-09-01,,,,,111X362,Tilburg,1,[3304],[],{}
249,1,e6bf9ead-7188-43ee-b800-72671f459690,1001O5883,56401,,OPLEIDING,107B481,Stichting Katholieke Universiteit Brabant,112A446,Tilburg University,Economie,Economics,Economics,VOLTIJD,ENG,180,2009-09-01,,2020-11-02,,2022-09-01,,,,,111X362,Tilburg,1,[3298],[],{}
250,1,be3575d2-95c5-48fb-9ced-dba6f01a39d0,1001O5767,50950,,OPLEIDING,107B481,Stichting Katholieke Universiteit Brabant,112A446,Tilburg University,Economie en Bedrijfseconomie,Economics and Business Economics,Economie en Bedrijfseconomie,VOLTIJD,NLD,180,2009-09-01,,2020-11-02,,2022-09-01,,,,,111X362,Tilburg,1,[3290],[],{}
251,1,70a504d4-da6a-4ed9-93c4-928e91f14059,1001O6247,59340,,OPLEIDING,107B481,Stichting Katholieke Universiteit Brabant,112A446,Tilburg University,Entrepreneurship and Business Innovation,Entrepreneurship and Business Innovation,Entrepreneurship and Business Innovation,VOLTIJD,ENG,180,2020-09-01,,2020-11-02,,2022-09-01,,,,,111X362,Tilburg,1,[3306],[],{}
252,2,334169b2-e2b7-406f-8fbd-97de2f0c430b,1001O5844,56081,,OPLEIDING,107B481,Stichting Katholieke Universiteit Brabant,112A446,Tilburg University,Filosofie,Philosophy,Filosofie,DEELTIJD,NLD,180,2002-09-01,,2020-11-02,,2022-09-01,,,,,111X362,Tilburg,1,[3292],[],{}
252,2,3d460953-694f-4cbe-95a9-c95868f9573c,1001O5844,56081,,OPLEIDING,107B481,Stichting Katholieke Universiteit Brabant,112A446,Tilburg University,Filosofie,Philosophy,Filosofie,VOLTIJD,NLD,180,2002-09-01,,2020-11-02,,2022-09-01,,,,,111X362,Tilburg,1,[3293],[],{}
253,1,b6a0ccc1-41ca-4c13-b4e7-71b5c05e541e,1016O0438,,,OPLEIDING,107B481,Stichting Katholieke Universiteit Brabant,112A446,Tilburg University,B Fiscale Economie,B Tax Economics,Fiscale economie,VOLTIJD,NLD,,,,2020-11-02,,2022-09-01,,,,,111X362,Tilburg,1,[3347],[],{}
254,1,0e31fa43-a733-4ee4-b2b3-7f68a245d0c1,1001O5902,56475,,OPLEIDING,107B481,Stichting Katholieke Universiteit Brabant,112A446,Tilburg University,Global Law,Global Law,Global Law,VOLTIJD,ENG,180,2013-09-01,,2020-11-02,,2022-09-01,,,,,111X362,Tilburg,1,[3299],[],{}
255,1,83ed252b-2d40-4deb-9942-245a5a6f48a7,1001O5773,50952,,OPLEIDING,107B481,Stichting Katholieke Universiteit Brabant,112A446,Tilburg University,International Business Administration,International Business Administration,International Business Administration,VOLTIJD,ENG,180,2009-09-01,,2020-11-02,,2022-09-01,,,,,111X362,Tilburg,1,[3291],[],{}
256,1,55d1ea5d-f95e-4a70-974a-31f6bb61f32d,1001O5686,50393,,OPLEIDING,107B481,Stichting Katholieke Universiteit Brabant,112A446,Tilburg University,Liberal Arts and Sciences,Liberal Arts and Sciences,Liberal Arts and Sciences,VOLTIJD,ENG,180,2009-09-01,,2020-11-02,,2022-09-01,,,,,111X362,Tilburg,1,[3289],[],{}
257,4,3f6223e1-1733-4157-a138-60f2e6fb6ca5,1001O5858,56109,,OPLEIDING,107B481,Stichting Katholieke Universiteit Brabant,112A446,Tilburg University,Theologie,Theology,Theologie,DEELTIJD,ENG,180,2006-01-01,,2020-11-02,,2022-09-01,,,,,111X362,Tilburg,1,[3294],[],{}
257,4,7a3f3634-f5b8-47bd-8d43-3c9dcd72fb45,1001O5858,56109,,OPLEIDING,107B481,Stichting Katholieke Universiteit Brabant,112A446,Tilburg University,Theologie,Theology,Theologie,VOLTIJD,ENG,180,2006-01-01,,2020-11-02,,2024-09-01,,,,,114X187,Utrecht,1,[3297],[],{}
257,4,aef8281f-a56c-468f-bf61-3a17f47bf374,1001O5858,56109,,OPLEIDING,107B481,Stichting Katholieke Universiteit Brabant,112A446,Tilburg University,Theologie,Theology,Theologie,VOLTIJD,ENG,180,2006-01-01,,2020-11-02,,2022-09-01,,,,,111X362,Tilburg,1,[3296],[],{}
257,4,b19a72e3-1d14-42c4-b26d-6fe47bd3d926,1001O5858,56109,,OPLEIDING,107B481,Stichting Katholieke Universiteit Brabant,112A446,Tilburg University,Theologie,Theology,Theologie,DEELTIJD,ENG,180,2006-01-01,,2020-11-02,,2024-09-01,,,,,114X187,Utrecht,1,[3295],[],{}
258,1,8df0e92e-4b18-4ff0-a995-25ce46f61de9,1001O5853,56105,,OPLEIDING,107B544,Stichting Universiteit voor Humanistiek,109A997,Universiteit voor Humanistiek,Humanistiek,Humanistic Studies,Humanistiek,VOLTIJD,NLD,180,2003-09-01,,2003-09-01,,,,,,,110X813,Utrecht,1,[5324],[],{}
259,1,10e2b60a-fdb4-3c6b-e063-63beb4836d31,1015O6835,,56951,VARIANT,107B605,Technische Universiteit Delft,111A562,Technische Universiteit Delft,Bachelor Bouwkunde,"Bachelor Architecture, Urbanism and Building Sciences",Bachelor Bouwkunde,VOLTIJD,NLD,180,,,2020-11-21,,,,,,,,,1,[6802],[],{}
260,1,1479db3d-0ac0-de62-e063-63beb4838e95,1015O6933,,56952,VARIANT,107B605,Technische Universiteit Delft,111A562,Technische Universiteit Delft,Bachelor Civiele Techniek,Bachelor Civil Engineering,Bachelor Civiele Techniek,VOLTIJD,NLD,180,,,2020-11-21,,2022-09-01,,,,,,,1,[6806],[],{}
261,1,147a30cb-edea-0336-e063-63beb483d396,1015O6940,,56953,VARIANT,107B605,Technische Universiteit Delft,111A562,Technische Universiteit Delft,Bachelor Electrical Engineering,Bachelor Electrical Engineering,Bachelor Electrical Engineering,VOLTIJD,NLD,180,,,2020-11-21,,2022-09-01,,,,,,,1,[6809],[],{}
262,1,147a30cb-edf0-0336-e063-63beb483d396,1015O7236,,56955,VARIANT,107B605,Technische Universiteit Delft,111A562,Technische Universiteit Delft,Bachelor Industrieel Ontwerpen,Bachelor Industrial Design,Bachelor Industrieel Ontwerpen,VOLTIJD,NLD,180,,,2020-11-21,,2022-09-01,,,,,,,1,[6819],[],{}
263,1,148e55ad-4d58-64b1-e063-63beb483f067,1015O7390,,55007,VARIANT,107B605,Technische Universiteit Delft,111A562,Technische Universiteit Delft,Bachelor Klinische Technologie,Bachelor Clinical Technology,Bachelor Klinische Technologie,VOLTIJD,NLD,180,,,2020-11-21,,2023-09-01,,,,,,,1,[6836],[],{}
264,1,148e55ad-4d5e-64b1-e063-63beb483f067,1015O7388,,55010,VARIANT,107B605,Technische Universiteit Delft,111A562,Technische Universiteit Delft,Bachelor Life Science and Technology,Bachelor Life Science and Technology,Bachelor Life Science and Technology,VOLTIJD,NLD,180,,,2020-11-21,,2023-09-01,,,,,,,1,[6835],[],{}
265,1,147a30cb-edf7-0336-e063-63beb483d396,1015O7235,,56956,VARIANT,107B605,Technische Universiteit Delft,111A562,Technische Universiteit Delft,Bachelor Luchtvaart- en Ruimtevaarttechniek,Bachelor Aerospace Engineering,Bachelor Luchtvaart- en Ruimtevaarttechniek,VOLTIJD,NLD,180,,,2020-11-21,,2022-09-01,,,,,,,1,[6818],[],{}
266,1,147a30cb-edff-0336-e063-63beb483d396,1015O7234,,56957,VARIANT,107B605,Technische Universiteit Delft,111A562,Technische Universiteit Delft,Bachelor Maritieme Techniek,Bachelor Marine Technology,Bachelor Maritieme Techniek,VOLTIJD,NLD,180,,,2020-11-21,,2022-09-01,,,,,,,1,[6817],[],{}
267,1,148e55ad-4d6a-64b1-e063-63beb483f067,1015O7391,,55003,VARIANT,107B605,Technische Universiteit Delft,111A562,Technische Universiteit Delft,Bachelor Nanobiologie,Bachelor Nanobiology,Bachelor Nanobiologie,VOLTIJD,NLD,180,,,2020-11-21,,2023-09-01,,,,,,,1,[6837],[],{}
268,1,147a30cb-ee06-0336-e063-63beb483d396,1015O7233,,56959,VARIANT,107B605,Technische Universiteit Delft,111A562,Technische Universiteit Delft,Bachelor Technische Aardwetenschappen,Bachelor Applied Earth Sciences,Bachelor Technische Aardwetenschappen,VOLTIJD,NLD,180,,,2020-11-21,,2022-09-01,,,,,,,1,[6816],[],{}
269,1,147a30cb-ee0c-0336-e063-63beb483d396,1015O7228,,56995,VARIANT,107B605,Technische Universiteit Delft,111A562,Technische Universiteit Delft,Bachelor Technische Bestuurskunde,"Bachelor Systems Engineering, Policy Analysis and Management",Bachelor Technische Bestuurskunde,VOLTIJD,NLD,180,,,2020-11-21,,2022-09-01,,,,,,,1,[6811],[],{}
270,1,147a30cb-ee12-0336-e063-63beb483d396,1015O7231,,56964,VARIANT,107B605,Technische Universiteit Delft,111A562,Technische Universiteit Delft,Bachelor Technische Informatica,Bachelor Computer Science and Engineering,Bachelor Technische Informatica,VOLTIJD,NLD,180,,,2020-11-21,,2022-09-01,,,,,,,1,[6814],[],{}
271,1,147a30cb-ee18-0336-e063-63beb483d396,1015O7241,,56962,VARIANT,107B605,Technische Universiteit Delft,111A562,Technische Universiteit Delft,Bachelor Technische Natuurkunde,Bachelor Applied Physics,Bachelor Technische Natuurkunde,VOLTIJD,NLD,180,,,2020-11-21,,2022-09-01,,,,,,,1,[6823],[],{}
272,1,147a30cb-ee1e-0336-e063-63beb483d396,1015O7230,,56965,VARIANT,107B605,Technische Universiteit Delft,111A562,Technische Universiteit Delft,Bachelor Technische Wiskunde,Bachelor Applied Mathematics,Bachelor Technische Wiskunde,VOLTIJD,NLD,180,,,2020-11-21,,2022-09-01,,,,,,,1,[6813],[],{}
273,1,147a30cb-ee24-0336-e063-63beb483d396,1015O7229,,56966,VARIANT,107B605,Technische Universiteit Delft,111A562,Technische Universiteit Delft,Bachelor Werktuigbouwkunde,Bachelor Mechanical Engineering,Bachelor Werktuigbouwkunde,VOLTIJD,NLD,180,,,2020-11-21,,2022-09-01,,,,,,,1,[6812],[],{}
274,1,0e0bba73-9a88-76e4-e063-6f2ba8c08759,1015O6277,,56953,VARIANT,107B450,Technische Universiteit Eindhoven,114A734,Technische Universiteit Eindhoven,Automotive Technology,Automotive Technology,Automotive Technology,VOLTIJD,ENG,180,,,2020-09-10,,2023-09-01,,,,,114X284,Eindhoven,1,[2292],[],{}
275,1,0cde291f-bcea-09a6-e063-6f2ba8c0ea9a,1015O6204,,56226,VARIANT,107B450,Technische Universiteit Eindhoven,114A734,Technische Universiteit Eindhoven,Biomedische Technologie,Biomedical Engineering,Biomedische Technologie,VOLTIJD,ENG,180,,,2020-09-10,,2023-09-01,,,,,114X284,Eindhoven,1,[2285],[],{}
276,1,0cde291f-bd0a-09a6-e063-6f2ba8c0ea9a,1015O6209,,56951,VARIANT,107B450,Technische Universiteit Eindhoven,114A734,Technische Universiteit Eindhoven,Bouwkunde,"Architecture, Urbanism and Building Sciences",Bouwkunde,VOLTIJD,ENG,180,,,2020-09-10,,2023-09-01,,,,,114X284,Eindhoven,1,[2289],[],{}
277,1,0e0bba73-9ad8-76e4-e063-6f2ba8c08759,1015O6287,,56964,VARIANT,107B450,Technische Universiteit Eindhoven,114A734,Technische Universiteit Eindhoven,Computer Science and Engineering,Computer Science and Engineering,Computer Science and Engineering,VOLTIJD,ENG,180,,,2020-09-10,,2023-09-01,,,,,114X284,Eindhoven,1,[2302],[],{}
278,1,0a965189-5d8c-06f5-e063-6f2ba8c07429,1015O6359,,55018,VARIANT,107B450,Technische Universiteit Eindhoven,114A734,Technische Universiteit Eindhoven,Data Science,Data Science,Data Science,VOLTIJD,ENG,180,,,2020-09-10,,2023-09-01,,,112A446,,114X284,Eindhoven,1,[2328],[],{}
279,1,0e0bba73-9a90-76e4-e063-6f2ba8c08759,1015O6278,,56953,VARIANT,107B450,Technische Universiteit Eindhoven,114A734,Technische Universiteit Eindhoven,Electrical Engineering,Electrical Engineering,Electrical Engineering,VOLTIJD,ENG,180,,,2020-09-10,,2023-09-01,,,,,114X284,Eindhoven,1,[2293],[],{}
280,1,0e8344bc-a27d-0ae7-e063-6f2ba8c0a89a,1015O5087,,50441,VARIANT,107B450,Technische Universiteit Eindhoven,114A734,Technische Universiteit Eindhoven,Industrial Design,Industrial Design,Industrial Design,VOLTIJD,ENG,180,,,2020-09-10,,2023-09-01,,,,,114X284,Eindhoven,1,[2283],[],{}
281,1,27e23ff8-9996-49de-a45e-7a4c9d7f8eef,1016O3578,,,VARIANT,107B450,Technische Universiteit Eindhoven,114A734,Technische Universiteit Eindhoven,Mechanical Engineering,Mechanical Engineering,Mechanical Engineering,VOLTIJD,NLD,,,,2026-09-01,,,,,,,114X284,Eindhoven,1,[2347],[],{}
282,1,0cde291f-bcf2-09a6-e063-6f2ba8c0ea9a,1015O6205,,56226,VARIANT,107B450,Technische Universiteit Eindhoven,114A734,Technische Universiteit Eindhoven,Medische Wetenschappen en Technologie,Medical Sciences and Engineering,Medische Wetenschappen en Technologie,VOLTIJD,NLD,180,,,2020-09-10,,2023-09-01,,,,,114X284,Eindhoven,1,[2286],[],{}
283,1,0a98fccb-3c4b-5417-e063-6f2ba8c09422,1015O5091,,55824,VARIANT,107B450,Technische Universiteit Eindhoven,114A734,Technische Universiteit Eindhoven,Psychology & Technology,Psychology & Technology,Psychology & Technology,VOLTIJD,ENG,180,,,2020-09-10,,2023-09-01,,,,,114X284,Eindhoven,1,[2284],[],{}
284,1,0e0bba73-9aa0-76e4-e063-6f2ba8c08759,1015O6280,,56960,VARIANT,107B450,Technische Universiteit Eindhoven,114A734,Technische Universiteit Eindhoven,Scheikundige Technologie,Chemical Engineering and Chemistry,Scheikundige Technologie,VOLTIJD,ENG,180,,,2020-09-10,,2023-09-01,,,,,114X284,Eindhoven,1,[2295],[],{}
285,1,0e31ff3f-ddee-48c4-e063-6f2ba8c0151b,1015O6351,,56265,VARIANT,107B450,Technische Universiteit Eindhoven,114A734,Technische Universiteit Eindhoven,Sustainable Innovation,Sustainable Innovation,Sustainable Innovation,VOLTIJD,ENG,180,,,2020-09-10,,2023-09-01,,,,,114X284,Eindhoven,1,[2326],[],{}
286,1,0e0bba73-9b58-76e4-e063-6f2ba8c08759,1015O6303,,56994,VARIANT,107B450,Technische Universiteit Eindhoven,114A734,Technische Universiteit Eindhoven,Technische Bedrijfskunde,Industrial Engineering,Technische Bedrijfskunde,VOLTIJD,ENG,180,,,2020-09-10,,2023-09-01,,,,,114X284,Eindhoven,1,[2312],[],{}
287,1,0e0bba73-9ac8-76e4-e063-6f2ba8c08759,1015O6285,,56962,VARIANT,107B450,Technische Universiteit Eindhoven,114A734,Technische Universiteit Eindhoven,Technische Natuurkunde,Applied Physics,Technische Natuurkunde,VOLTIJD,ENG,180,,,2020-09-10,,2023-09-01,,,,,114X284,Eindhoven,1,[2300],[],{}
288,1,0e0bba73-9b18-76e4-e063-6f2ba8c08759,1015O6295,,56965,VARIANT,107B450,Technische Universiteit Eindhoven,114A734,Technische Universiteit Eindhoven,Technische Wiskunde,Applied Mathematics,Technische Wiskunde,VOLTIJD,ENG,180,,,2020-09-10,,2023-09-01,,,,,114X284,Eindhoven,1,[2309],[],{}
289,1,e4de27b6-ec9d-46b7-a9f0-7ade138b1ed3,1001O5859,56109,,OPLEIDING,107B487,Theologische Universiteit Apeldoorn,113A677,Theologische Universiteit Apeldoorn,Theologie,,Bachelor Theologie,VOLTIJD,NLD,180,2002-09-01,,2023-09-01,2029-08-30,2023-09-01,,https://www.tua.nl/nl/onderwijs/o/bachelor-theologie,,,113X461,Apeldoorn,1,[4323],[],{}
290,2,591f9a4d-9f5c-4746-b2e6-158480ed73c1,1001O5860,56109,,OPLEIDING,107B617,Theologische Universiteit van de Gereformeerde Kerk (Vrijg) in Nederland,114A554,Theologische Universiteit Utrecht,Theologie,,Theologie,DEELTIJD,NLD,180,2002-09-01,,2022-09-01,,,,,,,114X004,Utrecht,1,[6897],[],{}
290,2,777f6dae-c9bd-458e-9750-6f3ba66e8f69,1001O5860,56109,,OPLEIDING,107B617,Theologische Universiteit van de Gereformeerde Kerk (Vrijg) in Nederland,114A554,Theologische Universiteit Utrecht,Theologie,,Theologie,VOLTIJD,NLD,180,2002-09-01,,2022-09-01,,,,,,,114X004,Utrecht,1,[6898],[],{}
291,1,a62cb339-7da0-4065-b548-454638f4a878,1001O6041,56821,,OPLEIDING,107B578,Universiteit Leiden,114A561,Universiteit Leiden,African Studies,African Studies,African Studies,VOLTIJD,ENG,180,2002-09-01,,2022-09-01,,2022-09-01,,,,,114X175,Leiden,1,[6207],[],{}
292,1,9302e80d-d9bd-417c-bd9f-707a5023a8df,1001O5978,56703,,OPLEIDING,107B578,Universiteit Leiden,114A561,Universiteit Leiden,Archeologie,Archaeology,Archeologie,VOLTIJD,NLD,180,2002-09-01,,2002-09-01,,2002-09-01,,,,,114X175,Leiden,1,[6195],[],{}
293,1,936b2d9f-d706-43ab-be6c-0cc3e3e4c9a0,1001O5965,56627,,OPLEIDING,107B578,Universiteit Leiden,114A561,Universiteit Leiden,Bestuurskunde,Public Administration,Bestuurskunde,VOLTIJD,NLD,180,2002-09-01,,2002-09-01,,2002-09-01,,,,,114X176,'s-Gravenhage,1,[6194],[],{}
294,1,daa76097-745b-4ce4-add8-3769548f359e,1001O5667,50207,,OPLEIDING,107B578,Universiteit Leiden,114A561,Universiteit Leiden,Bio-Farmaceutische Wetenschappen,,Bio-Farmaceutische Wetenschappen,VOLTIJD,NLD,180,2002-09-01,,2002-09-01,,2002-09-01,,,,,114X175,Leiden,1,[6168],[],{}
295,1,62bcefb3-ce80-4f36-a0de-8c141d886cf8,1001O6117,56860,,OPLEIDING,107B578,Universiteit Leiden,114A561,Universiteit Leiden,Biologie,Biology,Biologie,VOLTIJD,NLD,180,2002-09-01,,2002-09-01,,2002-09-01,,,,,114X175,Leiden,1,[6214],[],{}
296,1,3282d4c3-9710-43a9-b8ac-7195b996fe99,1001O6203,56990,,OPLEIDING,107B578,Universiteit Leiden,114A561,Universiteit Leiden,Biomedische Wetenschappen,,Biomedische Wetenschappen,VOLTIJD,NLD,180,2002-09-01,,2002-09-01,,2002-09-01,,,,,114X175,Leiden,1,[6219],[],{}
297,1,7ec304b7-5cc0-4311-9cbe-04538dd60aa6,1001O6038,56818,,OPLEIDING,107B578,Universiteit Leiden,114A561,Universiteit Leiden,Chinastudies,Chinese Studies,Chinastudies,VOLTIJD,NLD,180,2002-09-01,,2011-09-01,,2026-09-01,,,,,114X175,Leiden,1,[6204],[],{}
298,2,42fe62d2-354f-45be-9b1d-97b1585e296b,1001O5899,56469,,OPLEIDING,107B578,Universiteit Leiden,114A561,Universiteit Leiden,Criminologie,,Criminologie,DEELTIJD,NLD,180,2002-09-01,,2002-09-01,2031-08-31,2002-09-01,,,,,114X175,Leiden,1,[6187],[],{}
298,2,a9549a79-15f5-4667-9dea-35a7730a8be7,1001O5899,56469,,OPLEIDING,107B578,Universiteit Leiden,114A561,Universiteit Leiden,Criminologie,,Criminologie,VOLTIJD,NLD,180,2002-09-01,,2002-09-01,,2002-09-01,,,,,114X175,Leiden,1,[6188],[],{}
299,1,fa3a2734-93de-418f-9a9c-a8b76e6e23a3,1001O5651,50035,,OPLEIDING,107B578,Universiteit Leiden,114A561,Universiteit Leiden,Culturele Antropologie en Ontwikkelingssociologie,Cultural Anthropology and Development Sociology,Cultural Anthropology and Development Sociology,VOLTIJD,NLD,180,2002-09-01,,2002-09-01,,2026-09-01,,,,,114X175,Leiden,1,[6164],[],{}
300,1,edd060e9-1f6d-4023-8e68-ebe55d5989a7,1001O8924,59348,,OPLEIDING,107B578,Universiteit Leiden,114A561,Universiteit Leiden,Cybersecurity & Cybercrime,Cybersecurity & Cybercrime,Cybersecurity & Cybercrime,VOLTIJD,NLD,180,2025-09-01,,2025-09-01,,2025-09-01,,,,,114X176,'s-Gravenhage,1,[6350],[],{}
301,1,a42b6f7f-b207-40c8-8655-9db3cf9ecadf,1001O5674,50300,,OPLEIDING,107B578,Universiteit Leiden,114A561,Universiteit Leiden,Data Science and Artificial Intelligence,Data Science and Artificial Intelligence,Data Science and Artificial Intelligence,VOLTIJD,ENG,180,2022-09-01,,2021-09-01,,2026-09-01,,,,,114X175,Leiden,1,[6169],[],{}
302,1,6c2c1673-374e-41e5-b5c7-e2f9b1e4e050,1001O6004,56805,,OPLEIDING,107B578,Universiteit Leiden,114A561,Universiteit Leiden,Duitse Taal en Cultuur,,Duitse Taal en Cultuur,VOLTIJD,NLD,180,2002-09-01,,2002-09-01,,2002-09-01,,,,,114X175,Leiden,1,[6198],[],{}
303,1,4b7ca1e3-7b76-44b9-91d7-5cba443515c4,1001O8921,50996,,OPLEIDING,107B578,Universiteit Leiden,114A561,Universiteit Leiden,Economie & Samenleving,Economics & Society,Economie en Samenleving,VOLTIJD,NLD,180,2025-09-01,,2025-09-01,,2025-09-01,,,,,114X176,'s-Gravenhage,1,[6349],[],{}
304,2,6a1f2ec1-36ec-4f7d-9ebe-a88e84bb160a,1001O6010,56806,,OPLEIDING,107B578,Universiteit Leiden,114A561,Universiteit Leiden,Engelse Taal en Cultuur,,English Language and Culture,DEELTIJD,ENG,180,2002-09-01,,2002-09-01,,2002-09-01,,,,,114X175,Leiden,1,[6199],[],{}
304,2,6ae30079-4cd6-43ff-bb20-ff67d9f33284,1001O6010,56806,,OPLEIDING,107B578,Universiteit Leiden,114A561,Universiteit Leiden,Engelse Taal en Cultuur,,English Language and Culture,VOLTIJD,ENG,180,2002-09-01,,2002-09-01,,2002-09-01,,,,,114X175,Leiden,1,[6200],[],{}
305,1,d7731d03-7593-4ed9-9516-65642eb8bb0a,1001O5689,50414,,OPLEIDING,107B578,Universiteit Leiden,114A561,Universiteit Leiden,Film- en Literatuurwetenschap,Film and Literary Studies,Film- en Literatuurwetenschap,VOLTIJD,NLD,180,2010-09-01,,2010-09-01,,2010-09-01,,,,,114X175,Leiden,1,[6170],[],{}
306,2,5ba4a5cc-67b5-4b24-bef3-8211b46d8d65,1001O5837,56081,,OPLEIDING,107B578,Universiteit Leiden,114A561,Universiteit Leiden,Filosofie,,Filosofie,DEELTIJD,NLD,180,2002-09-01,,2018-09-01,,2018-09-01,,,,,114X175,Leiden,1,[6182],[],{}
306,2,f04865ab-07ab-473d-a227-3aebc1358c8a,1001O5837,56081,,OPLEIDING,107B578,Universiteit Leiden,114A561,Universiteit Leiden,Filosofie,,Filosofie,VOLTIJD,NLD,180,2002-09-01,,2018-09-01,,2026-09-01,,,,,114X175,Leiden,1,[6183],[],{}
307,2,13740343-8cc0-4857-a859-d1af59425991,1001O6061,56827,,OPLEIDING,107B578,Universiteit Leiden,114A561,Universiteit Leiden,Fiscaal Recht,Tax Law,Fiscaal Recht,DEELTIJD,NLD,180,2002-09-01,,2002-09-01,2031-08-31,2002-09-01,,,,,114X175,Leiden,1,[6210],[],{}
307,2,c2311d3c-2fb8-4a92-893b-5857b81f4ced,1001O6061,56827,,OPLEIDING,107B578,Universiteit Leiden,114A561,Universiteit Leiden,Fiscaal Recht,Tax Law,Fiscaal Recht,VOLTIJD,NLD,180,2002-09-01,,2002-09-01,,2002-09-01,,,,,114X175,Leiden,1,[6211],[],{}
308,2,45073c5b-1603-4af2-8994-24a755deb82e,1001O6018,56808,,OPLEIDING,107B578,Universiteit Leiden,114A561,Universiteit Leiden,Franse Taal en Cultuur,,Franse Taal en Cultuur,VOLTIJD,NLD,180,2002-09-01,,2002-09-01,,2002-09-01,,,,,114X175,Leiden,1,[6202],[],{}
308,2,ea20505f-8391-43fc-ab2e-5b4ced724af7,1001O6018,56808,,OPLEIDING,107B578,Universiteit Leiden,114A561,Universiteit Leiden,Franse Taal en Cultuur,,Franse Taal en Cultuur,DEELTIJD,NLD,180,2002-09-01,,2002-09-01,,2002-09-01,,,,,114X175,Leiden,1,[6201],[],{}
309,1,25c52901-b71c-4b6b-bf06-ba8b28b9970a,1001O5903,56551,,OPLEIDING,107B578,Universiteit Leiden,114A561,Universiteit Leiden,Geneeskunde,Medicine,Geneeskunde,VOLTIJD,NLD,180,2008-09-01,,2018-09-01,,2018-09-01,,,,,114X175,Leiden,1,[6189],[],{}
310,1,380b13e0-f7f4-461c-9342-5dba777a873b,1001O5816,56034,,OPLEIDING,107B578,Universiteit Leiden,114A561,Universiteit Leiden,Geschiedenis,History,Geschiedenis,VOLTIJD,NLD,180,2002-09-01,,2002-09-01,,2026-09-01,,,,,114X175,Leiden,1,[6179],[],{}
311,1,2e7faf28-7b0b-41ad-9c53-b7316952f79d,1001O5805,56003,,OPLEIDING,107B578,Universiteit Leiden,114A561,Universiteit Leiden,Griekse en Latijnse Taal en Cultuur,Classics,Griekse en Latijnse Taal en Cultuur,VOLTIJD,NLD,180,2002-09-01,,2002-09-01,,2026-09-01,,,,,114X175,Leiden,1,[6178],[],{}
312,2,a4812baf-728b-4150-8051-5905a14a0505,1001O6169,56978,,OPLEIDING,107B578,Universiteit Leiden,114A561,Universiteit Leiden,Informatica,Computer Science,Informatica,VOLTIJD,NLD,180,2002-09-01,,2002-09-01,,2002-09-01,,,,,114X175,Leiden,1,[6216],[],{}
312,2,ebd8088f-01e9-43dc-bc37-0fbafc517019,1001O6169,56978,,OPLEIDING,107B578,Universiteit Leiden,114A561,Universiteit Leiden,Informatica,Computer Science,Informatica,DEELTIJD,NLD,180,2002-09-01,,2002-09-01,,2002-09-01,,,,,114X176,'s-Gravenhage,1,[6215],[],{}
313,1,5148ad1c-e08b-4b33-a0bb-959a46f2c54c,1001O6229,59316,,OPLEIDING,107B578,Universiteit Leiden,114A561,Universiteit Leiden,International Studies,International Studies,International Studies,VOLTIJD,ENG,180,2014-09-02,,2014-09-01,,2026-09-01,,,,,114X176,'s-Gravenhage,1,[6220],[],{}
314,1,5e0dcfac-87d7-4241-a306-847fb32b9338,1001O6023,56809,,OPLEIDING,107B578,Universiteit Leiden,114A561,Universiteit Leiden,Italiaanse Taal en Cultuur,,Italiaanse Taal en Cultuur,VOLTIJD,NLD,180,2002-09-01,,2002-09-01,,2026-09-01,,,,,114X175,Leiden,1,[6203],[],{}
315,1,8338f751-e95b-4388-ad31-a079d5489b26,1001O6039,56819,,OPLEIDING,107B578,Universiteit Leiden,114A561,Universiteit Leiden,Japanstudies,Japanese Studies,Japanstudies,VOLTIJD,NLD,180,2002-09-01,,2011-09-01,,2026-09-01,,,,,114X175,Leiden,1,[6205],[],{}
316,1,a26947de-77c5-4e7f-b8ec-0f514fdf2b74,1001O6040,56820,,OPLEIDING,107B578,Universiteit Leiden,114A561,Universiteit Leiden,Koreastudies,Korean Studies,Koreastudies,VOLTIJD,NLD,180,2002-09-01,,2011-09-01,,2011-09-01,,,,,114X175,Leiden,1,[6206],[],{}
317,2,cf6ccfea-6aa4-47dc-8026-7a3cb434ed68,1001O6048,56824,,OPLEIDING,107B578,Universiteit Leiden,114A561,Universiteit Leiden,Kunstgeschiedenis,,Kunstgeschiedenis,VOLTIJD,NLD,180,2002-09-01,,2002-09-01,,2026-09-01,,,,,114X175,Leiden,1,[6209],[],{}
317,2,ec5d6df9-1407-4c3e-9744-b9eda96923ea,1001O6048,56824,,OPLEIDING,107B578,Universiteit Leiden,114A561,Universiteit Leiden,Kunstgeschiedenis,,Kunstgeschiedenis,DEELTIJD,NLD,180,2002-09-01,,2002-09-01,,2002-09-01,,,,,114X175,Leiden,1,[6208],[],{}
318,1,1719d0f0-80f1-4e9e-9c82-f9f439ca0ce9,1001O5831,56052,,OPLEIDING,107B578,Universiteit Leiden,114A561,Universiteit Leiden,Latijns-Amerikastudies,Latin American Studies,Latijns-Amerikastudies,VOLTIJD,NLD,180,2002-09-01,,2011-09-01,,2026-09-01,,,,,114X175,Leiden,1,[6180],[],{}
319,1,01471285-05ac-42ee-a8b7-8ed2d5301d8f,1001O5696,50429,,OPLEIDING,107B578,Universiteit Leiden,114A561,Universiteit Leiden,Liberal Arts and Sciences: Global Challenges,,Liberal Arts and Sciences: Global Challenges,VOLTIJD,ENG,180,2010-09-01,,2010-09-01,,2010-09-01,,,,,114X176,'s-Gravenhage,1,[6171],[],{}
320,1,f547c15b-e8e0-46bf-badf-3656ef71a46b,1001O5846,56098,,OPLEIDING,107B578,Universiteit Leiden,114A561,Universiteit Leiden,Midden-Oostenstudies,Middle Eastern Studies,Midden-Oostenstudies,VOLTIJD,NLD,180,2010-09-01,,2010-09-01,,2010-09-01,,,,,114X175,Leiden,1,[6184],[],{}
321,1,d0fe8a4d-c5a0-449f-b2a7-0f8aa5bad97e,1001O5791,55009,,OPLEIDING,107B578,Universiteit Leiden,114A561,Universiteit Leiden,Molecular Science and Technology (joint degree),,Molecular Science and Technology (joint degree),VOLTIJD,NLD,180,2016-09-01,,2016-09-01,,2016-09-01,,,111A562,,114X175,Leiden,1,[6177],[],{}
322,2,36df5286-af3f-4bf9-b253-33a2e058deba,1001O5665,50206,,OPLEIDING,107B578,Universiteit Leiden,114A561,Universiteit Leiden,Natuurkunde,Physics,Natuurkunde,VOLTIJD,NLD,180,2002-09-01,,2002-09-01,,2002-09-01,,,,,114X175,Leiden,1,[6167],[],{}
322,2,e6a6da23-a5da-4c1c-9591-af8fc3c22363,1001O5665,50206,,OPLEIDING,107B578,Universiteit Leiden,114A561,Universiteit Leiden,Natuurkunde,Physics,Natuurkunde,DEELTIJD,NLD,180,2002-09-01,,2002-09-01,,2002-09-01,,,,,114X175,Leiden,1,[6166],[],{}
323,1,1516a224-9dc7-486c-b4a9-194e29647841,1001O5832,56055,,OPLEIDING,107B578,Universiteit Leiden,114A561,Universiteit Leiden,Nederlandkunde/Dutch Studies,Dutch Studies,Nederlandkunde,VOLTIJD,NLD,180,2002-09-01,,2002-09-01,,2026-09-01,,,,,114X175,Leiden,1,[6181],[],{}
324,1,f3d4ac08-6c10-41a1-9fd4-55bf8c48f4c9,1001O5998,56804,,OPLEIDING,107B578,Universiteit Leiden,114A561,Universiteit Leiden,Nederlandse Taal en Cultuur,Dutch Language and Culture,Nederlandse Taal en Cultuur,VOLTIJD,NLD,180,2002-09-01,,2002-09-01,,2002-09-01,,,,,114X175,Leiden,1,[6197],[],{}
325,2,2a8b67fc-e8eb-4845-a1b1-2f11864f7170,1001O6067,56828,,OPLEIDING,107B578,Universiteit Leiden,114A561,Universiteit Leiden,Notarieel Recht,Notarial Law,Notarieel Recht,VOLTIJD,NLD,180,2002-09-01,,2002-09-01,,2002-09-01,,,,,114X175,Leiden,1,[6213],[],{}
325,2,3420ec7c-ba55-4c48-9ddd-ac41f209c0b0,1001O6067,56828,,OPLEIDING,107B578,Universiteit Leiden,114A561,Universiteit Leiden,Notarieel Recht,Notarial Law,Notarieel Recht,DEELTIJD,NLD,180,2002-09-01,,2002-09-01,2031-08-31,2002-09-01,,,,,114X175,Leiden,1,[6212],[],{}
326,1,6b4029a3-29a3-47f3-a843-bbae08a5db15,1001O5865,56123,,OPLEIDING,107B578,Universiteit Leiden,114A561,Universiteit Leiden,Oude Nabije Oosten-studies,Ancient Near Eastern Studies,Oude Nabije Oosten-studies,VOLTIJD,NLD,180,2010-09-01,,2010-09-01,,2026-09-01,,,,,114X175,Leiden,1,[6186],[],{}
327,1,03adc3e8-6330-44a3-af7c-7c0167a302d9,1001O5943,56607,,OPLEIDING,107B578,Universiteit Leiden,114A561,Universiteit Leiden,Pedagogische Wetenschappen,Pedagogical Sciences,Pedagogische Wetenschappen,VOLTIJD,NLD,180,2002-09-01,,2002-09-01,,2026-09-01,,,,,114X175,Leiden,1,[6193],[],{}
328,2,0ba7c2f3-63cb-4e02-813f-abc71688802f,1001O5939,56606,,OPLEIDING,107B578,Universiteit Leiden,114A561,Universiteit Leiden,Politicologie,Political Science,Politicologie,VOLTIJD,NLD,180,2002-09-01,,2002-09-01,,2002-09-01,,,,,114X176,'s-Gravenhage,1,[6191],[],{}
328,2,ef79d6dd-18b5-46f5-aa58-7e95d38c4138,1001O5939,56606,,OPLEIDING,107B578,Universiteit Leiden,114A561,Universiteit Leiden,Politicologie,Political Science,Politicologie,VOLTIJD,NLD,180,2002-09-01,,2002-09-01,,2026-09-01,,,,,114X175,Leiden,1,[6192],[],{}
329,1,b3bcc7d2-3569-4f03-bd03-74685fd72253,1001O5928,56604,,OPLEIDING,107B578,Universiteit Leiden,114A561,Universiteit Leiden,Psychologie,Psychology,Psychologie,VOLTIJD,NLD,180,2002-09-01,,2002-09-01,,2002-09-01,,,,,114X175,Leiden,1,[6190],[],{}
330,2,4d5b3ac7-9c43-4696-bfde-02ec758cb4c9,1001O5724,50700,,OPLEIDING,107B578,Universiteit Leiden,114A561,Universiteit Leiden,Rechtsgeleerdheid,,Rechtsgeleerdheid,DEELTIJD,NLD,180,2002-09-01,,2002-09-01,2031-08-31,2002-09-01,,,,,114X175,Leiden,1,[6172],[],{}
330,2,9f454950-1598-4f30-9472-eaad8d2011cb,1001O5724,50700,,OPLEIDING,107B578,Universiteit Leiden,114A561,Universiteit Leiden,Rechtsgeleerdheid,,Rechtsgeleerdheid,VOLTIJD,NLD,180,2002-09-01,,2002-09-01,,2002-09-01,,,,,114X175,Leiden,1,[6173],[],{}
331,2,4366f339-b9e7-4c10-8ac6-993ddf02c6fb,1001O5750,50902,,OPLEIDING,107B578,Universiteit Leiden,114A561,Universiteit Leiden,Religiewetenschappen,Religious Studies,Religiewetenschappen,VOLTIJD,NLD,180,2014-09-01,,2014-09-01,,2026-09-01,,,,,114X175,Leiden,1,[6176],[],{}
331,2,b1840abc-6948-49e9-ade4-f33402b17186,1001O5750,50902,,OPLEIDING,107B578,Universiteit Leiden,114A561,Universiteit Leiden,Religiewetenschappen,Religious Studies,Religiewetenschappen,DEELTIJD,NLD,180,2014-09-01,,2014-09-01,,2014-09-01,,,,,114X175,Leiden,1,[6175],[],{}
332,1,9ff4aca0-5872-4f99-a657-86ef46fcd4dc,1001O5746,50855,,OPLEIDING,107B578,Universiteit Leiden,114A561,Universiteit Leiden,Russische Studies,Russian Studies,Russische Studies,VOLTIJD,NLD,180,2011-09-01,,2011-09-01,,2026-09-01,,,,,114X175,Leiden,1,[6174],[],{}
333,1,23783a5b-9606-46aa-8551-9af17c922efb,1001O8926,50474,,OPLEIDING,107B578,Universiteit Leiden,114A561,Universiteit Leiden,Science for Sustainable Societies,Science for Sustainable Societies,Science for Sustainable Societies,VOLTIJD,ENG,180,2025-09-01,,2025-09-01,,2025-09-01,,,,,114X175,Leiden,1,[6351],[],{}
334,1,97b29776-81a7-4cdf-a436-d140e66cb614,1001O6231,59320,,OPLEIDING,107B578,Universiteit Leiden,114A561,Universiteit Leiden,Security Studies,Security Studies,Security Studies,VOLTIJD,ENG,180,2017-09-01,,2017-09-01,,2017-09-01,,,,,114X176,'s-Gravenhage,1,[6221],[],{}
335,1,2fc604cd-7bb1-4555-a28f-f2e3094e5b16,1001O5848,56099,,OPLEIDING,107B578,Universiteit Leiden,114A561,Universiteit Leiden,Zuid- en Zuidoost-Aziëstudies,South and Southeast Asian Studies,South and Southeast Asian Studies,VOLTIJD,ENG,180,2010-09-01,,2010-09-01,,2010-09-01,,,,,114X175,Leiden,1,[6185],[],{}
336,1,c11036c6-3d5a-46e5-8cf7-77ade229f7c0,1001O5663,50205,,OPLEIDING,107B578,Universiteit Leiden,114A561,Universiteit Leiden,Sterrenkunde,Astronomy,Sterrenkunde,VOLTIJD,NLD,180,2002-09-01,,2002-09-01,,2002-09-01,,,,,114X175,Leiden,1,[6165],[],{}
337,1,317696ce-099e-4d80-ac75-6e9203b4a505,1001O5992,56803,,OPLEIDING,107B578,Universiteit Leiden,114A561,Universiteit Leiden,Taalwetenschap,Linguistics,Taalwetenschap,VOLTIJD,NLD,180,2002-09-01,,2002-09-01,,2002-09-01,,,,,114X175,Leiden,1,[6196],[],{}
338,1,7699cbb2-d1db-4f58-ba2e-c63f7807f00b,1001O6237,59328,,OPLEIDING,107B578,Universiteit Leiden,114A561,Universiteit Leiden,Urban Studies,Urban Studies,Urban Studies,VOLTIJD,ENG,180,2018-09-01,,2018-09-01,,2026-09-01,,,,,114X176,'s-Gravenhage,1,[6222],[],{}
339,2,1eebade1-2fc2-4516-8dbd-395527bc62fb,1001O6176,56980,,OPLEIDING,107B578,Universiteit Leiden,114A561,Universiteit Leiden,Wiskunde,Mathematics,Wiskunde,VOLTIJD,NLD,180,2002-09-01,,2002-09-01,,2002-09-01,,,,,114X175,Leiden,1,[6218],[],{}
339,2,8d8fc7ea-73ca-428c-8992-0dc16fb78644,1001O6176,56980,,OPLEIDING,107B578,Universiteit Leiden,114A561,Universiteit Leiden,Wiskunde,Mathematics,Wiskunde,DEELTIJD,NLD,180,2002-09-01,,2002-09-01,,2002-09-01,,,,,114X175,Leiden,1,[6217],[],{}
340,1,378a7b38-6d8e-4e6f-8050-7d9af08a60d6,1015O6816,,,VARIANT,107B523,Universiteit Twente,114A514,Universiteit Twente,Bachelor Civil Engineering,Bachelor Civil Engineering,Bachelor Civil Engineering,VOLTIJD,ENG,,,,2021-09-01,,2022-09-01,,,,,,,1,[4922],[],{}
341,1,10dc9743-58ff-c392-e063-0f10140a1489,1015O6821,,50447,VARIANT,107B523,Universiteit Twente,114A514,Universiteit Twente,Bachelor Creative Technology,Bachelor Creative Technology,Bachelor Creative Technology,VOLTIJD,ENG,180,,,2021-03-17,,,,,,,,,1,[4924],[],{}
342,1,10dc9743-5906-c392-e063-0f10140a1489,1015O6822,,50447,VARIANT,107B523,Universiteit Twente,114A514,Universiteit Twente,Bachelor Creative Technology - Amsterdam (VU-UT),Bachelor Creative Technology - Amsterdam (VU-UT),Bachelor Creative Technology - Amsterdam (VU-UT),VOLTIJD,ENG,180,,,2021-12-20,,,,,,,,,1,[4925],[],{}
343,1,02531414-1515-43f1-9589-77cbad138cbb,1015O6818,,50439,VARIANT,107B523,Universiteit Twente,114A514,Universiteit Twente,Bachelor Mechanical Engineering,Bachelor Mechanical Engineering,Bachelor Mechanical Engineering,VOLTIJD,ENG,180,,,2021-09-01,,2022-09-01,,,,,,,1,[4923],[],{}
344,1,95ca715a-1938-470b-a64c-8469337f322b,1015O7322,,50439,VARIANT,107B523,Universiteit Twente,114A514,Universiteit Twente,Bachelor Mechanical Engineering - Amsterdam (VU-UT),Bachelor Mechanical Engineering - Amsterdam (VU-UT),Bachelor Mechanical Engineering - Amsterdam (VU-UT),VOLTIJD,ENG,180,,,2021-09-01,,2022-09-01,,,,,,,1,[4926],[],{}
345,1,bf2e8c3d-6ced-4a33-a739-621d58dbf237,1015O5101,,56986,VARIANT,107B449,Universiteit Utrecht,112A764,Universiteit Utrecht,Aardwetenschappen,Earth Sciences,Aardwetenschappen,VOLTIJD,NLD,180,,,2002-09-01,,2022-09-01,,,,,,,1,[2025],[],{}
346,2,0c38e9ed-b76e-7689-e063-6f41a8c02adf,1015O5638,,50003,VARIANT,107B449,Universiteit Utrecht,112A764,Universiteit Utrecht,Academische lerarenopleiding primair onderwijs,Academische lerarenopleiding primair onderwijs,Academische lerarenopleiding primair onderwijs,DEELTIJD,NLD,180,,,2018-09-01,,2022-09-01,,,,,,,1,[2029],[],{}
346,2,7ade0e47-c1a5-4241-b016-819cf8955377,1015O5638,,50003,VARIANT,107B449,Universiteit Utrecht,112A764,Universiteit Utrecht,Academische lerarenopleiding primair onderwijs,Academische lerarenopleiding primair onderwijs,Academische lerarenopleiding primair onderwijs,VOLTIJD,NLD,180,,,2018-09-01,,2022-09-01,,,,,,,1,[2030],[],{}
347,1,3e86db3b-cb74-4ba7-b9ba-9c0c00002ff6,1001O5626,50007,,OPLEIDING,107B449,Universiteit Utrecht,112A764,Universiteit Utrecht,Bestuurs- en Organisatiewetenschap,Public Administration and Organisation Science,Bestuurs- en organisatiewetenschap,VOLTIJD,NLD,180,2009-09-01,,2009-09-01,,2022-09-01,,,,,,,1,[1945],[],{}
348,1,0c3c8996-ee9f-6c8e-e063-6f41a8c067fb,1015O5740,,56860,VARIANT,107B449,Universiteit Utrecht,112A764,Universiteit Utrecht,Biologie,Biology,Biologie,VOLTIJD,NLD,180,,,2002-09-01,,2022-09-01,,,,,,,1,[2048],[],{}
349,1,0c3c8996-eeaf-6c8e-e063-6f41a8c067fb,1001O6204,56990,,OPLEIDING,107B449,Universiteit Utrecht,112A764,Universiteit Utrecht,Biomedische Wetenschappen,Biomedical Sciences,Biomedische wetenschappen,VOLTIJD,NLD,180,2002-09-01,,2002-09-01,,2022-09-01,,,,,,,1,[1962],[],{}
350,1,0c3c8996-eeef-6c8e-e063-6f41a8c067fb,1001O6057,56826,,OPLEIDING,107B449,Universiteit Utrecht,112A764,Universiteit Utrecht,Communicatie- en Informatiewetenschappen,Communication and Information Studies,Communicatie- en informatiewetenschappen,VOLTIJD,NLD,180,2002-09-01,,2002-09-01,,2022-09-01,,,,,,,1,[1960],[],{}
351,1,61868f1f-281a-4642-97e9-f4adcf9166e3,1016O4381,,50035,VARIANT,107B449,Universiteit Utrecht,112A764,Universiteit Utrecht,Culturele antropologie en ontwikkelingssociologie,Cultural Anthropology and Development Sociology,Culturele antropologie en ontwikkelingssociologie,VOLTIJD,NLD,180,,,2009-09-01,,2022-09-01,,,,,,,1,[2157],[],{}
352,1,0c3c8996-ef47-6c8e-e063-6f41a8c067fb,1001O5919,56570,,OPLEIDING,107B449,Universiteit Utrecht,112A764,Universiteit Utrecht,Diergeneeskunde,Veterinary Medicine,Diergeneeskunde,VOLTIJD,NLD,180,2007-09-01,,2007-09-01,,2022-09-01,,,,,,,1,[1954],[],{}
353,1,0c3c8996-ef67-6c8e-e063-6f41a8c067fb,1015O5768,,50950,VARIANT,107B449,Universiteit Utrecht,112A764,Universiteit Utrecht,Economics and Business Economics,Economics and Business Economics,Economics and Business Economics,VOLTIJD,ENG,180,,,2010-09-01,,2022-09-01,,,,,,,1,[2064],[],{}
354,1,6a92998f-ff9a-421b-bc5f-828673b5720f,1016O8883,,50290,VARIANT,107B449,Universiteit Utrecht,112A764,Universiteit Utrecht,English Language and Culture,English Language and Culture,English Language and Culture,VOLTIJD,ENG,180,,,2020-09-01,,2022-09-01,,,,,,,1,[2236],[],{}
355,1,0c3c8996-efcf-6c8e-e063-6f41a8c067fb,1015O5782,,56157,VARIANT,107B449,Universiteit Utrecht,112A764,Universiteit Utrecht,Farmacie,Pharmacy,Farmacie,VOLTIJD,NLD,180,,,2002-09-01,,2022-09-01,,,,,,,1,[2073],[],{}
356,1,0c3cf58d-c301-5959-e063-6f41a8c03f22,1015O5772,,56081,VARIANT,107B449,Universiteit Utrecht,112A764,Universiteit Utrecht,Filosofie,Philosophy,Filosofie,VOLTIJD,NLD,180,,,2002-09-01,,2022-09-01,,,,,,,1,[2066],[],{}
357,1,0c3c8996-f027-6c8e-e063-6f41a8c067fb,1001O5905,56551,,OPLEIDING,107B449,Universiteit Utrecht,112A764,Universiteit Utrecht,Geneeskunde,Medicine,Geneeskunde,VOLTIJD,NLD,180,2006-09-01,,2006-09-01,,2022-09-01,,,,,,,1,[1953],[],{}
358,1,0c3c8996-f00f-6c8e-e063-6f41a8c067fb,1015O5790,,56034,VARIANT,107B449,Universiteit Utrecht,112A764,Universiteit Utrecht,Geschiedenis,History,Geschiedenis,VOLTIJD,NLD,180,,,2002-09-01,,2022-09-01,,,,,,,1,[2078],[],{}
359,1,0c3c8996-f037-6c8e-e063-6f41a8c067fb,1015O5795,,56987,VARIANT,107B449,Universiteit Utrecht,112A764,Universiteit Utrecht,Global Sustainability Science,Global Sustainability Science,Global Sustainability Science,VOLTIJD,ENG,180,,,2016-09-01,,2022-09-01,,,,,,,1,[2081],[],{}
360,1,0c3c8996-f077-6c8e-e063-6f41a8c067fb,1015O5802,,56034,VARIANT,107B449,Universiteit Utrecht,112A764,Universiteit Utrecht,History,History,History,VOLTIJD,ENG,180,,,2018-09-01,,2022-09-01,,,,,,,1,[2087],[],{}
361,1,0c3c8996-f0cf-6c8e-e063-6f41a8c067fb,1015O5812,,56978,VARIANT,107B449,Universiteit Utrecht,112A764,Universiteit Utrecht,Informatica,Computer Science,Informatica,VOLTIJD,NLD,180,,,2002-09-01,,2022-09-01,,,,,,,1,[2091],[],{}
362,1,0c3c8996-f0df-6c8e-e063-6f41a8c067fb,1015O5814,,56842,VARIANT,107B449,Universiteit Utrecht,112A764,Universiteit Utrecht,Informatiekunde,Information Science,Informatiekunde,VOLTIJD,NLD,180,,,2002-09-01,,2022-09-01,,,,,,,1,[2093],[],{}
363,1,0c3c8996-ee67-6c8e-e063-6f41a8c067fb,1015O5733,,56631,VARIANT,107B449,Universiteit Utrecht,112A764,Universiteit Utrecht,Interdisciplinaire sociale wetenschap,Interdisciplinary Social Science,Interdisciplinaire sociale wetenschap,VOLTIJD,NLD,180,,,2002-09-01,,2022-09-01,,,,,,,1,[2043],[],{}
364,1,0c3c8996-f12f-6c8e-e063-6f41a8c067fb,1001O6050,56824,,OPLEIDING,107B449,Universiteit Utrecht,112A764,Universiteit Utrecht,Kunstgeschiedenis,Art History,Kunstgeschiedenis,VOLTIJD,NLD,180,2002-09-01,,2002-09-01,,2022-09-01,,,,,,,1,[1959],[],{}
365,1,0c3c8996-eeff-6c8e-e063-6f41a8c067fb,1001O6183,56981,,OPLEIDING,107B449,Universiteit Utrecht,112A764,Universiteit Utrecht,Kunstmatige Intelligentie,Artificial Intelligence,Kunstmatige Intelligentie,VOLTIJD,NLD,180,2002-09-01,,2002-09-01,,2022-09-01,,,,,,,1,[1961],[],{}
366,1,0c3c8996-f137-6c8e-e063-6f41a8c067fb,1015O5824,,50393,VARIANT,107B449,Universiteit Utrecht,112A764,Universiteit Utrecht,Liberal Arts and Sciences,Liberal Arts and Sciences,Liberal Arts and Sciences,VOLTIJD,NLD,180,,,2004-09-01,,2022-09-01,,,,,,,1,[2098],[],{}
367,1,0c3c8996-f145-6c8e-e063-6f41a8c067fb,1001O5989,56802,,OPLEIDING,107B449,Universiteit Utrecht,112A764,Universiteit Utrecht,Literatuurwetenschap,Literary Studies,Literatuurwetenschap,VOLTIJD,NLD,180,2002-09-01,,2002-09-01,,2022-09-01,,,,,,,1,[1956],[],{}
368,1,c3dbc751-ba80-49f7-a55a-17ab1554d6a7,1001O5758,50906,,OPLEIDING,107B449,Universiteit Utrecht,112A764,Universiteit Utrecht,Media en Cultuur,Media and Culture,Media en cultuur,VOLTIJD,NLD,180,2015-09-01,,2015-09-01,,2022-09-01,,,,,,,1,[1947],[],{}
369,1,0c3c8996-f175-6c8e-e063-6f41a8c067fb,1001O5804,55825,,OPLEIDING,107B449,Universiteit Utrecht,112A764,Universiteit Utrecht,Molecular and Biophysical Life Sciences,Molecular and Biophysical Life Sciences,Molecular and Biophysical Life Sciences,VOLTIJD,ENG,180,2021-09-01,,2021-09-01,,2022-09-01,,,,,,,1,[1950],[],{}
370,1,0c3c8996-f1a5-6c8e-e063-6f41a8c067fb,1001O5975,56700,,OPLEIDING,107B449,Universiteit Utrecht,112A764,Universiteit Utrecht,Muziekwetenschap,Musicology,Muziekwetenschap,VOLTIJD,NLD,180,2002-09-01,,2002-09-01,,2022-09-01,,,,,,,1,[1955],[],{}
371,1,0c3c8996-f1b5-6c8e-e063-6f41a8c067fb,1015O5840,,56984,VARIANT,107B449,Universiteit Utrecht,112A764,Universiteit Utrecht,Natuur- en Sterrenkunde,Physics & Astronomy,Natuur- en Sterrenkunde,VOLTIJD,NLD,180,,,2002-09-01,,2022-09-01,,,,,,,1,[2106],[],{}
372,1,0c3c8996-f0ef-6c8e-e063-6f41a8c067fb,1015O5816,,56982,VARIANT,107B449,Universiteit Utrecht,112A764,Universiteit Utrecht,Natuurwetenschap en Innovatiemanagement,Science and Innovation Management,Natuurwetenschap en Innovatiemanagement,VOLTIJD,NLD,180,,,2002-09-01,,2022-09-01,,,,,,,1,[2094],[],{}
373,1,0c38e9ed-b7a6-7689-e063-6f41a8c02adf,1015O5681,,56804,VARIANT,107B449,Universiteit Utrecht,112A764,Universiteit Utrecht,Nederlandse taal en cultuur,Dutch Language and Culture,Nederlandse taal en cultuur,VOLTIJD,NLD,180,,,2002-09-01,,2022-09-01,,,,,,,1,[2035],[],{}
374,2,0c38e9ed-b75e-7689-e063-6f41a8c02adf,1016O8472,,50003,VARIANT,107B449,Universiteit Utrecht,112A764,Universiteit Utrecht,Onderwijswetenschappen,Onderwijswetenschappen,Onderwijswetenschappen,DEELTIJD,NLD,180,,,2018-09-01,,2022-09-01,,,,,,,1,[2162],[],{}
374,2,0c38e9ed-b766-7689-e063-6f41a8c02adf,1016O8472,,50003,VARIANT,107B449,Universiteit Utrecht,112A764,Universiteit Utrecht,Onderwijswetenschappen,Onderwijswetenschappen,Onderwijswetenschappen,VOLTIJD,NLD,180,,,2018-09-01,,2022-09-01,,,,,,,1,[2163],[],{}
375,1,0c3c8996-f225-6c8e-e063-6f41a8c067fb,1015O5854,,56607,VARIANT,107B449,Universiteit Utrecht,112A764,Universiteit Utrecht,Pedagogische Wetenschappen,Pedagogical Sciences,Pedagogische Wetenschappen,VOLTIJD,NLD,180,,,2002-09-01,,2022-09-01,,,,,,,1,[2117],[],{}
376,1,0c3c8996-f245-6c8e-e063-6f41a8c067fb,1001O5778,54999,,OPLEIDING,107B449,Universiteit Utrecht,112A764,Universiteit Utrecht,"Philosophy, Politics and Economics","Philosophy, Politics and Economics","Philosophy, Politics and Economics",VOLTIJD,ENG,180,2018-09-01,,2018-09-01,,2022-09-01,,,,,,,1,[1949],[],{}
377,1,a57b71a2-0ac3-416f-bc6a-17d0cfccc6e9,1016O8474,,50902,VARIANT,107B449,Universiteit Utrecht,112A764,Universiteit Utrecht,Religiewetenschappen,Religiewetenschappen,,VOLTIJD,NLD,180,,,2014-09-01,,2022-09-01,,,,,,,2,"[2164,2165]","[""EIGENNAAM"",""EIGENNAAM_ENGELS""]","{""EIGENNAAM"":[""Politiek, cultuur en religie"",""Religiewetenschappen""],""EIGENNAAM_ENGELS"":[""Politiek, cultuur en religie"",""Religiewetenschappen""]}"
378,1,0c3c8996-f30b-6c8e-e063-6f41a8c067fb,1015O5888,,56604,VARIANT,107B449,Universiteit Utrecht,112A764,Universiteit Utrecht,Psychologie,Psychology,Psychologie,VOLTIJD,NLD,180,,,2002-09-01,,2022-09-01,,,,,,,1,[2142],[],{}
379,1,0c3c8996-f323-6c8e-e063-6f41a8c067fb,1001O5726,50700,,OPLEIDING,107B449,Universiteit Utrecht,112A764,Universiteit Utrecht,Rechtsgeleerdheid,,Rechtsgeleerdheid,VOLTIJD,NLD,180,2002-09-01,,2002-09-01,,2022-09-01,,,,,,,1,[1946],[],{}
380,1,0c3c8996-f3f9-6c8e-e063-6f41a8c067fb,1015O5904,,56857,VARIANT,107B449,Universiteit Utrecht,112A764,Universiteit Utrecht,Scheikunde,Chemistry,Scheikunde,VOLTIJD,NLD,180,,,2002-09-01,,2022-09-01,,,,,,,1,[2151],[],{}
381,2,0c3c8996-f3d1-6c8e-e063-6f41a8c067fb,1015O5901,,56838,VARIANT,107B449,Universiteit Utrecht,112A764,Universiteit Utrecht,Sociale geografie en planologie,Human Geography and Planning,Sociale geografie en planologie,VOLTIJD,NLD,180,,,2002-09-01,,2022-09-01,,,,,,,1,[2150],[],{}
381,2,0c3c8996-f3d9-6c8e-e063-6f41a8c067fb,1015O5901,,56838,VARIANT,107B449,Universiteit Utrecht,112A764,Universiteit Utrecht,Sociale geografie en planologie,Human Geography and Planning,Sociale geografie en planologie,DEELTIJD,NLD,180,,,2002-09-01,,2022-09-01,,,,,,,1,[2149],[],{}
382,1,0c3c8996-f3b9-6c8e-e063-6f41a8c067fb,1015O5898,,56601,VARIANT,107B449,Universiteit Utrecht,112A764,Universiteit Utrecht,Sociologie,Sociology,Sociologie,VOLTIJD,NLD,180,,,2002-09-01,,2022-09-01,,,,,,,1,[2147],[],{}
383,1,0c3cf58d-c351-5959-e063-6f41a8c03f22,1015O5896,,56810,VARIANT,107B449,Universiteit Utrecht,112A764,Universiteit Utrecht,Spaanse taal en cultuur,Spanish Language and Culture,Spaanse taal en cultuur,VOLTIJD,NLD,180,,,2002-09-01,,2022-09-01,,,,,,,1,[2145],[],{}
384,1,0c3cf58d-c321-5959-e063-6f41a8c03f22,1015O5828,,56801,VARIANT,107B449,Universiteit Utrecht,112A764,Universiteit Utrecht,Taal- en cultuurstudies,Taal- en cultuurstudies,Taal- en cultuurstudies,VOLTIJD,NLD,180,,,2002-09-01,,2022-09-01,,,,,,,1,[2101],[],{}
385,1,0c3cf58d-c319-5959-e063-6f41a8c03f22,1001O5994,56803,,OPLEIDING,107B449,Universiteit Utrecht,112A764,Universiteit Utrecht,Taalwetenschap,Linguistics,Taalwetenschap,VOLTIJD,NLD,180,2002-09-01,,2002-09-01,,2022-09-01,,,,,,,1,[1957],[],{}
386,1,0a457f9d-c678-219f-e063-6f41a8c003e4,1015O5825,,50393,VARIANT,107B449,Universiteit Utrecht,112A764,Universiteit Utrecht,UCR Liberal Arts and Sciences,UCR Liberal Arts and Sciences,UCR Liberal Arts and Sciences,VOLTIJD,ENG,180,,,2006-09-01,,2022-09-01,,,,,,,1,[2099],[],{}
387,1,0a457f9d-c680-219f-e063-6f41a8c003e4,1015O5826,,50393,VARIANT,107B449,Universiteit Utrecht,112A764,Universiteit Utrecht,UCU Liberal Arts and Sciences,UCU Liberal Arts and Sciences,UCU Liberal Arts and Sciences,VOLTIJD,ENG,180,,,2004-09-01,,2022-09-01,,,,,,,1,[2100],[],{}
388,1,0c3cf58d-c2f9-5959-e063-6f41a8c03f22,1015O5757,,56980,VARIANT,107B449,Universiteit Utrecht,112A764,Universiteit Utrecht,Wiskunde,Mathematics,Wiskunde,VOLTIJD,NLD,180,,,2002-09-01,,2022-09-01,,,,,,,1,[2058],[],{}
389,1,0c3cf58d-c2d9-5959-e063-6f41a8c03f22,1001O5777,50981,,OPLEIDING,107B449,Universiteit Utrecht,112A764,Universiteit Utrecht,"Zorg, Gezondheid & Samenleving",Clinical Sciences,"Zorg, Gezondheid & Samenleving",VOLTIJD,NLD,180,2022-09-01,,2022-09-01,,2022-09-01,,,,,,,1,[1948],[],{}
390,2,1df36934-4bdf-4a60-90df-20739ffdc3c7,1001O5889,56411,,OPLEIDING,107B473,Universiteit van Amsterdam,113A697,Universiteit van Amsterdam,Actuariële Wetenschappen,Actuarial Science,Actuariële Wetenschappen,VOLTIJD,NLD,180,2002-09-01,,2025-09-01,,2025-09-01,,http://www.uva.nl/bsc-actuariele-wetenschappen,,,108X991,Amsterdam,1,[2889],[],{}
390,2,f3749f99-6a24-41cf-8386-298f1fb54a06,1001O5889,56411,,OPLEIDING,107B473,Universiteit van Amsterdam,113A697,Universiteit van Amsterdam,Actuariële Wetenschappen,Actuarial Science,Actuariële Wetenschappen,VOLTIJD,ENG,180,2002-09-01,,2023-09-01,,2023-09-01,,http://www.uva.nl/bsc-actuarial-science,,,108X991,Amsterdam,1,[2888],[],{}
391,2,4058d53c-f2fd-4bf5-abea-42515131851b,1001O5825,56040,,OPLEIDING,107B473,Universiteit van Amsterdam,113A697,Universiteit van Amsterdam,Arabische Taal en Cultuur,Arabic Language and Culture,Arabische Taal en Cultuur,DEELTIJD,NLD,180,2002-09-01,,2020-11-19,,2020-11-19,,http://www.uva.nl/ba-arabisch,,,108X991,Amsterdam,1,[2881],[],{}
391,2,c3a0d022-5978-4a76-80b1-b20982b7325d,1001O5825,56040,,OPLEIDING,107B473,Universiteit van Amsterdam,113A697,Universiteit van Amsterdam,Arabische Taal en Cultuur,Arabic Language and Culture,Arabische Taal en Cultuur,VOLTIJD,NLD,180,2002-09-01,,2020-11-19,,2020-11-19,,http://www.uva.nl/ba-arabisch,,,108X991,Amsterdam,1,[2882],[],{}
392,2,9d8a6a84-94bd-41a3-8d3a-359980448143,1001O5980,56703,,OPLEIDING,107B473,Universiteit van Amsterdam,113A697,Universiteit van Amsterdam,Archeologie,Archaeology,Archeologie,VOLTIJD,ENG,180,2021-09-01,,2021-09-01,,2021-09-01,,http://www.uva.nl/ba-archaeology,,,108X991,Amsterdam,1,[2909],[],{}
392,2,cd831aad-7a2c-428b-8bd3-97bb38b428bc,1001O5980,56703,,OPLEIDING,107B473,Universiteit van Amsterdam,113A697,Universiteit van Amsterdam,Archeologie,Archaeology,Archeologie,VOLTIJD,NLD,180,2021-09-01,,2021-09-01,,2021-09-01,,http://www.uva.nl/ba-archeologie,,,108X991,Amsterdam,1,[2910],[],{}
393,1,08fd8b27-0c85-43b5-9876-85ea46d2e062,1001O6121,56860,,OPLEIDING,107B473,Universiteit van Amsterdam,113A697,Universiteit van Amsterdam,Biologie,Biology,Biologie,VOLTIJD,NLD,180,2003-09-01,,2022-06-29,,2022-06-29,,http://uva.nl/bsc-biologie,,,108X991,Amsterdam,1,[2942],[],{}
394,1,78ab29bd-d4be-4a94-a320-ee89c1e92b1a,1001O6206,56990,,OPLEIDING,107B473,Universiteit van Amsterdam,113A697,Universiteit van Amsterdam,Biomedische Wetenschappen,Biomedical Science,Biomedische Wetenschappen,VOLTIJD,NLD,180,2003-09-01,,2023-09-01,,2023-09-01,,http://uva.nl/bsc-biomedisch,,,108X991,Amsterdam,1,[2948],[],{}
395,2,42b7c0d9-863c-432f-97c7-295ffa99990b,1001O5748,50897,,OPLEIDING,107B473,Universiteit van Amsterdam,113A697,Universiteit van Amsterdam,Business Administration,Business Administration,Business Administration,VOLTIJD,NLD,180,2017-09-01,,2025-09-01,,2025-09-01,,http://uva.nl/bsc-business-administration,,,108X991,Amsterdam,1,[2865],[],{}
395,2,999c4bba-abe8-4069-95c2-390361eeba8f,1001O5748,50897,,OPLEIDING,107B473,Universiteit van Amsterdam,113A697,Universiteit van Amsterdam,Business Administration,Business Administration,Business Administration,VOLTIJD,ENG,180,2017-09-01,,2023-09-01,,2023-09-01,,http://uva.nl/en/bsc-ba,,,108X991,Amsterdam,1,[2864],[],{}
396,1,01856e4c-048d-4580-98ca-1d4621577af2,1001O6109,56856,,OPLEIDING,107B473,Universiteit van Amsterdam,113A697,Universiteit van Amsterdam,Business Analytics,Business Analytics,Business Analytics,VOLTIJD,ENG,180,2021-09-01,,2023-09-01,,2023-09-01,,https://www.uva.nl/bsc-business-analytics-en,,,108X991,Amsterdam,1,[2941],[],{}
397,1,f80fc9b1-0f70-44a1-9989-ea082f5d9a0e,1001O5668,50250,,OPLEIDING,107B473,Universiteit van Amsterdam,113A697,Universiteit van Amsterdam,Bèta-gamma,Natural and Social Sciences,Bèta-gamma,VOLTIJD,NLD,180,2003-09-01,,2020-04-29,,2020-04-29,,http://uva.nl/bg,,,108X991,Amsterdam,1,[2861],[],{}
398,1,a7c11c14-fa69-44ee-92cb-ca344ea5d8df,1001O6239,59330,,OPLEIDING,107B473,Universiteit van Amsterdam,113A697,Universiteit van Amsterdam,"Cognition, Language and Communication","Cognition, Language and Communication","Cognition, Language and Communication",VOLTIJD,NLD,180,2018-09-01,,2023-07-07,,2023-07-07,,http://www.uva.nl/ba-cognition-language-communication,,,108X991,Amsterdam,1,[2952],[],{}
399,1,38ecb419-e488-472b-874e-7961aff154ab,1001O5959,56615,,OPLEIDING,107B473,Universiteit van Amsterdam,113A697,Universiteit van Amsterdam,Communicatiewetenschap,Communication Science,Communicatiewetenschap,VOLTIJD,NLD,180,2003-09-01,,2020-09-01,,2020-09-01,,http://uva.nl/bsc-communicatiewetenschap,,,108X991,Amsterdam,1,[2901],[],{}
400,1,f3d14230-cbe1-4ab8-a131-a83dbbcde0ed,1001O5776,50980,,OPLEIDING,107B473,Universiteit van Amsterdam,113A697,Universiteit van Amsterdam,Computational Social Science,Computational Social Science,Computational Social Science,VOLTIJD,ENG,180,2021-06-28,,2021-06-28,,2021-06-28,,https://www.uva.nl/en/programmes/bachelors/computational-social-science/computational-social-science.html,,,108X991,Amsterdam,1,[2872],[],{}
401,2,27133d09-ca94-4d70-934d-4b0db4e5daf5,1001O5653,50035,,OPLEIDING,107B473,Universiteit van Amsterdam,113A697,Universiteit van Amsterdam,Culturele Antropologie en Ontwikkelingssociologie,Cultural Anthropology and Development Sociology,Culturele Antropologie en Ontwikkelingssociologie,VOLTIJD,NLD,180,2009-09-01,,2020-09-01,,2020-09-01,,http://www.uva.nl/bsc-antropologie,,,108X991,Amsterdam,1,[2860],[],{}
401,2,a0272e06-7b1a-4f0a-b6d2-fea2838ae767,1001O5653,50035,,OPLEIDING,107B473,Universiteit van Amsterdam,113A697,Universiteit van Amsterdam,Culturele Antropologie en Ontwikkelingssociologie,Cultural Anthropology and Development Sociology,Culturele Antropologie en Ontwikkelingssociologie,VOLTIJD,ENG,180,2009-09-01,,2020-09-01,,2020-09-01,,http://www.uva.nl/en/education/bachelor-s/bachelor-s-programmes/bachelor-s-programmes.html,,,108X991,Amsterdam,1,[2859],[],{}
402,2,2b5524e8-35c1-4920-ac16-6577b8c74547,1001O5623,50004,,OPLEIDING,107B473,Universiteit van Amsterdam,113A697,Universiteit van Amsterdam,Cultuurwetenschappen,Cultural Studies,Cultuurwetenschappen,VOLTIJD,NLD,180,2017-09-01,,2020-09-01,,2020-09-01,,https://www.uva.nl/ba-gacp,,,108X991,Amsterdam,1,[2855],[],{}
402,2,ce1ff09d-b533-4b62-b0f2-fe93332d57b8,1001O5623,50004,,OPLEIDING,107B473,Universiteit van Amsterdam,113A697,Universiteit van Amsterdam,Cultuurwetenschappen,Cultural Studies,Cultuurwetenschappen,VOLTIJD,ENG,180,2017-09-01,,2020-09-01,,2020-09-01,,https://www.uva.nl/shared-content/programmas/en/bachelors/human-geography-and-planning/human-geography-and-planning.html,,,108X991,Amsterdam,1,[2854],[],{}
403,2,3b3812f5-3b0d-4053-b899-8f30db67d12e,1001O6007,56805,,OPLEIDING,107B473,Universiteit van Amsterdam,113A697,Universiteit van Amsterdam,Duitse Taal en Cultuur,German Language and Culture,Duitse Taal en Cultuur,DEELTIJD,NLD,180,2002-09-01,,2020-09-01,,2020-09-01,,http://www.uva.nl/ba-duitslandstudies,,,108X991,Amsterdam,1,[2918],[],{}
403,2,4a19a818-e571-4fab-954a-66da822b5dc4,1001O6007,56805,,OPLEIDING,107B473,Universiteit van Amsterdam,113A697,Universiteit van Amsterdam,Duitse Taal en Cultuur,German Language and Culture,Duitse Taal en Cultuur,VOLTIJD,NLD,180,2002-09-01,,2020-09-01,,2020-09-01,,http://www.uva.nl/ba-duitslandstudies,,,108X991,Amsterdam,1,[2919],[],{}
404,2,63a7f897-c4cc-4a32-80f8-b0fa4b83f8cf,1001O6240,59332,,OPLEIDING,107B473,Universiteit van Amsterdam,113A697,Universiteit van Amsterdam,Econometrics and Data Science,Econometrics and Data Science,Econometrics and Data Science,VOLTIJD,NLD,180,2019-09-01,,2025-09-01,,2025-09-01,,http://uva.nl/bsc-econometrie,,,108X991,Amsterdam,1,[2954],[],{}
404,2,bac6aef9-e05a-4616-85fc-452db1e421f9,1001O6240,59332,,OPLEIDING,107B473,Universiteit van Amsterdam,113A697,Universiteit van Amsterdam,Econometrics and Data Science,Econometrics and Data Science,Econometrics and Data Science,VOLTIJD,ENG,180,2019-09-01,,2023-09-01,,2023-09-01,,http://uva.nl/bsc-econometrics,,,108X991,Amsterdam,1,[2953],[],{}
405,2,10b961de-2004-4b27-9ccc-4ae51842452d,1001O6230,59318,,OPLEIDING,107B473,Universiteit van Amsterdam,113A697,Universiteit van Amsterdam,Economics and Business Economics,Economics and Business Economics,Economics and Business Economics,VOLTIJD,NLD,180,2017-09-01,,2025-09-01,,2025-09-01,,http://uva.nl/bsc-ebe,,,108X991,Amsterdam,1,[2951],[],{}
405,2,fc877a6f-d277-4534-9ae7-d8ae000235ec,1001O6230,59318,,OPLEIDING,107B473,Universiteit van Amsterdam,113A697,Universiteit van Amsterdam,Economics and Business Economics,Economics and Business Economics,Economics and Business Economics,VOLTIJD,ENG,180,2017-09-01,,2023-09-01,,2023-09-01,,http://uva.nl/en/bsc-ebe,,,108X991,Amsterdam,1,[2950],[],{}
406,2,17eb3c42-c7bd-46f7-a47f-057b9519b6a9,1001O6013,56806,,OPLEIDING,107B473,Universiteit van Amsterdam,113A697,Universiteit van Amsterdam,Engelse Taal en Cultuur,English Language and Culture,English Language and Culture,VOLTIJD,ENG,180,2002-09-01,,2020-09-01,,2020-09-01,,http://www.uva.nl/ba-english-language,,,108X991,Amsterdam,1,[2921],[],{}
406,2,f7539a37-3ccd-4bdf-9e95-32e726cc7b6b,1001O6013,56806,,OPLEIDING,107B473,Universiteit van Amsterdam,113A697,Universiteit van Amsterdam,Engelse Taal en Cultuur,English Language and Culture,English Language and Culture,DEELTIJD,ENG,180,2002-09-01,,2020-09-01,,2020-09-01,,http://www.uva.nl/ba-english-language,,,108X991,Amsterdam,1,[2920],[],{}
407,2,258bf8f7-6a62-4880-94e5-bb62b1e8de31,1001O5830,56051,,OPLEIDING,107B473,Universiteit van Amsterdam,113A697,Universiteit van Amsterdam,Europese Studies,European Studies,Europese Studies,VOLTIJD,NLD,180,2002-09-01,,2020-09-01,,2020-09-01,,http://www.uva.nl/ba-europese-studies,,,108X991,Amsterdam,1,[2884],[],{}
407,2,4ea8d232-54d8-46e0-8f76-8fa52951a6ca,1001O5830,56051,,OPLEIDING,107B473,Universiteit van Amsterdam,113A697,Universiteit van Amsterdam,Europese Studies,European Studies,Europese Studies,VOLTIJD,ENG,180,2002-09-01,,2020-09-01,,2020-09-01,,http://www.uva.nl/ba-european-studies,,,108X991,Amsterdam,1,[2883],[],{}
408,2,aedb04b3-ea9a-48d1-9302-75ff31cb5987,1001O5841,56081,,OPLEIDING,107B473,Universiteit van Amsterdam,113A697,Universiteit van Amsterdam,Filosofie,Philosophy,Filosofie,VOLTIJD,NLD,180,2002-09-01,,2020-09-01,,2020-09-01,,http://www.uva.nl/ba-filosofie,,,108X991,Amsterdam,1,[2886],[],{}
408,2,d4ebe5bc-71db-45d1-a1e4-b17e02411265,1001O5841,56081,,OPLEIDING,107B473,Universiteit van Amsterdam,113A697,Universiteit van Amsterdam,Filosofie,Philosophy,Filosofie,DEELTIJD,NLD,180,2002-09-01,,2020-09-01,,2020-09-01,,http://www.uva.nl/ba-filosofie,,,108X991,Amsterdam,1,[2885],[],{}
409,1,a8824be2-f644-4328-b126-052aa62edf5f,1001O6065,56827,,OPLEIDING,107B473,Universiteit van Amsterdam,113A697,Universiteit van Amsterdam,Fiscaal Recht,Tax Law,Fiscaal Recht,VOLTIJD,NLD,180,2003-09-01,,2019-01-31,,2019-01-31,,http://www.uva.nl/llb-fiscaal-recht,,,108X991,Amsterdam,1,[2936],[],{}
410,1,c96f35b8-9295-4cca-afed-86e43527f084,1001O5887,56402,,OPLEIDING,107B473,Universiteit van Amsterdam,113A697,Universiteit van Amsterdam,Fiscale Economie,Fiscal Economics,Fiscale Economie,VOLTIJD,NLD,180,2002-09-01,,2023-09-01,,2023-09-01,,http://www.uva.nl/bsc-fiscale-economie,,,108X991,Amsterdam,1,[2887],[],{}
411,2,4be04d89-516b-406f-ac39-1bcb13a8b113,1001O6020,56808,,OPLEIDING,107B473,Universiteit van Amsterdam,113A697,Universiteit van Amsterdam,Franse Taal en Cultuur,French Language and Culture,Franse Taal en Cultuur,VOLTIJD,NLD,180,2002-09-01,,2020-09-01,,2020-09-01,,http://www.uva.nl/ba-frans,,,108X991,Amsterdam,1,[2925],[],{}
411,2,85cfc7e1-1eba-4d09-b459-35608548dbb5,1001O6020,56808,,OPLEIDING,107B473,Universiteit van Amsterdam,113A697,Universiteit van Amsterdam,Franse Taal en Cultuur,French Language and Culture,Franse Taal en Cultuur,DEELTIJD,NLD,180,2002-09-01,,2020-09-01,,2020-09-01,,http://www.uva.nl/ba-frans,,,108X991,Amsterdam,1,[2924],[],{}
412,1,a78fefd8-076d-4886-b478-0463ada4b84f,1001O5693,50425,,OPLEIDING,107B473,Universiteit van Amsterdam,113A697,Universiteit van Amsterdam,Future Planet Studies,Future Planet Studies,Future Planet Studies,VOLTIJD,NLD,180,2012-09-01,,2017-12-29,,2017-12-29,,http://uva.nl/fps,,,108X991,Amsterdam,1,[2862],[],{}
413,1,55b2759a-7839-410a-925c-0e868e2c1404,1001O5908,56551,,OPLEIDING,107B473,Universiteit van Amsterdam,113A697,Universiteit van Amsterdam,Geneeskunde,Medicine,Geneeskunde,VOLTIJD,NLD,180,2009-09-01,,2023-09-01,,2023-09-01,,http://www.uva.nl/programmas/bachelors/geneeskunde/geneeskunde.html,,,108X991,Amsterdam,1,[2890],[],{}
414,2,4281c43a-8eb8-4521-8ed2-020eba1807f4,1001O5820,56034,,OPLEIDING,107B473,Universiteit van Amsterdam,113A697,Universiteit van Amsterdam,Geschiedenis,History,Geschiedenis,VOLTIJD,NLD,180,2002-09-01,,2020-09-01,,2020-09-01,,http://www.uva.nl/ba-geschiedenis,,,108X991,Amsterdam,1,[2880],[],{}
414,2,be136359-b8f5-4011-a2d2-83c4e2f94141,1001O5820,56034,,OPLEIDING,107B473,Universiteit van Amsterdam,113A697,Universiteit van Amsterdam,Geschiedenis,History,Geschiedenis,DEELTIJD,NLD,180,2002-09-01,,2020-09-01,,2020-09-01,,http://www.uva.nl/ba-geschiedenis,,,108X991,Amsterdam,1,[2879],[],{}
415,1,e28df739-fd5a-4962-8bae-287077a3b259,1001O5959,56615,,OPLEIDING,107B473,Universiteit van Amsterdam,113A697,Universiteit van Amsterdam,Communicatiewetenschap,Communication Science,Global Communication Science,VOLTIJD,ENG,180,2003-09-01,,2026-09-01,,2026-09-01,,http://uva.nl/bsc-communicationscience,,,108X991,Amsterdam,1,[2903],[],{}
416,2,1e60f5ab-3390-453c-8cc1-19338ee1a766,1001O5807,56003,,OPLEIDING,107B473,Universiteit van Amsterdam,113A697,Universiteit van Amsterdam,Griekse en Latijnse Taal en Cultuur,Greek and Latin Language and Culture,Griekse en Latijnse Taal en Cultuur,VOLTIJD,NLD,180,2002-09-01,,2020-11-19,,2020-11-19,,http://www.uva.nl/ba-grieks-latijn,,,108X991,Amsterdam,1,[2878],[],{}
416,2,fb2e58fa-9a07-4a39-96ce-70d530c5674b,1001O5807,56003,,OPLEIDING,107B473,Universiteit van Amsterdam,113A697,Universiteit van Amsterdam,Griekse en Latijnse Taal en Cultuur,Greek and Latin Language and Culture,Griekse en Latijnse Taal en Cultuur,DEELTIJD,NLD,180,2002-09-01,,2020-11-19,,2020-11-19,,http://www.uva.nl/ba-grieks-latijn,,,108X991,Amsterdam,1,[2877],[],{}
417,2,496b5025-e2c0-49b5-952f-1a8dcb7c5e5f,1001O5749,50901,,OPLEIDING,107B473,Universiteit van Amsterdam,113A697,Universiteit van Amsterdam,Hebreeuwse Taal en Cultuur,Hebrew Language and Culture,Hebreeuwse Taal en Cultuur,VOLTIJD,NLD,180,2002-09-01,,2020-11-19,,2020-11-19,,http://www.uva.nl/ba-hebreeuws,,,108X991,Amsterdam,1,[2867],[],{}
417,2,f344b09c-6749-4733-ab5a-8cc7cf7973ed,1001O5749,50901,,OPLEIDING,107B473,Universiteit van Amsterdam,113A697,Universiteit van Amsterdam,Hebreeuwse Taal en Cultuur,Hebrew Language and Culture,Hebreeuwse Taal en Cultuur,DEELTIJD,NLD,180,2002-09-01,,2020-11-19,,2020-11-19,,http://www.uva.nl/ba-hebreeuws,,,108X991,Amsterdam,1,[2866],[],{}
418,1,e5ebc562-ca67-42c1-8d8a-6b3cfdadd071,1001O6172,56978,,OPLEIDING,107B473,Universiteit van Amsterdam,113A697,Universiteit van Amsterdam,Informatica,Computing Science,Informatica,VOLTIJD,NLD,180,2003-09-01,,2020-10-02,,2020-10-02,,http://uva.nl/bsc-informatica,,,108X991,Amsterdam,1,[2944],[],{}
419,1,471bcc5c-8d13-4638-8011-4ed9e23359b3,1001O6172,56978,,OPLEIDING,107B473,Universiteit van Amsterdam,113A697,Universiteit van Amsterdam,Informatica,Computing Science,Informatica - vrije opleiding,VOLTIJD,NLD,180,2003-09-01,,2020-10-02,,2020-10-02,,http://uva.nl/bsc-informatica,,,108X991,Amsterdam,1,[2943],[],{}
420,1,8ab1d947-10ed-49e1-be37-cb73de3f8861,1001O6097,56842,,OPLEIDING,107B473,Universiteit van Amsterdam,113A697,Universiteit van Amsterdam,Informatiekunde,Information Science,Informatiekunde,VOLTIJD,NLD,180,2003-09-01,,2020-10-02,,2020-10-02,,http://uva.nl/bsc-informatiekunde,,,108X991,Amsterdam,1,[2940],[],{}
421,1,a03e2629-a352-4eeb-baaf-85f2423695d2,1001O6097,56842,,OPLEIDING,107B473,Universiteit van Amsterdam,113A697,Universiteit van Amsterdam,Informatiekunde,Information Science,Informatiekunde - vrije opleiding,VOLTIJD,NLD,180,2003-09-01,,2020-10-02,,2020-10-02,,http://uva.nl/bsc-informatiekunde,,,108X991,Amsterdam,1,[2939],[],{}
422,1,18ecb813-f54b-4902-a6b0-d0bf8d5990ef,1001O5972,56631,,OPLEIDING,107B473,Universiteit van Amsterdam,113A697,Universiteit van Amsterdam,Interdisciplinaire sociale wetenschap,Interdisciplinary Social Science,Interdisciplinaire Sociale Wetenschap,VOLTIJD,NLD,180,2009-09-01,,2020-09-01,,2020-09-01,,https://www.uva.nl/programmas/bachelors/interdisciplinaire-sociale-wetenschap/interdisciplinaire-sociale-wetenschap.html,,,108X991,Amsterdam,1,[2904],[],{}
423,2,963bd95a-ea26-4c79-9a2f-6bc950fef287,1001O6025,56809,,OPLEIDING,107B473,Universiteit van Amsterdam,113A697,Universiteit van Amsterdam,Italiaanse Taal en Cultuur,Italian Language and Culture,Italiaanse Taal en Cultuur,VOLTIJD,NLD,180,2002-09-01,,2020-09-01,,2020-09-01,,http://www.uva.nl/ba-italiaans,,,108X991,Amsterdam,1,[2927],[],{}
423,2,9b5050ec-cb0f-424d-8754-4f9cef576bff,1001O6025,56809,,OPLEIDING,107B473,Universiteit van Amsterdam,113A697,Universiteit van Amsterdam,Italiaanse Taal en Cultuur,Italian Language and Culture,Italiaanse Taal en Cultuur,DEELTIJD,NLD,180,2002-09-01,,2020-09-01,,2020-09-01,,http://www.uva.nl/ba-italiaans,,,108X991,Amsterdam,1,[2926],[],{}
424,2,1a3540fa-4167-4946-871b-b03ec1fd65d9,1001O6051,56824,,OPLEIDING,107B473,Universiteit van Amsterdam,113A697,Universiteit van Amsterdam,Kunstgeschiedenis,Art History,Kunstgeschiedenis,VOLTIJD,NLD,180,2002-09-01,,2020-09-01,,2020-09-01,,http://www.uva.nl/ba-kunstgeschiedenis,,,108X991,Amsterdam,1,[2935],[],{}
424,2,e709a42d-9882-4398-baed-0c895dc64a2f,1001O6051,56824,,OPLEIDING,107B473,Universiteit van Amsterdam,113A697,Universiteit van Amsterdam,Kunstgeschiedenis,Art History,Kunstgeschiedenis,DEELTIJD,NLD,180,2002-09-01,,2020-09-01,,2020-09-01,,http://www.uva.nl/ba-kunstgeschiedenis,,,108X991,Amsterdam,1,[2934],[],{}
425,1,a3951ff9-296e-41e8-98d3-df49b8de2d15,1001O6184,56981,,OPLEIDING,107B473,Universiteit van Amsterdam,113A697,Universiteit van Amsterdam,Kunstmatige Intelligentie,Artificial Intelligence,Kunstmatige Intelligentie,VOLTIJD,NLD,180,2003-09-01,,2021-09-01,,2021-09-01,,http://uva.nl/bsc-kunstmatige-intelligentie,,,108X991,Amsterdam,1,[2947],[],{}
426,1,1d7b2096-f487-4fe0-971a-b3494a180f55,1001O5995,56803,,OPLEIDING,107B473,Universiteit van Amsterdam,113A697,Universiteit van Amsterdam,Taalwetenschap,Linguistics,Linguistics,VOLTIJD,ENG,180,2002-09-01,,2020-09-01,,2020-09-01,,http://www.uva.nl/ba-linguistics,,,108X991,Amsterdam,1,[2915],[],{}
427,2,61e3b596-ca18-4231-a094-b0d1a2700f39,1001O5990,56802,,OPLEIDING,107B473,Universiteit van Amsterdam,113A697,Universiteit van Amsterdam,Literatuurwetenschap,Literary Studies,Literary Studies,DEELTIJD,ENG,180,2002-09-01,,2020-09-01,,2020-09-01,,http://www.uva.nl/ba-literary-and-cultural-analysis,,,108X991,Amsterdam,1,[2913],[],{}
427,2,ea3a9857-9965-4b32-beb3-77831606d16e,1001O5990,56802,,OPLEIDING,107B473,Universiteit van Amsterdam,113A697,Universiteit van Amsterdam,Literatuurwetenschap,Literary Studies,Literary Studies,VOLTIJD,ENG,180,2002-09-01,,2020-09-01,,2020-09-01,,http://www.uva.nl/ba-literary-and-cultural-analysis,,,108X991,Amsterdam,1,[2914],[],{}
428,2,27b4685b-9cd0-47f3-b740-9b350dc53676,1001O5630,50010,,OPLEIDING,107B473,Universiteit van Amsterdam,113A697,Universiteit van Amsterdam,Media en informatie,Media and information,Media and Information,DEELTIJD,ENG,180,2002-09-01,,2020-09-01,,2020-09-01,,http://www.uva.nl/ba-media-and-information,,,108X991,Amsterdam,1,[2856],[],{}
428,2,7551ed69-5c79-4646-a8b9-fdd03aad54ae,1001O5630,50010,,OPLEIDING,107B473,Universiteit van Amsterdam,113A697,Universiteit van Amsterdam,Media en informatie,Media and information,Media and Information,VOLTIJD,ENG,180,2002-09-01,,2020-09-01,,2020-09-01,,http://www.uva.nl/ba-media-and-information,,,108X991,Amsterdam,1,[2857],[],{}
429,2,252f409e-9857-489c-99b0-43a9837b3e1e,1001O5759,50906,,OPLEIDING,107B473,Universiteit van Amsterdam,113A697,Universiteit van Amsterdam,Media en Cultuur,Media and Culture,Media en Cultuur,VOLTIJD,NLD,180,2002-09-01,,2020-09-01,,2020-09-01,,http://www.uva.nl/ba-media,,,108X991,Amsterdam,1,[2871],[],{}
429,2,27d8e360-40ab-480e-913f-f9c35a7e872c,1001O5759,50906,,OPLEIDING,107B473,Universiteit van Amsterdam,113A697,Universiteit van Amsterdam,Media en Cultuur,Media and Culture,Media en Cultuur,VOLTIJD,ENG,180,2002-09-01,,2020-09-01,,2020-09-01,,http://www.uva.nl/ba-media-and-culture,,,108X991,Amsterdam,1,[2870],[],{}
430,1,7e732b22-cd23-4390-9eb6-671ab0996b19,1001O5920,56573,,OPLEIDING,107B473,Universiteit van Amsterdam,113A697,Universiteit van Amsterdam,Medische Informatiekunde,Medical Informatics,Medische Informatiekunde,VOLTIJD,NLD,180,2003-09-01,,2023-09-01,,2023-09-01,,http://www.uva.nl/onderwijs/bachelor/bacheloropleidingen/item/medische-informatiekunde.html,,,108X991,Amsterdam,1,[2892],[],{}
431,2,2605196b-eb34-4465-8e2a-ffd612d19a0d,1001O5976,56700,,OPLEIDING,107B473,Universiteit van Amsterdam,113A697,Universiteit van Amsterdam,Muziekwetenschap,Musicology,Muziekwetenschap,DEELTIJD,NLD,180,2002-09-01,,2020-09-01,,2020-09-01,,http://www.uva.nl/ba-muziekwetenschap,,,108X991,Amsterdam,1,[2905],[],{}
431,2,3b16154b-869b-4095-a06c-6574b9df34bd,1001O5976,56700,,OPLEIDING,107B473,Universiteit van Amsterdam,113A697,Universiteit van Amsterdam,Muziekwetenschap,Musicology,Muziekwetenschap,VOLTIJD,NLD,180,2002-09-01,,2020-09-01,,2020-09-01,,http://www.uva.nl/ba-muziekwetenschap,,,108X991,Amsterdam,1,[2906],[],{}
432,1,2598755b-a567-4722-850b-6d3b0c10bd71,1001O5797,55013,,OPLEIDING,107B473,Universiteit van Amsterdam,113A697,Universiteit van Amsterdam,Natuur- en Sterrenkunde (joint degree),Physics and Astronomy (joint degree),Natuur- en Sterrenkunde - joint degree UvA-VU,VOLTIJD,NLD,180,2016-09-01,,2020-03-31,,2020-03-31,,http://www.uva.nl/programmas/bachelors/natuur--en-sterrenkunde/natuur--en-sterrenkunde.html,111A136,,108X991,Amsterdam,1,[2875],[],{}
433,1,4e60cabd-e7d7-43b9-b7d9-b54cf857e71b,1001O5797,55013,,OPLEIDING,107B473,Universiteit van Amsterdam,113A697,Universiteit van Amsterdam,Natuur- en Sterrenkunde (joint degree),Physics and Astronomy (joint degree),"Natuur- en Sterrenkunde - joint degree UvA-VU, vrije opleiding",VOLTIJD,NLD,180,2016-09-01,,2020-03-31,,2020-03-31,,http://www.uva.nl/programmas/bachelors/natuur--en-sterrenkunde/natuur--en-sterrenkunde.html,,,108X991,Amsterdam,1,[2876],[],{}
434,2,47936677-a8ea-4e48-b821-c60c0cc5e9b3,1001O6001,56804,,OPLEIDING,107B473,Universiteit van Amsterdam,113A697,Universiteit van Amsterdam,Nederlandse Taal en Cultuur,Dutch Language and Culture,Nederlandse Taal en Cultuur,DEELTIJD,NLD,180,2002-09-01,,2020-09-01,,2020-09-01,,http://www.uva.nl/ba-nederlands,,,108X991,Amsterdam,1,[2916],[],{}
434,2,771b91c4-35a9-46c9-8dc6-d2467c00e82e,1001O6001,56804,,OPLEIDING,107B473,Universiteit van Amsterdam,113A697,Universiteit van Amsterdam,Nederlandse Taal en Cultuur,Dutch Language and Culture,Nederlandse Taal en Cultuur,VOLTIJD,NLD,180,2002-09-01,,2020-09-01,,2020-09-01,,http://www.uva.nl/ba-nederlands,,,108X991,Amsterdam,1,[2917],[],{}
435,2,08d5fa04-0126-45a6-a7b9-c6d09f6c5ac0,1001O6034,56814,,OPLEIDING,107B473,Universiteit van Amsterdam,113A697,Universiteit van Amsterdam,Nieuwgriekse Taal en Cultuur,Modern Greek Language and Culture,Nieuwgriekse Taal en Cultuur,DEELTIJD,NLD,180,2002-09-01,,2020-11-19,,2020-11-19,,http://www.uva.nl/ba-nieuwgrieks,,,108X991,Amsterdam,1,[2932],[],{}
435,2,be408e0b-5b6a-4f84-b28a-e9cb5ef922cf,1001O6034,56814,,OPLEIDING,107B473,Universiteit van Amsterdam,113A697,Universiteit van Amsterdam,Nieuwgriekse Taal en Cultuur,Modern Greek Language and Culture,Nieuwgriekse Taal en Cultuur,VOLTIJD,NLD,180,2002-09-01,,2020-11-19,,2020-11-19,,http://www.uva.nl/ba-nieuwgrieks,,,108X991,Amsterdam,1,[2933],[],{}
436,1,eca2e5cf-22bd-41fb-a37f-8c7025cfbe96,1001O5621,50003,,OPLEIDING,107B473,Universiteit van Amsterdam,113A697,Universiteit van Amsterdam,Onderwijswetenschappen,Educational Sciences,Onderwijswetenschappen,VOLTIJD,NLD,180,2018-09-01,,2020-09-01,,2020-09-01,,http://www.uva.nl/programmas/bachelors/onderwijswetenschappen/onderwijswetenschappen.html?origin=QM8V0lIERF2uFhPGbux%2F2g,,,108X991,Amsterdam,1,[2853],[],{}
437,2,83487458-5b66-41a1-a8d3-f8d6aba51d15,1001O5982,56704,,OPLEIDING,107B473,Universiteit van Amsterdam,113A697,Universiteit van Amsterdam,Oudheidwetenschappen,Ancient Studies,Oudheidwetenschappen,VOLTIJD,NLD,180,2017-09-01,,2023-03-15,,2023-03-15,,http://www.uva.nl/ba-oudheidwetenschappen,,,108X991,Amsterdam,1,[2912],[],{}
437,2,db6e3afc-535d-477e-932e-3b8b1b7e8090,1001O5982,56704,,OPLEIDING,107B473,Universiteit van Amsterdam,113A697,Universiteit van Amsterdam,Oudheidwetenschappen,Ancient Studies,Oudheidwetenschappen,VOLTIJD,ENG,180,2017-09-01,,2023-03-15,,2023-03-15,,http://www.uva.nl/ba-ancient-studies,,,108X991,Amsterdam,1,[2911],[],{}
438,1,2a94e6ea-bf89-4ba7-b221-7be5c59a3367,1001O5947,56607,,OPLEIDING,107B473,Universiteit van Amsterdam,113A697,Universiteit van Amsterdam,Pedagogische Wetenschappen,Pedagogical Sciences,Pedagogische Wetenschappen,VOLTIJD,NLD,180,2003-09-01,,2020-09-01,,2020-09-01,,https://www.uva.nl/programmas/bachelors/pedagogische-wetenschappen/pedagogische-wetenschappen.html?origin=QM8V0lIERF2uFhPGbux%2F2g,,,108X991,Amsterdam,1,[2900],[],{}
439,1,ad87eb0d-2f14-44a7-bddd-e7aba90a3a2f,1001O5947,56607,,OPLEIDING,107B473,Universiteit van Amsterdam,113A697,Universiteit van Amsterdam,Pedagogische Wetenschappen,Pedagogical Sciences,Pedagogische Wetenschappen - vrije opleiding,VOLTIJD,NLD,180,2003-09-01,,2020-09-01,,2020-09-01,,https://www.uva.nl/programmas/bachelors/pedagogische-wetenschappen/pedagogische-wetenschappen.html?origin=QM8V0lIERF2uFhPGbux%2F2g,,,108X991,Amsterdam,1,[2899],[],{}
440,2,49a012b7-3c49-4945-8573-2ac9dde76bdc,1001O5940,56606,,OPLEIDING,107B473,Universiteit van Amsterdam,113A697,Universiteit van Amsterdam,Politicologie,Political Science,Politicologie,VOLTIJD,NLD,180,2003-09-01,,2023-09-01,,2023-09-01,,http://uva.nl/bsc-politicologie,,,108X991,Amsterdam,1,[2898],[],{}
440,2,c5b405f6-5258-4b20-b3d7-0e2b55bfc8bc,1001O5940,56606,,OPLEIDING,107B473,Universiteit van Amsterdam,113A697,Universiteit van Amsterdam,Politicologie,Political Science,Politicologie,VOLTIJD,ENG,180,2003-09-01,,2023-09-01,,2023-09-01,,htp://www.uva.nl/bsc-politicalscience,,,108X991,Amsterdam,1,[2897],[],{}
441,1,2de5894c-cefb-4f0c-a197-2a91979c01f1,1001O6228,59312,,OPLEIDING,107B473,Universiteit van Amsterdam,113A697,Universiteit van Amsterdam,"Politics, Psychology, Law and Economics","Politics, Psychology, Law and Economics","Politics, Psychology, Law and Economics",VOLTIJD,ENG,180,2014-09-01,,2020-07-07,,2020-07-07,,http://pple.uva.nl,,,108X991,Amsterdam,1,[2949],[],{}
442,1,6dcb9e94-80c0-459d-93d0-e61a48116f74,1001O5635,50014,,OPLEIDING,107B473,Universiteit van Amsterdam,113A697,Universiteit van Amsterdam,Psychobiologie,Psychobiology,Psychobiologie,VOLTIJD,NLD,180,2003-09-01,,2023-09-01,,2023-09-01,,http://uva.nl/bsc-psychobiologie,,,108X991,Amsterdam,1,[2858],[],{}
443,2,f82c5251-8e40-43e8-9665-f38eabb95cb6,1001O5934,56604,,OPLEIDING,107B473,Universiteit van Amsterdam,113A697,Universiteit van Amsterdam,Psychologie,Psychology,Psychologie,VOLTIJD,NLD,180,2003-09-01,,2023-09-01,,2023-09-01,,http://uva.nl/bsc-psychologie,,,108X991,Amsterdam,1,[2896],[],{}
443,2,fa040681-37c6-4aff-b334-f52257f062e8,1001O5934,56604,,OPLEIDING,107B473,Universiteit van Amsterdam,113A697,Universiteit van Amsterdam,Psychologie,Psychology,Psychologie,VOLTIJD,ENG,180,2003-09-01,,2023-09-01,,2023-09-01,,http://uva.nl/bsc-psychology,,,108X991,Amsterdam,1,[2895],[],{}
444,1,68ca6bd2-ced4-4c39-b97a-873a9f92afa2,1001O5729,50700,,OPLEIDING,107B473,Universiteit van Amsterdam,113A697,Universiteit van Amsterdam,Rechtsgeleerdheid,Law,Rechtsgeleerdheid,VOLTIJD,NLD,180,2003-09-01,,2019-01-31,,2019-01-31,,http://www.uva.nl/llb-rechtsgeleerdheid,,,108X991,Amsterdam,1,[2863],[],{}
445,2,453f0ce2-32d1-4c6e-be8c-9bd987179761,1001O5753,50902,,OPLEIDING,107B473,Universiteit van Amsterdam,113A697,Universiteit van Amsterdam,Religiewetenschappen,Religious Studies,Religiewetenschappen,VOLTIJD,NLD,180,2002-09-01,,2020-09-07,,2020-09-07,,http://www.uva.nl/ba-religiewetenschappen,,,108X991,Amsterdam,1,[2869],[],{}
445,2,cfa95ea5-3b0c-481c-aa7f-a1f54186655e,1001O5753,50902,,OPLEIDING,107B473,Universiteit van Amsterdam,113A697,Universiteit van Amsterdam,Religiewetenschappen,Religious Studies,Religiewetenschappen,DEELTIJD,NLD,180,2002-09-01,,2020-09-07,,2020-09-07,,http://www.uva.nl/ba-religiewetenschappen,,,108X991,Amsterdam,1,[2868],[],{}
446,2,139aacaa-88bc-470d-8cbf-1a257778263e,1001O6017,56807,,OPLEIDING,107B473,Universiteit van Amsterdam,113A697,Universiteit van Amsterdam,Scandinavische Talen en Culturen,Scandinavian Languages and Cultures,Scandinavische Talen en Culturen,VOLTIJD,NLD,180,2002-09-01,,2020-09-01,,2020-09-01,,http://www.uva.nl/ba-scandinavisch,,,108X991,Amsterdam,1,[2923],[],{}
446,2,4980df80-eb51-478f-b5bf-daf9717cb766,1001O6017,56807,,OPLEIDING,107B473,Universiteit van Amsterdam,113A697,Universiteit van Amsterdam,Scandinavische Talen en Culturen,Scandinavian Languages and Cultures,Scandinavische Talen en Culturen,DEELTIJD,NLD,180,2002-09-01,,2020-09-01,,2020-09-01,,http://www.uva.nl/ba-scandinavisch,,,108X991,Amsterdam,1,[2922],[],{}
447,1,574bca6e-fdfb-4670-88e0-eef026f06a39,1001O5795,55012,,OPLEIDING,107B473,Universiteit van Amsterdam,113A697,Universiteit van Amsterdam,Scheikunde (joint degree),Chemistry (joint degree),Scheikunde - joint degree UvA-VU,VOLTIJD,NLD,180,2016-09-01,,2019-07-15,,2019-07-15,,http://uva.nl/bsc-scheikunde,111A136,,108X991,Amsterdam,1,[2873],[],{}
448,1,fd9b4604-7567-4e74-bcae-a872e1c6a9c6,1001O5795,55012,,OPLEIDING,107B473,Universiteit van Amsterdam,113A697,Universiteit van Amsterdam,Scheikunde (joint degree),Chemistry (joint degree),"Scheikunde - joint degree UvA-VU, vrije opleiding",VOLTIJD,NLD,180,2016-09-01,,2019-07-15,,2019-07-15,,http://uva.nl/bsc-scheikunde,,,108X991,Amsterdam,1,[2874],[],{}
449,1,6c5eaecb-13e7-4efe-986e-a52b9ae3f8f8,1001O8898,50993,,OPLEIDING,107B473,Universiteit van Amsterdam,113A697,Universiteit van Amsterdam,"Science, Technology & Innovation","Science, Technology & Innovation","Science, Technology & Innovation",VOLTIJD,NLD,180,2024-09-01,,2024-09-01,,2024-09-01,,https://www.uva.nl/programmas/bachelors/science-technology-and-innovation/science-technology-and-innovation.html,,,108X991,Amsterdam,1,[3090],[],{}
450,2,6b2a3216-8d29-47c4-97a1-4403f9e02848,1001O6033,56813,,OPLEIDING,107B473,Universiteit van Amsterdam,113A697,Universiteit van Amsterdam,Slavische Talen en Culturen,Slavonic Language and Culture,Slavische Talen en Culturen,VOLTIJD,NLD,180,2002-09-01,,2020-09-01,,2020-09-01,,http://www.uva.nl/ba-slavisch,,,108X991,Amsterdam,1,[2931],[],{}
450,2,b77b5494-89b1-490f-96ae-c264fa45995f,1001O6033,56813,,OPLEIDING,107B473,Universiteit van Amsterdam,113A697,Universiteit van Amsterdam,Slavische Talen en Culturen,Slavonic Language and Culture,Slavische Talen en Culturen,DEELTIJD,NLD,180,2002-09-01,,2020-09-01,,2020-09-01,,http://www.uva.nl/ba-slavisch,,,108X991,Amsterdam,1,[2930],[],{}
451,2,4b74d296-8c7a-462e-8c2b-81464a559e45,1001O6090,56838,,OPLEIDING,107B473,Universiteit van Amsterdam,113A697,Universiteit van Amsterdam,Sociale Geografie en Planologie,Human Geography and Planning,Sociale Geografie en Planologie,VOLTIJD,ENG,180,2009-09-01,,2023-09-01,,2023-09-01,,https://www.uva.nl/shared-content/programmas/en/bachelors/human-geography-and-planning/human-geography-and-planning.html,,,108X991,Amsterdam,1,[2937],[],{}
451,2,e6c6504d-91a8-4dc4-b1de-798cab94a09c,1001O6090,56838,,OPLEIDING,107B473,Universiteit van Amsterdam,113A697,Universiteit van Amsterdam,Sociale Geografie en Planologie,Human Geography and Planning,Sociale Geografie en Planologie,VOLTIJD,NLD,180,2009-09-01,,2023-09-01,,2023-09-01,,https://www.uva.nl/programmas/bachelors/sociale-geografie-en-planologie/sociale-geografie-en-planologie.html,,,108X991,Amsterdam,1,[2938],[],{}
452,2,ba02666c-1cb9-4bc4-a00b-150ed4601cfb,1001O5924,56601,,OPLEIDING,107B473,Universiteit van Amsterdam,113A697,Universiteit van Amsterdam,Sociologie,Sociology,Sociologie,VOLTIJD,ENG,180,2003-09-01,,2020-09-01,,2020-09-01,,http://uva.nl/bsc-sociology,,,108X991,Amsterdam,1,[2893],[],{}
452,2,c471d586-ef99-4ee3-ad95-c217eaf7df55,1001O5924,56601,,OPLEIDING,107B473,Universiteit van Amsterdam,113A697,Universiteit van Amsterdam,Sociologie,Sociology,Sociologie,VOLTIJD,NLD,180,2003-09-01,,2020-09-01,,2020-09-01,,http://uva.nl/bsc-sociologie,,,108X991,Amsterdam,1,[2894],[],{}
453,2,8065a6a8-112a-4871-af1c-b90e7360d416,1001O6027,56810,,OPLEIDING,107B473,Universiteit van Amsterdam,113A697,Universiteit van Amsterdam,Spaanse Taal en Cultuur,Spanish Language and Culture,Spaanse Taal en Cultuur,DEELTIJD,NLD,180,2002-09-01,,2020-09-01,,2020-09-01,,http://www.uva.nl/ba-spaans,,,108X991,Amsterdam,1,[2928],[],{}
453,2,90ed8c35-6e94-4339-b11c-984272d553d5,1001O6027,56810,,OPLEIDING,107B473,Universiteit van Amsterdam,113A697,Universiteit van Amsterdam,Spaanse Taal en Cultuur,Spanish Language and Culture,Spaanse Taal en Cultuur,VOLTIJD,NLD,180,2002-09-01,,2020-09-01,,2020-09-01,,http://www.uva.nl/ba-spaans,,,108X991,Amsterdam,1,[2929],[],{}
454,1,371d2c94-f513-4138-b6ae-660d90577214,1001O5916,56560,,OPLEIDING,107B473,Universiteit van Amsterdam,113A697,Universiteit van Amsterdam,Tandheelkunde,Dentistry,Tandheelkunde,VOLTIJD,NLD,180,2003-09-01,,2023-09-01,,2023-09-01,,http://www.uva.nl/bsc-tandheelkunde,,,108X991,Amsterdam,1,[2891],[],{}
455,2,7c3f4ffb-407f-48c2-a7d9-cc30f8d257a2,1001O5977,56702,,OPLEIDING,107B473,Universiteit van Amsterdam,113A697,Universiteit van Amsterdam,Theaterwetenschap,Theatre Studies,Theaterwetenschap,DEELTIJD,NLD,180,2002-09-01,,2020-09-01,,2020-09-01,,http://www.uva.nl/ba-theaterwetenschap,,,108X991,Amsterdam,1,[2907],[],{}
455,2,e7a55e85-926f-4944-85a5-86997d885a30,1001O5977,56702,,OPLEIDING,107B473,Universiteit van Amsterdam,113A697,Universiteit van Amsterdam,Theaterwetenschap,Theatre Studies,Theaterwetenschap,VOLTIJD,NLD,180,2002-09-01,,2020-09-01,,2020-09-01,,http://www.uva.nl/ba-theaterwetenschap,,,108X991,Amsterdam,1,[2908],[],{}
456,1,6fb89557-3029-465f-8b77-f295fa42a157,1001O6179,56980,,OPLEIDING,107B473,Universiteit van Amsterdam,113A697,Universiteit van Amsterdam,Wiskunde,Mathematics,Wiskunde,VOLTIJD,NLD,180,2003-09-01,,2020-04-29,,2020-04-29,,http://uva.nl/bsc-wiskunde,,,108X991,Amsterdam,1,[2946],[],{}
457,1,8dd9af7e-f358-48fd-a806-d029248873af,1001O6179,56980,,OPLEIDING,107B473,Universiteit van Amsterdam,113A697,Universiteit van Amsterdam,Wiskunde,Mathematics,Wiskunde - vrije opleiding,VOLTIJD,NLD,180,2003-09-01,,2020-04-29,,2020-04-29,,http://uva.nl/bsc-wiskunde,,,108X991,Amsterdam,1,[2945],[],{}
458,1,6c49d7f1-0b98-4704-88a1-55ee7b5c3c93,1001O6075,56831,,OPLEIDING,107B451,Wageningen University,114A640,Wageningen University,Agrotechnologie,Biosystems Engineering,Bachelor Agrotechnologie,VOLTIJD,NLD,180,2002-09-01,,2002-09-01,,2023-09-01,,http://www.wur.nl/bat,,,111X486,Wageningen,1,[2368],[],{}
459,1,a3d9dae9-3881-48fb-95e1-c01c262ce10d,1001O6086,56836,,OPLEIDING,107B451,Wageningen University,114A640,Wageningen University,Bedrijfs- en Consumentenwetenschappen,Business and Consumer Studies,Bachelor Bedrijfs- en Consumentenwetenschappen,VOLTIJD,NLD,180,2002-09-01,,2002-09-01,,2023-09-01,,http://www.wur.nl/bbc,,,111X486,Wageningen,1,[2370],[],{}
460,1,5ce23bf5-a164-40ec-860d-9a9e658b2ee1,1001O6120,56860,,OPLEIDING,107B451,Wageningen University,114A640,Wageningen University,Biologie,Biology,Bachelor Biologie,VOLTIJD,NLD,180,2002-09-01,,2002-09-01,,2023-09-01,,biologyportal.wur.nl,,,111X486,Wageningen,1,[2375],[],{}
461,1,d41d11c9-defb-4ddc-ba36-121833f4c471,1001O6094,56841,,OPLEIDING,107B451,Wageningen University,114A640,Wageningen University,Biotechnologie,Biotechnology,Bachelor Biotechnologie,VOLTIJD,NLD,180,2002-09-01,,2002-09-01,,2023-09-01,,http://www.wur.nl/bbt,,,111X486,Wageningen,1,[2372],[],{}
462,1,06553018-af59-4c64-9c76-6891c87bdaa8,1016O0967,,56219,VARIANT,107B451,Wageningen University,114A640,Wageningen University,Bachelor Bos- en Natuurbeheer,Bachelor Bos- en Natuurbeheer,Bachelor Bos- en Natuurbeheer,VOLTIJD,NLD,180,,,2002-09-01,,2023-09-01,,http://www.wur.nl/bbn,,,111X486,Wageningen,1,[2405],[],{}
463,1,f4f8d9b8-44c6-4f36-9141-2975c9bdfddb,1016O0968,,56219,VARIANT,107B451,Wageningen University,114A640,Wageningen University,Bachelor Bos- en Natuurbeheer DD-SLU,Bachelor Bos- en Natuurbeheer DD-SLU,Bachelor Bos- en Natuurbeheer DD-SLU,VOLTIJD,NLD,180,,,2024-09-01,,2024-09-01,,,,,111X486,Wageningen,1,[2406],[],{}
464,1,0ef5aada-c443-4b30-84a0-44ce7d9f54fa,1001O5637,50016,,OPLEIDING,107B451,Wageningen University,114A640,Wageningen University,Communicatie en Life Sciences,Communication and Life Sciences,Bachelor Communicatie en Life Sciences,VOLTIJD,NLD,180,2006-09-01,,2006-09-01,,2023-09-01,,http://www.wur.nl/bcl,,,111X486,Wageningen,1,[2362],[],{}
465,1,8c97e2eb-5700-48d3-876d-7cef63ab71fd,1001O5657,50101,,OPLEIDING,107B451,Wageningen University,114A640,Wageningen University,Economie en Beleid,Economics and Governance,Bachelor Economie en Beleid,VOLTIJD,NLD,180,2004-09-01,,2004-09-01,,2023-09-01,,http://www.wur.nl/beb,,,111X486,Wageningen,1,[2365],[],{}
466,1,bd3b3624-ef42-4573-9950-9539e910799f,1001O5641,50018,,OPLEIDING,107B451,Wageningen University,114A640,Wageningen University,Gezondheid en Maatschappij,Health and Society,Bachelor Gezondheid en Maatschappij,VOLTIJD,NLD,180,2005-09-01,,2005-09-01,,2023-09-01,,http://www.wur.nl/bgm,,,111X486,Wageningen,1,[2363],[],{}
467,1,5a82bb26-c36a-4c75-aca1-f54a337bbc01,1001O5656,50100,,OPLEIDING,107B451,Wageningen University,114A640,Wageningen University,International Land and Water Management,International Land and Water Management,Bachelor International Land and Water Management,VOLTIJD,ENG,180,2002-09-01,,2002-09-01,,2023-09-01,,http://www.wur.nl/bil,,,111X486,Wageningen,1,[2364],[],{}
468,1,033ba99f-0891-47ee-9c22-d48254149af9,1001O6087,56837,,OPLEIDING,107B451,Wageningen University,114A640,Wageningen University,Internationale Ontwikkelingsstudies,International Development Studies,Bachelor Internationale Ontwikkelingsstudies,VOLTIJD,NLD,180,2002-09-01,,2002-09-01,,2023-09-01,,http://www.wur.nl/bin,,,111X486,Wageningen,1,[2371],[],{}
469,1,b648c0d7-7d11-40b8-b0fc-36fef3654dbd,1001O6102,56848,,OPLEIDING,107B451,Wageningen University,114A640,Wageningen University,Landschapsarchitectuur en ruimtelijke planning,Landscape Architecture and Planning,Bachelor Landschapsarchitectuur& Ruimtelijke Planning,VOLTIJD,NLD,180,2002-09-01,,2002-09-01,,2023-09-01,,http://www.wur.nl/blp,,,111X486,Wageningen,1,[2373],[],{}
470,1,9bde9a6f-2a0d-4027-baf7-fa310c2d7e6a,1001O8838,50859,,OPLEIDING,107B451,Wageningen University,114A640,Wageningen University,Marine Sciences,Marine Sciences,Bachelor Marine Sciences,VOLTIJD,ENG,180,2023-09-01,,2023-09-01,,2023-09-01,,,,,111X486,Wageningen,1,[2403],[],{}
471,1,ce928325-faf8-4029-8957-0105cb1989a7,1001O6222,59304,,OPLEIDING,107B451,Wageningen University,114A640,Wageningen University,Moleculaire Levenswetenschappen,Molecular Life Sciences,Bachelor Moleculaire Levenswetenschappen,VOLTIJD,NLD,180,2007-09-01,,2007-09-01,,2023-09-01,,http://www.wur.nl/bml,,,111X486,Wageningen,1,[2379],[],{}
472,1,82cea61d-2093-4d3e-8196-48872cae74d3,1001O6085,56835,,OPLEIDING,107B451,Wageningen University,114A640,Wageningen University,Plantenwetenschappen,Plant Sciences,Bachelor Plantenwetenschappen,VOLTIJD,NLD,180,2002-09-01,,2002-09-01,,2023-09-01,,http://www.wur.nl/bpw,,,111X486,Wageningen,1,[2369],[],{}
473,1,90cd79fe-16df-43ec-a331-59ee7611b0ac,1001O6124,56868,,OPLEIDING,107B451,Wageningen University,114A640,Wageningen University,Voeding en Gezondheid,Nutrition and Health,Bachelor Voeding en Gezondheid,VOLTIJD,NLD,180,2002-09-01,,2002-09-01,,2023-09-01,,http://www.wur.nl/bvg,,,111X486,Wageningen,1,[2376],[],{}
474,1,b0cafb91-3150-44d8-9669-b8ecdc7178ef,1001O6103,56849,,OPLEIDING,107B451,Wageningen University,114A640,Wageningen University,Animal Sciences,Animal Sciences,Bachelor's Animal Sciences,VOLTIJD,ENG,180,2002-09-01,,2002-09-01,,2023-09-01,,http://www.wur.nl/bdw,,,111X486,Wageningen,1,[2374],[],{}
475,1,b80cca66-4d2f-414c-a4ed-7b3e2ad60645,1016O1728,59026,,OPLEIDING,107B451,Wageningen University,114A640,Wageningen University,Data Science for Global Challenges,Data Science for Global Challenges,Bachelor's Data Science for Global Challenges,VOLTIJD,NLD,180,2025-09-01,,2025-09-01,,2025-09-01,,,,,111X486,Wageningen,1,[2404],[],{}
476,1,3cb0ff99-11d9-4cc5-864f-8adfc16fd1b6,1001O6167,56968,,OPLEIDING,107B451,Wageningen University,114A640,Wageningen University,"Soil, Water, Atmosphere","Soil, Water, Atmosphere",Bachelor's Earth System Sciences,VOLTIJD,ENG,180,2002-09-01,,2002-09-01,,2023-09-01,,http://www.wur.nl/bbw,,,111X486,Wageningen,1,[2377],[],{}
477,1,c71f245e-cfef-4fac-b4a4-838ef94997fd,1001O5876,56283,,OPLEIDING,107B451,Wageningen University,114A640,Wageningen University,Environmental Sciences,Environmental Sciences,Bachelor's Environmental Sciences,VOLTIJD,ENG,180,2002-09-01,,2002-09-01,,2023-09-01,,http://www.wur.nl/bmw,,,111X486,Wageningen,1,[2367],[],{}
478,1,d1eaeda8-1e1d-4e33-adf1-73704cd48e00,1001O6168,56973,,OPLEIDING,107B451,Wageningen University,114A640,Wageningen University,Food Technology,Food Technology,Bachelor's Food Technology,VOLTIJD,ENG,180,2002-09-01,,2002-09-01,,2023-09-01,,http://www.wur.nl/blt,,,111X486,Wageningen,1,[2378],[],{}
479,1,9d7ec0ba-2e49-4c7b-a244-c3b0a10c3270,1001O5780,55001,,OPLEIDING,107B451,Wageningen University,114A640,Wageningen University,Tourism (joint degree),Tourism (joint degree),Bachelor's Tourism (joint degree),VOLTIJD,NLD,180,2011-09-01,,2011-09-01,,2023-09-01,,http://www.wur.nl/bto,,,113X606,Breda,1,[2366],[],{}
