counselor_programme_id,registry_order,production_order,canonical_name,primary_institution_id,institution_ids_json,programme_type,current_status,production_eligible,study_load_ec,duration_years,languages_json,modes_json,locations_json,consortium,source_excel_rows_json,offering_ids_json,programme_unit_codes_json,recognized_programme_codes_json,variant_of_codes_json,registry_record_types_json,source_provider_ids_json,aliases_json,registry_urls_json,normalization_basis,decision_case_ids_json,official_source_ids_json,official_source_urls_json,normalization_group,corrected_attributes_json
cp-000001,1,1,Bachelor Bestuurskunde,eur,"[""eur""]",standard,active,true,180,,"[""NLD""]","[""VOLTIJD""]",[],,[3],"[""0cda5cdf-a7e9-248e-e063-6ff1ff0a9669""]","[""1015O5182""]",[],"[""56627""]","[""VARIANT""]","[""114A337""]","[""Bachelor Bestuurskunde"",""Bachelor of Public Administration""]","[""https://www.eur.nl/bachelor/bestuurskunde""]",step1-no-ambiguity,[],[],[],row-3,{}
cp-000002,2,2,Bachelor in Management of International Social Challenges,eur,"[""eur""]",standard,active,true,180,,"[""ENG""]","[""VOLTIJD""]",[],,[4],"[""0cda5cdf-a813-248e-e063-6ff1ff0a9669""]","[""1015O5183""]",[],"[""56627""]","[""VARIANT""]","[""114A337""]","[""Bachelor in Management of International Social Challenges""]","[""https://www.eur.nl/en/bachelor/management-international-social-challenges""]",step1-no-ambiguity,[],[],[],row-4,{}
cp-000003,3,3,Bachelor Pedagogische Wetenschappen,eur,"[""eur""]",standard,active,true,180,,"[""NLD""]","[""VOLTIJD""]",[],,[5],"[""0cda5cdf-a821-248e-e063-6ff1ff0a9669""]","[""1015O5180""]",[],"[""56607""]","[""VARIANT""]","[""114A337""]","[""Bachelor Pedagogische Wetenschappen"",""Bachelor of Pedagogical Sciences""]","[""https://www.eur.nl/bachelor/pedagogische-wetenschappen""]",step1-no-ambiguity,[],[],[],row-5,{}
cp-000004,4,4,Bachelor Psychologie,eur,"[""eur""]",standard,active,true,180,,"[""NLD""]","[""VOLTIJD""]",[],,[6],"[""0c4d7e3e-b03a-4de4-e063-6ff1ff0ac940""]","[""1015O5919""]",[],"[""56604""]","[""VARIANT""]","[""114A337""]","[""Bachelor Psychologie"",""Bachelor of Psychology""]","[""https://www.eur.nl/bachelor/psychologie""]",step1-no-ambiguity,[],[],[],row-6,{}
cp-000005,5,5,Bachelor Sociologie,eur,"[""eur""]",standard,active,true,180,,"[""NLD""]","[""VOLTIJD"",""DEELTIJD""]",[],,[7],"[""0cda5cdf-a829-248e-e063-6ff1ff0a9669"",""0cda5cdf-a82f-248e-e063-6ff1ff0a9669""]","[""1015O5177""]",[],"[""56601""]","[""VARIANT""]","[""114A337""]","[""Bachelor Sociologie"",""Bachelor of Sociology""]","[""https://www.eur.nl/bachelor/sociologie""]",step1-no-ambiguity,[],[],[],row-7,{}
cp-000006,6,6,Bedrijfskunde,eur,"[""eur""]",standard,active,true,180,,"[""NLD""]","[""VOLTIJD""]",[],,[8],"[""0bac182b-828d-5088-e063-6ff1ff0a75e4""]","[""1015O5159""]",[],"[""50645""]","[""VARIANT""]","[""114A337""]","[""Bedrijfskunde"",""Business Administration""]","[""https://www.eur.nl/bachelor/bedrijfskunde""]",step1-no-ambiguity,[],[],[],row-8,{}
cp-000007,7,7,Double bachelor BSc² in Econometrics and Economics,eur,"[""eur""]",double-bachelor,active,true,264,4,"[""ENG""]","[""VOLTIJD""]",[],,"[9,10]","[""0bad61cb-025a-5d99-e063-6ff1ff0aab5f"",""0bac182b-82b1-5088-e063-6ff1ff0a75e4""]","[""1015O5189"",""1015O5163""]",[],"[""56833"",""50950""]","[""VARIANT""]","[""114A337""]","[""BSc2 Econometrics"",""BSc2 Economics""]","[""https://www.eur.nl/en/bachelor/double-bachelor-bsc2-econometrics-and-economics""]",step2-resolved,"[""rc-0001"",""rc-0002""]","[""src-eur-bsc2""]","[""https://www.eur.nl/en/bachelor/double-bachelor-bsc2-econometrics-and-economics/facts-figures""]",eur-bsc2-econometrics-economics,"{""duration_years"":4,""study_load_ec"":264,""languages"":[""ENG""],""programme_type"":""double-bachelor""}"
cp-000008,8,8,Criminologie,eur,"[""eur""]",standard,active,true,180,,"[""NLD""]","[""VOLTIJD""]",[],,[11],"[""0c4d7e3e-b032-4de4-e063-6ff1ff0ac940""]","[""1001O5900""]","[""56469""]",[],"[""OPLEIDING""]","[""114A337""]","[""Criminologie""]","[""https://www.eur.nl/bachelor/criminologie""]",step1-no-ambiguity,[],[],[],row-11,{}
cp-000009,9,9,Econometrie en Operationele Research,eur,"[""eur""]",standard,active,true,180,,"[""NLD""]","[""VOLTIJD""]",[],,[12],"[""0bad61cb-024a-5d99-e063-6ff1ff0aab5f""]","[""1015O5187""]",[],"[""56833""]","[""VARIANT""]","[""114A337""]","[""Econometrie en Operationele Research"",""Econometrics and Operations Research""]","[""https://www.eur.nl/bachelor/econometrie-en-operationele-research""]",step1-no-ambiguity,[],[],[],row-12,{}
cp-000010,10,10,Economie en Bedrijfseconomie,eur,"[""eur""]",standard,active,true,180,,"[""NLD""]","[""VOLTIJD""]",[],,[13],"[""0bac182b-82a3-5088-e063-6ff1ff0a75e4""]","[""1015O5161""]",[],"[""50950""]","[""VARIANT""]","[""114A337""]","[""Economie en Bedrijfseconomie"",""Economics and Business Economics""]","[""https://www.eur.nl/bachelor/economie-en-bedrijfseconomie""]",step1-no-ambiguity,[],[],[],row-13,{}
cp-000011,11,11,Filosofie,eur,"[""eur""]",standard,active,true,180,,"[""NLD""]","[""VOLTIJD"",""DEELTIJD""]",[],,[14],"[""0cda5cdf-a837-248e-e063-6ff1ff0a9669"",""0cda5cdf-a83d-248e-e063-6ff1ff0a9669""]","[""1015O5167""]",[],"[""56081""]","[""VARIANT""]","[""114A337""]","[""Filosofie"",""Philosophy""]","[""https://www.eur.nl/bachelor/filosofie/aansluitende-masters""]",step1-no-ambiguity,[],[],[],row-14,{}
cp-000012,12,12,RASL Dual Degree: Philosophy + Willem de Kooning Academy,eur,"[""eur"",""wdka""]",dual-degree-route,active,true,300,5,"[""NLD""]","[""VOLTIJD""]",[],,[15],"[""585a2167-fabe-49d0-a8ca-5604f70d5fe1""]","[""1016O6103""]",[],"[""56081""]","[""VARIANT""]","[""114A337""]","[""RASL Dual Degree Philosophy en WdKA"",""Filosofie (met Willem de Kooning Academy)"",""RASL Dual Degree Philosophy and WdKA""]",[],step2-resolved,"[""rc-0003""]","[""src-eur-rasl-philosophy"",""src-eur-rasl-facts"",""src-eur-rasl-oer""]","[""https://www.eur.nl/en/esphil/education/dual-degree-arts-and-philosophy"",""https://www.eur.nl/en/bachelor/dual-degree-arts-and-sciences/facts-figures"",""https://www.eur.nl/esphil/media/2025-08-bachelor-filosofie-oer-voltijd-en-deeltijd-2025-2026""]",eur-rasl-philosophy-wdka,"{""duration_years"":5,""study_load_ec"":300,""programme_type"":""dual-degree-route"",""awards"":""two bachelor degrees""}"
cp-000013,13,13,Filosofie van een Bepaald Wetenschapsgebied,eur,"[""eur""]",standard,active,true,180,,"[""NLD""]","[""VOLTIJD""]",[],,[16],"[""0cda5cdf-a844-248e-e063-6ff1ff0a9669""]","[""1001O6216""]","[""57084""]",[],"[""OPLEIDING""]","[""114A337""]","[""Filosofie van een Bepaald Wetenschapsgebied"",""Philosophy of a Specific Discipline""]","[""https://www.eur.nl/bachelor/bachelor-philosophy-specific-discipline""]",step1-no-ambiguity,[],[],[],row-16,{}
cp-000014,14,14,Fiscaal Recht,eur,"[""eur""]",standard,active,true,180,,"[""NLD""]","[""VOLTIJD"",""DEELTIJD""]",[],,[17],"[""0bad61cb-023d-5d99-e063-6ff1ff0aab5f"",""0cda5cdf-a7f7-248e-e063-6ff1ff0a9669""]","[""1001O6063""]","[""56827""]",[],"[""OPLEIDING""]","[""114A337""]","[""Fiscaal Recht"",""Tax Law""]","[""https://www.eur.nl/bachelor/fiscaal-recht""]",step1-no-ambiguity,[],[],[],row-17,{}
cp-000015,15,,Fiscale Economie,eur,"[""eur""]",standard,teach-out-only,false,180,,"[""NLD""]","[""VOLTIJD""]",[],,[18],"[""0bad51c1-b436-4e64-e063-6ff1ff0aea47""]","[""1015O5170""]",[],"[""56402""]","[""VARIANT""]","[""114A337""]","[""Fiscale Economie"",""Economics and Taxation""]","[""https://www.eur.nl/bachelor/fiscale-economie""]",step2-resolved,"[""rc-0004""]","[""src-eur-fiscale""]","[""https://www.eur.nl/view_mode_page/full/node/24241""]",eur-fiscale-economie,"{""study_load_ec"":180,""new_enrolment"":false,""teach_out_through"":""2028-2029""}"
cp-000016,16,15,Geneeskunde,eur,"[""eur""]",standard,active,true,180,,"[""NLD""]","[""VOLTIJD""]",[],,[19],"[""0c3c9cab-3b7a-5b69-e063-6ff1ff0ab90b""]","[""1015O5175""]",[],"[""56551""]","[""VARIANT""]","[""114A337""]","[""Geneeskunde"",""Medicine""]","[""https://www.eur.nl/bachelor/geneeskunde""]",step1-no-ambiguity,[],[],[],row-19,{}
cp-000017,17,16,Geschiedenis,eur,"[""eur""]",standard,active,true,180,,"[""NLD""]","[""VOLTIJD""]",[],,[20],"[""0cda5cdf-a7fe-248e-e063-6ff1ff0a9669""]","[""1015O5165""]",[],"[""56034""]","[""VARIANT""]","[""114A337""]","[""Geschiedenis"",""History""]","[""https://www.eur.nl/bachelor/geschiedenis""]",step1-no-ambiguity,[],[],[],row-20,{}
cp-000018,18,17,Gezondheidswetenschappen,eur,"[""eur""]",standard,active,true,180,,"[""NLD""]","[""VOLTIJD""]",[],,[21],"[""0bad61cb-01dc-5d99-e063-6ff1ff0aab5f""]","[""1015O5176""]",[],"[""56553""]","[""VARIANT""]","[""114A337""]","[""Gezondheidswetenschappen"",""Health Policy & Management""]","[""https://www.eur.nl/eshpm/bachelor/gezondheidswetenschappen-beleid-management-gezondheidszorg-bmg""]",step1-no-ambiguity,[],[],[],row-21,{}
cp-000019,19,18,International Bachelor Arts and Culture Studies,eur,"[""eur""]",standard,active,true,180,,"[""ENG""]","[""VOLTIJD""]",[],,[22],"[""0cda5cdf-a805-248e-e063-6ff1ff0a9669""]","[""1015O5184""]",[],"[""56823""]","[""VARIANT""]","[""114A337""]","[""International Bachelor Arts and Culture Studies""]","[""https://www.eur.nl/en/bachelor/international-bachelor-arts-and-culture-studies""]",step1-no-ambiguity,[],[],[],row-22,{}
cp-000020,20,19,International Bachelor Communication and Media,eur,"[""eur""]",standard,active,true,180,,"[""ENG""]","[""VOLTIJD""]",[],,[23],"[""0cda5cdf-a80c-248e-e063-6ff1ff0a9669""]","[""1015O5157""]",[],"[""50374""]","[""VARIANT""]","[""114A337""]","[""Communication and Media"",""International Bachelor Communication and Media""]","[""https://www.eur.nl/en/bachelor/international-bachelor-communication-and-media""]",step1-no-ambiguity,[],[],[],row-23,{}
cp-000021,21,20,International Bachelor Econometrics and Operations Research,eur,"[""eur""]",standard,active,true,180,,"[""ENG""]","[""VOLTIJD""]",[],,[24],"[""0bad61cb-0252-5d99-e063-6ff1ff0aab5f""]","[""1015O5188""]",[],"[""56833""]","[""VARIANT""]","[""114A337""]","[""International Bachelor Econometrics and Operations Research""]",[],step1-no-ambiguity,[],[],[],row-24,{}
cp-000022,22,21,International Bachelor Economics and Business Economics,eur,"[""eur""]",standard,active,true,180,,"[""ENG""]","[""VOLTIJD""]",[],,[25],"[""0bac182b-82aa-5088-e063-6ff1ff0a75e4""]","[""1015O5162""]",[],"[""50950""]","[""VARIANT""]","[""114A337""]","[""International Bachelor Economics and Business Economics""]","[""https://www.eur.nl/en/bachelor/international-bachelor-economics-and-business-economics""]",step1-no-ambiguity,[],[],[],row-25,{}
cp-000023,23,22,International Bachelor History,eur,"[""eur""]",standard,active,true,180,,"[""ENG""]","[""VOLTIJD""]",[],,[26],"[""0bac182b-82cc-5088-e063-6ff1ff0a75e4""]","[""1015O5166""]",[],"[""56034""]","[""VARIANT""]","[""114A337""]","[""Internationale Bachelor Geschiedenis"",""International Bachelor History""]","[""https://www.eur.nl/en/bachelor/international-bachelor-history""]",step1-no-ambiguity,[],[],[],row-26,{}
cp-000024,24,23,International Bachelor of Psychology,eur,"[""eur""]",standard,active,true,180,,"[""ENG""]","[""VOLTIJD""]",[],,[27],"[""0c4d7e3e-b044-4de4-e063-6ff1ff0ac940""]","[""1015O5920""]",[],"[""56604""]","[""VARIANT""]","[""114A337""]","[""International Bachelor of Psychology""]","[""https://www.eur.nl/en/bachelor/international-bachelor-psychology""]",step1-no-ambiguity,[],[],[],row-27,{}
cp-000025,25,24,International Business Administration,eur,"[""eur""]",standard,active,true,180,,"[""ENG""]","[""VOLTIJD""]",[],,[28],"[""0bac182b-82ba-5088-e063-6ff1ff0a75e4""]","[""1015O5164""]",[],"[""50952""]","[""VARIANT""]","[""114A337""]","[""International Business Administration""]","[""https://www.eur.nl/en/bachelor/bachelor-international-business-administration""]",step1-no-ambiguity,[],[],[],row-28,{}
cp-000026,26,25,Liberal Arts and Sciences,eur,"[""eur""]",standard,active,true,180,,"[""ENG""]","[""VOLTIJD""]",[],,[29],"[""0cda5cdf-a7f0-248e-e063-6ff1ff0a9669"",""fe068847-5f37-4cd2-b244-bdb98f3e0f96""]","[""1001O5682""]","[""50393""]",[],"[""OPLEIDING""]","[""114A337""]","[""Liberal Arts and Sciences""]","[""https://www.eur.nl/en/bachelor/liberal-arts-and-sciences""]",step1-no-ambiguity,[],[],[],row-29,{}
cp-000027,27,26,Rechtsgeleerdheid,eur,"[""eur""]",standard,active,true,180,,"[""NLD""]","[""VOLTIJD"",""DEELTIJD""]",[],,[30],"[""0bac182b-8294-5088-e063-6ff1ff0a75e4"",""0cda5cdf-a81a-248e-e063-6ff1ff0a9669""]","[""1015O5160""]",[],"[""50700""]","[""VARIANT""]","[""114A337""]","[""Rechtsgeleerdheid"",""Law""]","[""https://www.eur.nl/bachelor/rechtsgeleerdheid/aansluitende-masters""]",step1-no-ambiguity,[],[],[],row-30,{}
cp-000028,28,27,Academische Leraren Opleiding Pedagogische Wetenschappen,radboud,"[""radboud""]",standard,active,true,180,,"[""NLD""]","[""VOLTIJD""]","[""Nijmegen""]",,[31],"[""380880e7-2f3d-42f1-8351-0978f76eed5a""]","[""1015O6472""]",[],"[""56607""]","[""VARIANT""]","[""114A129""]","[""Academische Leraren Opleiding Pedagogische Wetenschappen"",""Academic Programme in Teaching Pedagogical Sciences""]",[],step1-no-ambiguity,[],[],[],row-31,{}
cp-000029,29,28,Algemene Cultuurwetenschappen,radboud,"[""radboud""]",standard,active,true,180,,"[""NLD""]","[""VOLTIJD""]","[""Nijmegen""]",,[32],"[""d5dd44ab-146c-4a79-8192-643b92988e3d""]","[""1015O6440""]",[],"[""56823""]","[""VARIANT""]","[""114A124""]","[""Algemene Cultuurwetenschappen"",""Arts and Culture Studies""]",[],step1-no-ambiguity,[],[],[],row-32,{}
cp-000030,30,29,American Studies,radboud,"[""radboud""]",standard,active,true,180,,"[""ENG""]","[""VOLTIJD""]","[""Nijmegen""]",,[33],"[""ec93aa78-9a51-4984-bfd3-a8f72a613d04""]","[""1015O6457""]",[],"[""50290""]","[""VARIANT""]","[""114A124""]","[""American Studies""]",[],step1-no-ambiguity,[],[],[],row-33,{}
cp-000031,31,30,Artificial Intelligence,radboud,"[""radboud""]",standard,active,true,180,,"[""ENG""]","[""VOLTIJD""]","[""Nijmegen""]",,[34],"[""70132c6d-8164-4ebf-8988-776eb1f3e9ec""]","[""1001O6129""]","[""56945""]",[],"[""OPLEIDING""]","[""114A129""]","[""Artificial Intelligence""]",[],step1-no-ambiguity,[],[],[],row-34,{}
cp-000032,32,31,Arts and Culture Studies,radboud,"[""radboud""]",standard,active,true,180,,"[""ENG""]","[""VOLTIJD""]","[""Nijmegen""]",,[35],"[""84152ad3-625c-40ea-9872-d11c60843bd1""]","[""1015O6441""]",[],"[""56823""]","[""VARIANT""]","[""114A124""]","[""Arts and Culture Studies""]",[],step1-no-ambiguity,[],[],[],row-35,{}
cp-000033,33,32,Bedrijfskunde,radboud,"[""radboud""]",standard,active,true,180,,"[""NLD""]","[""VOLTIJD""]","[""Nijmegen""]",,[36],"[""302d58f5-e0f4-4ccb-b3b9-40b01b1991b2""]","[""1016O1025""]",[],"[""50645""]","[""VARIANT""]","[""114A125""]","[""Bedrijfskunde"",""Business Administration""]",[],step1-no-ambiguity,[],[],[],row-36,{}
cp-000034,34,33,Bestuurskunde,radboud,"[""radboud""]",standard,active,true,180,,"[""NLD""]","[""VOLTIJD""]","[""Nijmegen""]",,[37],"[""8cb1dc73-ece7-4219-b0b6-01d57d6c64ec""]","[""1001O5969""]","[""56627""]",[],"[""OPLEIDING""]","[""114A125""]","[""Bestuurskunde"",""Public Administration""]",[],step1-no-ambiguity,[],[],[],row-37,{}
cp-000035,35,34,Biologie,radboud,"[""radboud""]",standard,active,true,180,,"[""ENG""]","[""VOLTIJD""]","[""Nijmegen""]",,[38],"[""05ea9031-b36c-4e5c-95f9-99fbb803f137""]","[""1001O6234""]","[""59325""]",[],"[""OPLEIDING""]","[""114A127""]","[""Biology"",""Biologie""]",[],step1-no-ambiguity,[],[],[],row-38,{}
cp-000036,36,35,Biomedische Wetenschappen,radboud,"[""radboud""]",standard,active,true,180,,"[""NLD""]","[""VOLTIJD""]","[""Nijmegen""]",,[39],"[""4002ec00-fd34-4ac6-9406-995382c34bb7""]","[""1001O6208""]","[""56990""]",[],"[""OPLEIDING""]","[""114A126""]","[""Biomedische Wetenschappen"",""Biomedical Sciences""]",[],step1-no-ambiguity,[],[],[],row-39,{}
cp-000037,37,36,Communicatie- en Informatiewetenschappen,radboud,"[""radboud""]",standard,active,true,180,,"[""NLD""]","[""VOLTIJD""]","[""Nijmegen""]",,[40],"[""52a19d2d-cc99-4cdd-910e-2af8d17c89ab""]","[""1015O6449""]",[],"[""56826""]","[""VARIANT""]","[""114A124""]","[""Communicatie- en Informatiewetenschappen"",""Communication and Information Studies""]",[],step1-no-ambiguity,[],[],[],row-40,{}
cp-000038,38,37,Communicatiewetenschap,radboud,"[""radboud""]",standard,active,true,180,,"[""NLD""]","[""VOLTIJD""]","[""Nijmegen""]",,[41],"[""1c8b8b4c-cf63-4407-ae06-831a72b033fa""]","[""1001O5961""]","[""56615""]",[],"[""OPLEIDING""]","[""114A129""]","[""Communicatiewetenschap"",""Communication Science""]",[],step1-no-ambiguity,[],[],[],row-41,{}
cp-000039,39,38,Culturele Antropologie en Ontwikkelingssociologie,radboud,"[""radboud""]",standard,active,true,180,,"[""NLD""]","[""VOLTIJD""]","[""Nijmegen""]",,[42],"[""6d3cbfeb-8779-4bc5-b479-e36783d2fca8""]","[""1001O5655""]","[""50035""]",[],"[""OPLEIDING""]","[""114A129""]","[""Culturele Antropologie en Ontwikkelingssociologie"",""Cultural Anthropology and Development Sociology""]",[],step1-no-ambiguity,[],[],[],row-42,{}
cp-000040,40,39,Duitse Taal en Cultuur,radboud,"[""radboud""]",standard,active,true,180,,"[""NLD""]","[""VOLTIJD""]","[""Nijmegen""]",,[43],"[""9a503cb2-0de0-46e8-a71e-da44dccea1c6""]","[""1001O6009""]","[""56805""]",[],"[""OPLEIDING""]","[""114A124""]","[""Duitse Taal en Cultuur"",""German Language and Culture""]",[],step1-no-ambiguity,[],[],[],row-43,{}
cp-000041,41,40,Economics and Business Economics,radboud,"[""radboud""]",standard,active,true,180,,"[""ENG""]","[""VOLTIJD""]","[""Nijmegen""]",,[44],"[""ddca2e9f-7897-4322-aa62-964f4f9f85b6""]","[""1016O1029""]",[],"[""50950""]","[""VARIANT""]","[""114A125""]","[""Economics and Business Economics""]",[],step1-no-ambiguity,[],[],[],row-44,{}
cp-000042,42,41,Economie en Bedrijfseconomie,radboud,"[""radboud""]",standard,active,true,180,,"[""NLD""]","[""VOLTIJD""]","[""Nijmegen""]",,[45],"[""e53a5e67-3fbc-4640-8668-f0a9e1e60700""]","[""1016O1030""]",[],"[""50950""]","[""VARIANT""]","[""114A125""]","[""Economie en Bedrijfseconomie"",""Economics and Business Economics""]",[],step1-no-ambiguity,[],[],[],row-45,{}
cp-000043,43,42,English Language and Culture,radboud,"[""radboud""]",standard,active,true,180,,"[""ENG""]","[""VOLTIJD""]","[""Nijmegen""]",,[46],"[""e16c4706-23f7-496b-83b4-28b79d523657""]","[""1015O6456""]",[],"[""50290""]","[""VARIANT""]","[""114A124""]","[""English Language and Culture""]",[],step1-no-ambiguity,[],[],[],row-46,{}
cp-000044,44,43,"Nederlands, Europees en Internationaal Recht",radboud,"[""radboud""]",standard,active-successor,true,180,,"[""NLD""]","[""VOLTIJD""]","[""Nijmegen""]",,[47],"[""ff66a977-b280-4159-b41b-ea3222e2aee1""]","[""1001O5640""]","[""50017""]",[],"[""OPLEIDING""]","[""114A123""]","[""European Law School""]",[],step2-resolved,"[""rc-0005""]","[""src-ru-neir"",""src-ru-neir-decision""]","[""https://www.ru.nl/opleidingen/bachelors/nederlands-europees-en-internationaal-recht"",""https://www.ru.nl/over-ons/nieuws/openbare-besluitenlijst-week-10""]",ru-nederlands-europees-internationaal-recht,"{""previous_name"":""European Law School"",""effective_date"":""2026-09-01"",""current_recognized_programme_code"":""57085"",""study_load_ec"":180,""languages"":[""NLD""],""modes"":[""VOLTIJD""]}"
cp-000045,45,44,Filosofie,radboud,"[""radboud""]",standard,active,true,180,,"[""NLD""]","[""VOLTIJD""]","[""Nijmegen""]",,[48],"[""2f54ec7b-04ae-437d-bfbf-22adba92452c""]","[""1015O6459""]",[],"[""56081""]","[""VARIANT""]","[""114A122""]","[""Filosofie"",""Philosophy""]",[],step1-no-ambiguity,[],[],[],row-48,{}
cp-000046,46,45,Franse Taal en Cultuur,radboud,"[""radboud""]",standard,active,true,180,,"[""NLD""]","[""VOLTIJD""]","[""Nijmegen""]",,[49],"[""5d33adae-f0c2-4a35-b594-2a39b2488e1a""]","[""1015O6482""]",[],"[""56074""]","[""VARIANT""]","[""114A124""]","[""Franse Taal en Cultuur"",""French Language and Culture""]",[],step1-no-ambiguity,[],[],[],row-49,{}
cp-000047,47,46,Geneeskunde,radboud,"[""radboud""]",standard,active,true,180,,"[""NLD""]","[""VOLTIJD""]","[""Nijmegen""]",,[50],"[""9afc9f9f-e6b0-4d1c-acfa-96bb1b9aadc9""]","[""1001O5910""]","[""56551""]",[],"[""OPLEIDING""]","[""114A126""]","[""Geneeskunde"",""Medicine""]",[],step1-no-ambiguity,[],[],[],row-50,{}
cp-000048,48,47,"Geografie, Planologie en Milieu",radboud,"[""radboud""]",standard,active,true,180,,"[""NLD""]","[""VOLTIJD""]","[""Nijmegen""]",,[51],"[""46378952-8ba8-48a3-8d95-ba2dc150741c""]","[""1001O6131""]","[""56947""]",[],"[""OPLEIDING""]","[""114A125""]","[""Geografie, Planologie en Milieu"",""Geography, Spatial Planning and Environment""]",[],step1-no-ambiguity,[],[],[],row-51,{}
cp-000049,49,48,Geschiedenis,radboud,"[""radboud""]",standard,active,true,180,,"[""NLD""]","[""VOLTIJD""]","[""Nijmegen""]",,[52],"[""e37d3b88-66c0-4517-b234-194a45a0a058""]","[""1015O6464""]",[],"[""56034""]","[""VARIANT""]","[""114A124""]","[""Geschiedenis"",""History""]",[],step1-no-ambiguity,[],[],[],row-52,{}
cp-000050,50,49,Griekse en Latijnse Taal en Cultuur,radboud,"[""radboud""]",standard,active,true,180,,"[""NLD""]","[""VOLTIJD""]","[""Nijmegen""]",,[53],"[""77af18be-c752-473a-b2f1-fd142e1d4c00""]","[""1001O5809""]","[""56003""]",[],"[""OPLEIDING""]","[""114A124""]","[""Griekse en Latijnse Taal en Cultuur"",""Classics""]",[],step1-no-ambiguity,[],[],[],row-53,{}
cp-000051,51,50,Humane Neurowetenschappen,radboud,"[""radboud""]",standard,active,true,180,,"[""NLD""]","[""VOLTIJD""]","[""Nijmegen""]",,[54],"[""05ad0343-1cdb-4cfc-a11f-336f8c969fc3""]","[""1001O8935""]","[""59349""]",[],"[""OPLEIDING""]","[""114A129""]","[""Humane Neurowetenschappen"",""Human Neuroscience""]",[],step1-no-ambiguity,[],[],[],row-54,{}
cp-000052,52,51,Informatica,radboud,"[""radboud""]",standard,active,true,180,,"[""ENG""]","[""VOLTIJD""]","[""Nijmegen""]",,[55],"[""27fb5a14-b164-4f20-b5fe-f019854836c2""]","[""1001O6235""]","[""59326""]",[],"[""OPLEIDING""]","[""114A127""]","[""Computing Science"",""Informatica""]",[],step1-no-ambiguity,[],[],[],row-55,{}
cp-000053,53,52,International Business Administration,radboud,"[""radboud""]",standard,active,true,180,,"[""ENG""]","[""VOLTIJD""]","[""Nijmegen""]",,[56],"[""82fd2c05-20ed-4194-a979-f450ef1df956""]","[""1016O1159""]",[],"[""50645""]","[""VARIANT""]","[""114A125""]","[""International Business Administration""]",[],step1-no-ambiguity,[],[],[],row-56,{}
cp-000054,54,53,International Business Communication,radboud,"[""radboud""]",standard,active,true,180,,"[""ENG""]","[""VOLTIJD""]","[""Nijmegen""]",,[57],"[""658afe4c-9fe6-4f4d-a5ec-76dd83c24825""]","[""1015O6450""]",[],"[""56826""]","[""VARIANT""]","[""114A124""]","[""International Business Communication""]",[],step1-no-ambiguity,[],[],[],row-57,{}
cp-000055,55,54,"Islam, Politiek en Samenleving",radboud,"[""radboud""]",standard,active,true,180,,"[""NLD""]","[""VOLTIJD"",""DEELTIJD""]","[""Nijmegen""]",,[58],"[""1c80d61e-8f91-434d-a83c-c22bcf0a2c3e"",""d514a08b-89d8-4f6b-9e79-1695fb4f6ee4""]","[""1016O6836"",""1016O6658""]",[],"[""50902""]","[""VARIANT""]","[""114A122""]","[""Islam, Politiek en Samenleving"",""Islam, Politics and Society""]",[],step2-resolved,"[""rc-0006""]","[""src-ru-ips""]","[""https://www.ru.nl/opleidingen/bachelors/islam-politiek-en-samenleving""]",ru-islam-politiek-samenleving,"{""study_load_ec"":180,""languages"":[""NLD""],""modes"":[""VOLTIJD"",""DEELTIJD""],""programme_relation"":""student-facing specialisation of CROHO 50902""}"
cp-000056,56,55,Kunstgeschiedenis,radboud,"[""radboud""]",standard,active,true,180,,"[""NLD""]","[""VOLTIJD""]","[""Nijmegen""]",,[59],"[""5b617df2-ebca-4c2d-9020-add2f3ac245f""]","[""1001O6053""]","[""56824""]",[],"[""OPLEIDING""]","[""114A124""]","[""Kunstgeschiedenis"",""Art History""]",[],step1-no-ambiguity,[],[],[],row-59,{}
cp-000057,57,56,Moleculaire Levenswetenschappen,radboud,"[""radboud""]",standard,active,true,180,,"[""ENG""]","[""VOLTIJD""]","[""Nijmegen""]",,[60],"[""87594c0c-75b5-4430-aa50-861c5eae7aec""]","[""1001O6127""]","[""56944""]",[],"[""OPLEIDING""]","[""114A127""]","[""Molecular Life Sciences"",""Moleculaire Levenswetenschappen""]",[],step1-no-ambiguity,[],[],[],row-60,{}
cp-000058,58,57,Natural Sciences,radboud,"[""radboud""]",standard,active,true,180,,"[""NLD""]","[""VOLTIJD""]","[""Nijmegen""]",,[61],"[""ce0239ec-53f4-4d12-a220-c3aa4aae3eda""]","[""1001O6132""]","[""56948""]",[],"[""OPLEIDING""]","[""114A127""]","[""Natural Sciences""]",[],step1-no-ambiguity,[],[],[],row-61,{}
cp-000059,59,58,Natuur- en Sterrenkunde,radboud,"[""radboud""]",standard,active,true,180,,"[""NLD""]","[""VOLTIJD""]","[""Nijmegen""]",,[62],"[""f5f8328c-13ac-4c9a-850d-ae5b11a8b81b""]","[""1001O6193""]","[""56984""]",[],"[""OPLEIDING""]","[""114A127""]","[""Natuur- en Sterrenkunde"",""Physics and Astronomy""]",[],step1-no-ambiguity,[],[],[],row-62,{}
cp-000060,60,59,Nederlandse Taal en Cultuur,radboud,"[""radboud""]",standard,active,true,180,,"[""NLD""]","[""VOLTIJD""]","[""Nijmegen""]",,[63],"[""0b88c46d-9df8-4f8e-a257-818499c1cb2e""]","[""1001O6003""]","[""56804""]",[],"[""OPLEIDING""]","[""114A124""]","[""Nederlandse Taal en Cultuur"",""Dutch Language and Culture""]",[],step1-no-ambiguity,[],[],[],row-63,{}
cp-000061,61,60,Notarieel Recht,radboud,"[""radboud""]",standard,active,true,180,,"[""NLD""]","[""VOLTIJD"",""DEELTIJD""]","[""Nijmegen""]",,[64],"[""bec73d07-6710-4b89-89e7-1b6093b6805e"",""c0f0b972-978b-416d-95a4-39b4536c2589""]","[""1016O6841"",""1016O6840""]",[],"[""56828""]","[""VARIANT""]","[""114A123""]","[""Notarieel Recht"",""Notarial Law""]",[],step2-resolved,"[""rc-0007""]","[""src-ru-notarial""]","[""https://www.ru.nl/opleidingen/bachelors/notarieel-recht""]",ru-notarieel-recht,"{""study_load_ec"":180,""languages"":[""NLD""],""modes"":[""VOLTIJD"",""DEELTIJD""]}"
cp-000062,62,61,Pedagogische Wetenschappen,radboud,"[""radboud""]",standard,active,true,180,,"[""NLD""]","[""VOLTIJD""]","[""Nijmegen""]",,[65],"[""7f547bc1-99df-41cc-827e-d7904235cae7""]","[""1015O6471""]",[],"[""56607""]","[""VARIANT""]","[""114A129""]","[""Pedagogische Wetenschappen"",""Pedagogical Sciences""]",[],step1-no-ambiguity,[],[],[],row-65,{}
cp-000063,63,62,Pedagogische Wetenschappen van Primair Onderwijs,radboud,"[""radboud""]",standard,active,true,180,,"[""NLD""]","[""VOLTIJD""]","[""Nijmegen""]",,[66],"[""cd7688bc-b4e0-4843-8cef-8c680ff4135b""]","[""1001O6238""]","[""59329""]",[],"[""OPLEIDING""]","[""114A129""]","[""Pedagogische Wetenschappen van Primair Onderwijs"",""Pedagogical Sciences of Primary Education""]",[],step1-no-ambiguity,[],[],[],row-66,{}
cp-000064,64,63,"Philosophy, Politics and Society",radboud,"[""radboud""]",standard,active,true,180,,"[""ENG""]","[""VOLTIJD""]","[""Nijmegen""]",,[67],"[""d60f05ba-bc0e-4f4e-bb53-f582efff72f9""]","[""1015O6460""]",[],"[""56081""]","[""VARIANT""]","[""114A122""]","[""Philosophy, Politics and Society""]",[],step1-no-ambiguity,[],[],[],row-67,{}
cp-000065,65,64,Politicologie,radboud,"[""radboud""]",standard,active,true,180,,"[""NLD""]","[""VOLTIJD""]","[""Nijmegen""]",,[68],"[""589bbb17-c3ea-4153-9dde-1120c44421bb""]","[""1001O5942""]","[""56606""]",[],"[""OPLEIDING""]","[""114A125""]","[""Politicologie"",""Political Science""]",[],step1-no-ambiguity,[],[],[],row-68,{}
cp-000066,66,65,Psychologie,radboud,"[""radboud""]",standard,active,true,180,,"[""ENG,NLD""]","[""VOLTIJD""]","[""Nijmegen""]",,[69],"[""d951cde7-5665-4448-9d01-36f543fc1a4d""]","[""1001O5936""]","[""56604""]",[],"[""OPLEIDING""]","[""114A129""]","[""Psychologie"",""Psychology""]",[],step1-no-ambiguity,[],[],[],row-69,{}
cp-000067,67,66,Rechtsgeleerdheid,radboud,"[""radboud""]",standard,active,true,180,,"[""NLD""]","[""VOLTIJD"",""DEELTIJD""]","[""Nijmegen""]",,[70],"[""3b90cff7-4033-4b7d-a674-ef9269c537d4"",""e87e02ad-4cad-404b-9663-018c7c735a21""]","[""1016O6835"",""1016O6834""]",[],"[""50700""]","[""VARIANT""]","[""114A123""]","[""Rechtsgeleerdheid"",""Law""]",[],step2-resolved,"[""rc-0008""]","[""src-ru-law""]","[""https://www.ru.nl/opleidingen/bachelors/rechtsgeleerdheid""]",ru-rechtsgeleerdheid,"{""study_load_ec"":180,""languages"":[""NLD""],""modes"":[""VOLTIJD"",""DEELTIJD""]}"
cp-000068,68,67,"Religie, Politiek en Samenleving",radboud,"[""radboud""]",standard,active,true,180,,"[""NLD""]","[""VOLTIJD"",""DEELTIJD""]","[""Nijmegen""]",,[71],"[""503d783b-e952-44a0-9894-aa05e4cf0dd9"",""f008aeab-6b6d-4b74-9bc7-58c7a6bceabe""]","[""1016O6659"",""1016O6837""]",[],"[""50902""]","[""VARIANT""]","[""114A122""]","[""Religie, Politiek en Samenleving"",""Religion, Politics and Society""]",[],step2-resolved,"[""rc-0009""]","[""src-ru-rps""]","[""https://www.ru.nl/opleidingen/bachelors/religie-politiek-en-samenleving""]",ru-religie-politiek-samenleving,"{""study_load_ec"":180,""languages"":[""NLD""],""modes"":[""VOLTIJD"",""DEELTIJD""],""recognized_code"":""50902""}"
cp-000069,69,68,"Samenleving, Taal en Cultuur",radboud,"[""radboud""]",standard,active,true,180,,"[""NLD""]","[""VOLTIJD""]","[""Nijmegen""]",,[72],"[""1e37aeda-012a-4cf2-9ef3-d6c8ce1fdb36""]","[""1016O0146""]",[],"[""56823""]","[""VARIANT""]","[""114A124""]","[""Samenleving, Taal en Cultuur"",""Society, Language and Culture""]",[],step1-no-ambiguity,[],[],[],row-72,{}
cp-000070,70,69,Scheikunde,radboud,"[""radboud""]",standard,active,true,180,,"[""ENG""]","[""VOLTIJD""]","[""Nijmegen""]",,[73],"[""d3fbb1a0-6025-4246-9238-a651f8b31c86""]","[""1001O6126""]","[""56943""]",[],"[""OPLEIDING""]","[""114A127""]","[""Chemistry"",""Scheikunde""]",[],step1-no-ambiguity,[],[],[],row-73,{}
cp-000071,71,70,Sociologie,radboud,"[""radboud""]",standard,active,true,180,,"[""NLD""]","[""VOLTIJD""]","[""Nijmegen""]",,[74],"[""a47a4d00-7fcf-4092-acac-656f1a48813f""]","[""1001O5926""]","[""56601""]",[],"[""OPLEIDING""]","[""114A129""]","[""Sociologie"",""Sociology""]",[],step1-no-ambiguity,[],[],[],row-74,{}
cp-000072,72,71,Spaanse Taal en Cultuur,radboud,"[""radboud""]",standard,active,true,180,,"[""NLD""]","[""VOLTIJD""]","[""Nijmegen""]",,[75],"[""83deace9-f7a1-47eb-b138-44bdb6499682""]","[""1015O6483""]",[],"[""56074""]","[""VARIANT""]","[""114A124""]","[""Spaanse Taal en Cultuur"",""Spanish Language and Culture""]",[],step1-no-ambiguity,[],[],[],row-75,{}
cp-000073,73,72,Taalwetenschap,radboud,"[""radboud""]",standard,active,true,180,,"[""NLD""]","[""VOLTIJD""]","[""Nijmegen""]",,[76],"[""07deb57c-52b5-4707-b755-9f7a884062c3""]","[""1001O5997""]","[""56803""]",[],"[""OPLEIDING""]","[""114A124""]","[""Taalwetenschap"",""Linguistics""]",[],step1-no-ambiguity,[],[],[],row-76,{}
cp-000074,74,73,Tandheelkunde,radboud,"[""radboud""]",standard,active,true,180,,"[""NLD""]","[""VOLTIJD""]","[""Nijmegen""]",,[77],"[""046b1fee-e4b6-49d4-8ec6-6c6c667eeca8""]","[""1001O5918""]","[""56560""]",[],"[""OPLEIDING""]","[""114A126""]","[""Tandheelkunde"",""Dentistry""]",[],step1-no-ambiguity,[],[],[],row-77,{}
cp-000075,75,74,Theologie,radboud,"[""radboud""]",standard,active,true,180,,"[""NLD""]","[""VOLTIJD"",""DEELTIJD""]","[""Nijmegen""]",,[78],"[""ba0182f6-7593-48de-98a6-64ef86114a23"",""cefb4922-5684-4ad3-b71e-5e3e7117bbf6""]","[""1016O6839"",""1016O6838""]",[],"[""56109""]","[""VARIANT""]","[""114A122""]","[""Theologie"",""Theology""]",[],step2-resolved,"[""rc-0010""]","[""src-ru-theology""]","[""https://www.ru.nl/opleidingen/bachelors/theologie""]",ru-theologie,"{""study_load_ec"":180,""languages"":[""NLD""],""modes"":[""VOLTIJD"",""DEELTIJD""]}"
cp-000076,76,75,Wiskunde,radboud,"[""radboud""]",standard,active,true,180,,"[""NLD""]","[""VOLTIJD""]","[""Nijmegen""]",,[79],"[""b444f4a9-c747-48ae-b222-5793e7f31fd3""]","[""1001O6181""]","[""56980""]",[],"[""OPLEIDING""]","[""114A127""]","[""Wiskunde"",""Mathematics""]",[],step1-no-ambiguity,[],[],[],row-79,{}
cp-000077,77,76,"B Aarde, Economie en Duurzaamheid",vu,"[""vu""]",standard,active,true,180,,"[""NLD""]","[""VOLTIJD""]","[""Amsterdam""]",,[80],"[""97609a36-3604-454a-a51e-b389d2bfa005""]","[""1001O5722""]","[""50668""]",[],"[""OPLEIDING""]","[""111A136""]","[""Aarde, Economie en Duurzaamheid"",""B Aarde, Economie en Duurzaamheid"",""Earth Sciences, Economics and Sustainability""]",[],step1-no-ambiguity,[],[],[],row-80,{}
cp-000078,78,77,B Aardwetenschappen,vu,"[""vu""]",standard,active,true,180,,"[""NLD""]","[""VOLTIJD""]","[""Amsterdam""]",,[81],"[""cd13c113-8eb8-49aa-a380-fb7b999983fb""]","[""1001O6196""]","[""56986""]",[],"[""OPLEIDING""]","[""111A136""]","[""Aardwetenschappen"",""B Aardwetenschappen"",""Earth Sciences""]",[],step1-no-ambiguity,[],[],[],row-81,{}
cp-000079,79,78,B Archeologie,vu,"[""vu""]",standard,active,true,180,,"[""NLD""]","[""VOLTIJD""]","[""Amsterdam""]",,[82],"[""5edccba3-01b4-4e30-b323-84554b6339a9""]","[""1001O5981""]","[""56703""]",[],"[""OPLEIDING""]","[""111A136""]","[""Archeologie"",""B Archeologie"",""Archaeology""]",[],step1-no-ambiguity,[],[],[],row-82,{}
cp-000080,80,79,B Artificial Intelligence,vu,"[""vu""]",standard,active,true,180,,"[""ENG""]","[""VOLTIJD""]","[""Amsterdam""]",,[83],"[""1c27cc8b-ffad-48e4-9ff6-69186f31944d""]","[""1001O6128""]","[""56945""]",[],"[""OPLEIDING""]","[""111A136""]","[""Artificial Intelligence"",""B Artificial Intelligence""]",[],step1-no-ambiguity,[],[],[],row-83,{}
cp-000081,81,80,B Bedrijfskunde,vu,"[""vu""]",standard,active,true,180,,"[""NLD""]","[""VOLTIJD""]","[""Amsterdam""]",,[84],"[""01508adf-22fa-47e1-a7a7-d26506a6344c""]","[""1001O5714""]","[""50645""]",[],"[""OPLEIDING""]","[""111A136""]","[""Bedrijfskunde"",""B Bedrijfskunde"",""Business Administration""]",[],step1-no-ambiguity,[],[],[],row-84,{}
cp-000082,82,81,B Bestuurs- en Organisatiewetenschap,vu,"[""vu""]",standard,active,true,180,,"[""NLD""]","[""VOLTIJD""]","[""Amsterdam""]",,[85],"[""baac29d0-a222-4cd1-a028-a8a8c8d06af4""]","[""1001O5627""]","[""50007""]",[],"[""OPLEIDING""]","[""111A136""]","[""Bestuurs- en Organisatiewetenschap"",""B Bestuurs- en Organisatiewetenschap"",""Public Administration and Organization Science""]",[],step1-no-ambiguity,[],[],[],row-85,{}
cp-000083,83,82,B Bewegingswetenschappen,vu,"[""vu""]",standard,active,true,180,,"[""NLD""]","[""VOLTIJD""]","[""Amsterdam""]",,[86],"[""2327073f-1a0a-4cee-8595-2dca36242c0f""]","[""1001O6135""]","[""56950""]",[],"[""OPLEIDING""]","[""111A136""]","[""Bewegingswetenschappen"",""B Bewegingswetenschappen"",""Human Movement Sciences""]",[],step1-no-ambiguity,[],[],[],row-86,{}
cp-000084,84,83,B Biologie,vu,"[""vu""]",standard,active,true,180,,"[""NLD""]","[""VOLTIJD""]","[""Amsterdam""]",,[87],"[""8789f120-addb-482e-a0d1-a0bd65411e05""]","[""1001O6122""]","[""56860""]",[],"[""OPLEIDING""]","[""111A136""]","[""Biologie"",""B Biologie"",""Biology""]",[],step1-no-ambiguity,[],[],[],row-87,{}
cp-000085,85,84,Biomedical Sciences,vu,"[""vu""]",standard,active,true,180,,"[""NLD""]","[""VOLTIJD""]","[""Amsterdam""]",,[88],"[""ce95e488-4fb0-4673-ad37-593a42a45b6d""]","[""1001O6233""]","[""59324""]",[],"[""OPLEIDING""]","[""111A136""]","[""Biomedical Sciences"",""B Biomedical Sciences""]",[],step2-resolved,"[""rc-0011""]","[""src-vu-biomed""]","[""https://vu.nl/en/education/bachelor/biomedical-sciences/Admissions""]",vu-biomedical-sciences,"{""study_load_ec"":180,""languages"":[""NLD""],""modes"":[""VOLTIJD""],""language_change_effective"":""2026-2027""}"
cp-000086,86,85,Business Analytics,vu,"[""vu""]",standard,active,true,180,,"[""ENG""]","[""VOLTIJD"",""DEELTIJD""]","[""Amsterdam""]",,"[89,90]","[""82668260-7bb1-4df7-a78e-58e997ad50b5"",""9462caa7-abc2-4ee7-bcb4-b8c63dee5b8d""]","[""1001O6110""]","[""56856""]",[],"[""OPLEIDING""]","[""111A136""]","[""Business Analytics"",""B Business Analytics"",""B Business Analytics (deeltijd)""]",[],step2-resolved,"[""rc-0079""]","[""src-vu-business-analytics""]","[""https://vu.nl/en/education/bachelor/business-analytics/admissions""]",vu-business-analytics,"{""study_load_ec"":180,""languages"":[""ENG""],""modes"":[""VOLTIJD"",""DEELTIJD""]}"
cp-000087,87,86,B Communicatie & Informatiewetenschappen,vu,"[""vu""]",standard,active,true,180,,"[""NLD""]","[""VOLTIJD""]","[""Amsterdam""]",,[91],"[""49da5a24-ec09-4a87-9967-7879ca73da76""]","[""1001O6058""]","[""56826""]",[],"[""OPLEIDING""]","[""111A136""]","[""Communicatie- en Informatiewetenschappen"",""B Communicatie & Informatiewetenschappen"",""Communication and Information Studies""]",[],step1-no-ambiguity,[],[],[],row-91,{}
cp-000088,88,87,Communication Science / Communicatiewetenschap,vu,"[""vu""]",standard,active,true,180,,"[""ENG"",""NLD""]","[""VOLTIJD""]","[""Amsterdam""]",,"[92,93]","[""492cf5b7-8a2a-430f-90fe-9485f79d12c4"",""7fc2e861-5f38-46fb-b85e-4dd564a29527""]","[""1001O5960""]","[""56615""]",[],"[""OPLEIDING""]","[""111A136""]","[""Communicatiewetenschap"",""B Communicatiewetenschap"",""B Communication Science"",""Communication Science""]",[],step2-resolved,"[""rc-0077""]","[""src-vu-commsci""]","[""https://vu.nl/en/education/bachelor/communication-science""]",vu-communication-science,"{""study_load_ec"":180,""languages"":[""ENG"",""NLD""],""modes"":[""VOLTIJD""]}"
cp-000089,89,88,B Computer Science,vu,"[""vu""]",standard,active,true,180,,"[""ENG""]","[""VOLTIJD""]","[""Amsterdam""]",,[94],"[""81223d0d-15f7-4c76-a73f-7dd0abc449e0""]","[""1001O5694""]","[""50426""]",[],"[""OPLEIDING""]","[""111A136""]","[""Computer Science"",""B Computer Science""]",[],step1-no-ambiguity,[],[],[],row-94,{}
cp-000090,90,89,B Criminologie,vu,"[""vu""]",standard,active,true,180,,"[""NLD""]","[""VOLTIJD""]","[""Amsterdam""]",,[95],"[""abfae861-2119-46ae-8c1f-e12bbaca4f06""]","[""1001O5901""]","[""56469""]",[],"[""OPLEIDING""]","[""111A136""]","[""Criminologie"",""B Criminologie"",""Criminology""]",[],step1-no-ambiguity,[],[],[],row-95,{}
cp-000091,91,90,Cultural Anthropology and Development Sociology,vu,"[""vu""]",standard,active,true,180,,"[""ENG"",""NLD""]","[""VOLTIJD""]","[""Amsterdam""]",,"[96,97]","[""672aad0c-6c9e-44a6-a731-a75629f4364d"",""788cccf7-c0a9-4730-ac05-9037db20c33c""]","[""1001O5654""]","[""50035""]",[],"[""OPLEIDING""]","[""111A136""]","[""Culturele Antropologie en Ontwikkelingssociologie"",""B Cultural Anthropology and Dev. Soc."",""B Culturele Antropologie en Ontw. Soc."",""Cultural Anthropology and Development Sociology""]",[],step2-resolved,"[""rc-0067""]","[""src-vu-anthro""]","[""https://vu.nl/en/education/bachelor/cultural-anthropology-and-development-sociology""]",vu-cultural-anthropology,"{""study_load_ec"":180,""languages"":[""ENG"",""NLD""],""modes"":[""VOLTIJD""],""relationship"":""language tracks of one bachelor""}"
cp-000092,92,91,B Econometrics and Data Science,vu,"[""vu""]",standard,active,true,180,,"[""NLD""]","[""VOLTIJD""]","[""Amsterdam""]",,[98],"[""c6d01b42-fe52-491a-96ed-13245079dc31""]","[""1001O8891""]","[""59332""]",[],"[""OPLEIDING""]","[""111A136""]","[""Econometrics and Data Science"",""B Econometrics and Data Science""]",[],step1-no-ambiguity,[],[],[],row-98,{}
cp-000093,93,92,B Econometrie en Operationele Research,vu,"[""vu""]",standard,active,true,180,,"[""NLD""]","[""VOLTIJD""]","[""Amsterdam""]",,[99],"[""1af3b60d-3605-446d-a0b5-ca6daa94a987""]","[""1001O6080""]","[""56833""]",[],"[""OPLEIDING""]","[""111A136""]","[""Econometrie en Operationele Research"",""B Econometrie en Operationele Research"",""Econometrics and Operations Research""]",[],step1-no-ambiguity,[],[],[],row-99,{}
cp-000094,94,93,B Economie en bedrijfseconomie,vu,"[""vu""]",standard,active,true,180,,"[""NLD""]","[""VOLTIJD""]","[""Amsterdam""]",,[100],"[""6fad83f4-b1ed-4a6a-8fda-4b55501214de""]","[""1001O5765""]","[""50950""]",[],"[""OPLEIDING""]","[""111A136""]","[""Economie en Bedrijfseconomie"",""B Economie en bedrijfseconomie"",""Economics and Business Economics""]",[],step1-no-ambiguity,[],[],[],row-100,{}
cp-000095,95,94,B Farmaceutische Wetenschappen,vu,"[""vu""]",standard,active,true,180,,"[""NLD""]","[""VOLTIJD""]","[""Amsterdam""]",,[101],"[""949d90e8-8f3d-4e81-a85d-30ccce2d0ac6""]","[""1001O6202""]","[""56989""]",[],"[""OPLEIDING""]","[""111A136""]","[""Farmaceutische Wetenschappen"",""B Farmaceutische Wetenschappen"",""Pharmaceutical Sciences""]",[],step1-no-ambiguity,[],[],[],row-101,{}
cp-000096,96,95,Philosophy,vu,"[""vu""]",standard,active,true,180,,"[""ENG""]","[""VOLTIJD"",""DEELTIJD""]","[""Amsterdam""]",,"[102,103]","[""798a0b06-9b15-4570-adf1-c7a67dce0e0c"",""b47b12d0-5a51-4fcd-8fdb-7c897f6da093""]","[""1001O5842""]","[""56081""]",[],"[""OPLEIDING""]","[""111A136""]","[""Filosofie"",""B Filosofie"",""B Filosofie (deeltijd, Nederlands)"",""Philosophy""]",[],step2-resolved,"[""rc-0071""]","[""src-vu-philosophy""]","[""https://vu.nl/en/education/bachelor/philosophy/admissions""]",vu-philosophy,"{""study_load_ec"":180,""languages"":[""ENG""],""modes"":[""VOLTIJD"",""DEELTIJD""]}"
cp-000097,97,96,B Geneeskunde,vu,"[""vu""]",standard,active,true,180,,"[""NLD""]","[""VOLTIJD""]","[""Amsterdam""]",,[104],"[""fbb226a6-634b-4f94-b54d-de1f324bd4ed""]","[""1001O5909""]","[""56551""]",[],"[""OPLEIDING""]","[""111A136""]","[""Geneeskunde"",""B Geneeskunde"",""Medicine""]",[],step1-no-ambiguity,[],[],[],row-104,{}
cp-000098,98,97,B Geschiedenis,vu,"[""vu""]",standard,active,true,180,,"[""NLD""]","[""VOLTIJD""]","[""Amsterdam""]",,[105],"[""1ee5aa6e-d0f6-42dd-bdc1-2e1958f1d2ce""]","[""1001O5821""]","[""56034""]",[],"[""OPLEIDING""]","[""111A136""]","[""Geschiedenis"",""B Geschiedenis"",""History""]",[],step1-no-ambiguity,[],[],[],row-105,{}
cp-000099,99,98,B Gezondheid en Leven,vu,"[""vu""]",standard,active,true,180,,"[""ENG""]","[""VOLTIJD""]","[""Amsterdam""]",,[106],"[""48685113-c28b-469a-82b7-c00d001e5852""]","[""1001O5702""]","[""50509""]",[],"[""OPLEIDING""]","[""111A136""]","[""Gezondheid en Leven"",""B Gezondheid en Leven"",""Health and Life Sciences""]",[],step1-no-ambiguity,[],[],[],row-106,{}
cp-000100,100,99,B Gezondheidswetenschappen,vu,"[""vu""]",standard,active,true,180,,"[""NLD""]","[""VOLTIJD""]","[""Amsterdam""]",,[107],"[""0ac3ddc1-1440-4048-a3fd-b97b075cf11d""]","[""1001O5914""]","[""56553""]",[],"[""OPLEIDING""]","[""111A136""]","[""Gezondheidswetenschappen"",""B Gezondheidswetenschappen"",""Health Sciences""]",[],step1-no-ambiguity,[],[],[],row-107,{}
cp-000101,101,100,B Griekse en Latijnse Taal en Cultuur,vu,"[""vu""]",standard,active,true,180,,"[""NLD""]","[""VOLTIJD""]","[""Amsterdam""]",,[108],"[""dc6b3bf0-d131-480c-82b8-60369d14b576""]","[""1001O5808""]","[""56003""]",[],"[""OPLEIDING""]","[""111A136""]","[""Griekse en Latijnse Taal en Cultuur"",""B Griekse en Latijnse Taal en Cultuur"",""Greek and Latin Languages and Cultures""]",[],step1-no-ambiguity,[],[],[],row-108,{}
cp-000102,102,101,B International Business Administration,vu,"[""vu""]",standard,active,true,180,,"[""ENG""]","[""VOLTIJD""]","[""Amsterdam""]",,[109],"[""b1c00a7f-44c2-4c52-8577-65f8a2ff74a6""]","[""1001O5772""]","[""50952""]",[],"[""OPLEIDING""]","[""111A136""]","[""International Business Administration"",""B International Business Administration""]",[],step1-no-ambiguity,[],[],[],row-109,{}
cp-000103,103,102,B Law in Society,vu,"[""vu""]",standard,active,true,180,,"[""ENG""]","[""VOLTIJD""]","[""Amsterdam""]",,[110],"[""cf47c510-0742-48a4-a988-b2aa491784af""]","[""1001O6241""]","[""59334""]",[],"[""OPLEIDING""]","[""111A136""]","[""Law in Society"",""B Law in Society""]",[],step1-no-ambiguity,[],[],[],row-110,{}
cp-000104,104,103,B Literatuur en Samenleving,vu,"[""vu""]",standard,active,true,180,,"[""NLD""]","[""VOLTIJD""]","[""Amsterdam""]",,[111],"[""e8cddac0-95ea-4733-b318-f664457447c8""]","[""1001O5802""]","[""55823""]",[],"[""OPLEIDING""]","[""111A136""]","[""Literatuur en Samenleving"",""B Literatuur en Samenleving"",""Literature and Society""]",[],step1-no-ambiguity,[],[],[],row-111,{}
cp-000105,105,104,Mathematics,vu,"[""vu""]",standard,active,true,180,,"[""ENG""]","[""VOLTIJD"",""DEELTIJD""]","[""Amsterdam""]",,"[112,113]","[""44db7501-62ed-4d02-ace4-95480fd96ef4"",""e07f169b-eaa6-4fd7-aaeb-23aeed81b942""]","[""1001O6232""]","[""59322""]",[],"[""OPLEIDING""]","[""111A136""]","[""Mathematics"",""B Mathematics"",""B Mathematics (deeltijd)""]",[],step2-resolved,"[""rc-0082""]","[""src-vu-mathematics""]","[""https://vu.nl/en/education/bachelor/mathematics/Curriculum""]",vu-mathematics,"{""study_load_ec"":180,""languages"":[""ENG""],""modes"":[""VOLTIJD"",""DEELTIJD""]}"
cp-000106,106,105,"B Media, Kunst, Design en Architectuur",vu,"[""vu""]",standard,active,true,180,,"[""NLD""]","[""VOLTIJD""]","[""Amsterdam""]",,[114],"[""6f904f64-ad55-4430-8a47-2881f14dd028""]","[""1001O5801""]","[""55822""]",[],"[""OPLEIDING""]","[""111A136""]","[""Media, Kunst, Design en Architectuur"",""B Media, Kunst, Design en Architectuur"",""Media, Art, Design and Architecture""]",[],step1-no-ambiguity,[],[],[],row-114,{}
cp-000107,107,106,B Medische Natuurwetenschappen,vu,"[""vu""]",standard,active,true,180,,"[""NLD""]","[""VOLTIJD""]","[""Amsterdam""]",,[115],"[""9c3b380b-9334-458d-bef8-015d7e3fa931""]","[""1001O5745""]","[""50800""]",[],"[""OPLEIDING""]","[""111A136""]","[""Medische Natuurwetenschappen"",""B Medische Natuurwetenschappen"",""Medical Natural Sciences""]",[],step1-no-ambiguity,[],[],[],row-115,{}
cp-000108,108,107,B Notarieel recht,vu,"[""vu""]",standard,active,true,180,,"[""NLD""]","[""VOLTIJD""]","[""Amsterdam""]",,[116],"[""48816250-821e-4dfd-86b2-6c417e4cb490""]","[""1001O6070""]","[""56828""]",[],"[""OPLEIDING""]","[""111A136""]","[""Notarieel Recht"",""B Notarieel recht"",""Notarial Law""]",[],step1-no-ambiguity,[],[],[],row-116,{}
cp-000109,109,108,B Oudheidwetenschappen,vu,"[""vu""]",standard,active,true,180,,"[""NLD""]","[""VOLTIJD""]","[""Amsterdam""]",,[117],"[""d2feb082-cf6c-489d-8628-7397830ab151""]","[""1001O5983""]","[""56704""]",[],"[""OPLEIDING""]","[""111A136""]","[""Oudheidwetenschappen"",""B Oudheidwetenschappen"",""Ancient Studies""]",[],step1-no-ambiguity,[],[],[],row-117,{}
cp-000110,110,109,B Pedagogische wetenschappen,vu,"[""vu""]",standard,active,true,180,,"[""NLD""]","[""VOLTIJD""]","[""Amsterdam""]",,[118],"[""94b45eb4-070f-4577-a6c3-70b298a3c94e""]","[""1001O5948""]","[""56607""]",[],"[""OPLEIDING""]","[""111A136""]","[""Pedagogische Wetenschappen"",""B Pedagogische wetenschappen"",""Pedagogical Sciences""]",[],step1-no-ambiguity,[],[],[],row-118,{}
cp-000111,111,110,"B Philosophy, Politics and Economics",vu,"[""vu""]",standard,active,true,180,,"[""ENG""]","[""VOLTIJD""]","[""Amsterdam""]",,[119],"[""21d5268e-6416-4441-8e93-b47e04d3c94f""]","[""1001O5779""]","[""54999""]",[],"[""OPLEIDING""]","[""111A136""]","[""Philosophy, Politics and Economics"",""B Philosophy, Politics and Economics""]",[],step1-no-ambiguity,[],[],[],row-119,{}
cp-000112,112,111,Political Science: Global Politics,vu,"[""vu""]",standard,active,true,180,,"[""ENG""]","[""VOLTIJD""]","[""Amsterdam""]",,[120],"[""801e07a1-fac2-4d6c-b283-2dc654ccfd2c""]","[""1001O5941""]","[""56606""]",[],"[""OPLEIDING""]","[""111A136""]","[""Politicologie"",""B Political Science"",""Political Science""]",[],step2-resolved-split,"[""rc-0074""]","[""src-vu-pol-nl"",""src-vu-pol-en""]","[""https://vu.nl/nl/onderwijs/bachelor/politicologie"",""https://vu.nl/en/education/bachelor/political-science-global-politics""]",vu-political-science-two-tracks--1,"{""study_load_ec"":180,""targets"":[{""language"":""NLD"",""focus"":""national politics and governance""},{""language"":""ENG"",""focus"":""global politics""}]}"
cp-000113,113,112,Politicologie: Nationale Politiek en Bestuur,vu,"[""vu""]",standard,active,true,180,,"[""NLD""]","[""VOLTIJD""]","[""Amsterdam""]",,[121],"[""c619837a-5628-4312-b0cf-7fa49962fcc5""]","[""1001O5941""]","[""56606""]",[],"[""OPLEIDING""]","[""111A136""]","[""Politicologie"",""B Politicologie"",""Political Science""]",[],step2-resolved-split,"[""rc-0074""]","[""src-vu-pol-nl"",""src-vu-pol-en""]","[""https://vu.nl/nl/onderwijs/bachelor/politicologie"",""https://vu.nl/en/education/bachelor/political-science-global-politics""]",vu-political-science-two-tracks--2,"{""study_load_ec"":180,""targets"":[{""language"":""NLD"",""focus"":""national politics and governance""},{""language"":""ENG"",""focus"":""global politics""}]}"
cp-000114,114,113,B Psychologie,vu,"[""vu""]",standard,active,true,180,,"[""NLD""]","[""VOLTIJD""]","[""Amsterdam""]",,[122],"[""a58a6d57-e4fd-4c0c-9612-dc56d44c01cc""]","[""1001O5935""]","[""56604""]",[],"[""OPLEIDING""]","[""111A136""]","[""Psychologie"",""B Psychologie"",""Psychology""]",[],step1-no-ambiguity,[],[],[],row-122,{}
cp-000115,115,114,B Rechtsgeleerdheid,vu,"[""vu""]",standard,active,true,180,,"[""NLD""]","[""VOLTIJD""]","[""Amsterdam""]",,[123],"[""83735250-73b2-43ed-99ee-d4d48ac78fab""]","[""1001O5730""]","[""50700""]",[],"[""OPLEIDING""]","[""111A136""]","[""Rechtsgeleerdheid"",""B Rechtsgeleerdheid"",""Law""]",[],step1-no-ambiguity,[],[],[],row-123,{}
cp-000116,116,115,"B Science, Business & Innovation",vu,"[""vu""]",standard,active,true,180,,"[""NLD""]","[""VOLTIJD""]","[""Amsterdam""]",,[124],"[""97aeff04-947f-4585-994c-13cfab50f7a4""]","[""1001O5723""]","[""50670""]",[],"[""OPLEIDING""]","[""111A136""]","[""Science, Business & Innovation"",""B Science, Business & Innovation""]",[],step1-no-ambiguity,[],[],[],row-124,{}
cp-000117,117,116,B Sociologie,vu,"[""vu""]",standard,active,true,180,,"[""NLD""]","[""VOLTIJD""]","[""Amsterdam""]",,[125],"[""0269979c-7ce8-424d-8703-8876ada217c9""]","[""1001O5925""]","[""56601""]",[],"[""OPLEIDING""]","[""111A136""]","[""Sociologie"",""B Sociologie"",""Sociology""]",[],step1-no-ambiguity,[],[],[],row-125,{}
cp-000118,118,117,B Tandheelkunde,vu,"[""vu""]",standard,active,true,180,,"[""NLD""]","[""VOLTIJD""]","[""Amsterdam""]",,[126],"[""d7b53240-642a-47d8-afd7-5b3296c30f17""]","[""1001O5917""]","[""56560""]",[],"[""OPLEIDING""]","[""111A136""]","[""Tandheelkunde"",""B Tandheelkunde"",""Dentistry""]",[],step1-no-ambiguity,[],[],[],row-126,{}
cp-000119,119,118,"B Theology and Religious Studies (deeltijd, Nederlands)",vu,"[""vu""]",standard,active,true,180,,"[""NLD""]","[""DEELTIJD""]","[""Amsterdam""]",,[127],"[""bfdac061-51c9-447a-bd1b-2c3a48dcb8a9""]","[""1001O5760""]","[""50910""]",[],"[""OPLEIDING""]","[""111A136""]","[""Theologie en Religiewetenschappen"",""B Theology and Religious Studies (deeltijd, Nederlands)""]",[],step1-no-ambiguity,[],[],[],row-127,{}
cp-000120,120,119,Liberal Arts and Sciences — Amsterdam University College,uva,"[""uva"",""vu""]",joint-degree,active,true,180,,"[""ENG""]","[""VOLTIJD""]","[""Amsterdam""]",,[128],"[""ce9c0cb0-77b0-4c5b-a50e-7774287eb2d5""]","[""1001O5782""]","[""55002""]",[],"[""OPLEIDING""]","[""113A697""]","[""Liberal Arts and Sciences (joint degree)"",""Liberal Arts and Sciences - joint degree UvA-VU""]","[""http://www.auc.nl/""]",step2-resolved,"[""rc-0012""]","[""src-uva-auc""]","[""https://www.uva.nl/en/programmes/bachelors/amsterdam-university-college/amsterdam-university-college.html""]",uva-vu-auc,"{""study_load_ec"":180,""programme_type"":""joint-degree"",""institutions"":[""University of Amsterdam"",""VU Amsterdam""],""languages"":[""ENG""],""modes"":[""VOLTIJD""]}"
cp-000121,121,120,Arts and Culture,um,"[""um""]",standard,active,true,180,,"[""ENG""]","[""VOLTIJD""]","[""Maastricht""]",,"[129,131,136]","[""f03d1769-24ad-4555-bbc6-3f716281f9e8"",""5750ee70-382d-4f8c-b825-7882060bb199"",""0d410b58-f1ed-420d-a6c6-6d82b6b387a5""]","[""1001O5622""]","[""50004""]",[],"[""OPLEIDING""]","[""113A920""]","[""Cultuurwetenschappen"",""BA Cultuurwetenschappen"",""Bachelor Arts and Culture"",""Bachelor Cultuurwetenschappen"",""Arts and Culture""]","[""https://www.maastrichtuniversity.nl/"",""https://www.maastrichtuniversity.nl/nl/onderwijs/bachelor/programmas/arts-and-culture"",""https://curriculum.maastrichtuniversity.nl/nl/onderwijs/bachelor/bachelor-arts-and-culture""]",step2-resolved,"[""rc-0065""]","[""src-um-arts""]","[""https://www.maastrichtuniversity.nl/education/bachelor/programmes/arts-and-culture""]",um-arts-and-culture,"{""languages"":[""ENG""],""modes"":[""VOLTIJD""],""location"":""Maastricht"",""legacy_aliases"":[""Cultuurwetenschappen"",""BA Cultuurwetenschappen""]}"
cp-000122,122,121,Gezondheidswetenschappen,um,"[""um""]",standard,active,true,180,,"[""NLD""]","[""VOLTIJD""]","[""Maastricht""]",,"[130,147]","[""9e8eacc4-3955-4fc7-b13f-da424683833f"",""c2defc5b-8cf2-4001-8c96-df5ac508f306"",""7d5325c8-0ae3-42d7-8f99-c29c7d935b0b""]","[""1001O5913""]","[""56553""]",[],"[""OPLEIDING""]","[""113A920""]","[""Gezondheidswetenschappen"",""BA Gezondheidswetenschappen"",""Bachelor Gezondheidswetenschappen"",""Health Sciences""]","[""https://www.maastrichtuniversity.nl/"",""https://www.maastrichtuniversity.nl/nl/onderwijs/bachelor/programmas/gezondheidswetenschappen""]",step2-resolved,"[""rc-0072""]","[""src-um-health""]","[""https://www.maastrichtuniversity.nl/education/bachelor/programmes/health-sciences""]",um-gezondheidswetenschappen,"{""display_alias"":""Health Sciences"",""languages"":[""NLD""],""modes"":[""VOLTIJD""],""location"":""Maastricht"",""stale_source_attributes"":[""ENG"",""DEELTIJD""]}"
cp-000123,123,122,Bachelor Biomedische Wetenschappen,um,"[""um""]",standard,active,true,180,,"[""ENG""]","[""VOLTIJD""]","[""Maastricht""]",,[132],"[""fdb94688-350c-4d42-a01b-ee8552c029f9""]","[""1001O6205""]","[""56990""]",[],"[""OPLEIDING""]","[""113A920""]","[""Biomedische Wetenschappen"",""Bachelor Biomedische Wetenschappen"",""Biomedical Sciences""]","[""https://www.maastrichtuniversity.nl/nl/onderwijs/bachelor/programmas/biomedical-sciences""]",step1-no-ambiguity,[],[],[],row-132,{}
cp-000124,124,123,Bachelor Brain Science,um,"[""um""]",standard,active,true,180,,"[""ENG""]","[""VOLTIJD""]","[""Maastricht""]",,[133],"[""73df6be6-05c9-4758-a20c-0c2f55b07cff""]","[""1001O8867""]","[""59347""]",[],"[""OPLEIDING""]","[""113A920""]","[""Brain Science"",""Bachelor Brain Science""]","[""https://curriculum.maastrichtuniversity.nl/education/bachelor/brain-science""]",step1-no-ambiguity,[],[],[],row-133,{}
cp-000125,125,124,Bachelor Business Analytics,um,"[""um""]",standard,active,true,180,,"[""ENG""]","[""VOLTIJD""]","[""Maastricht""]",,[134],"[""3fcc3dcc-2dda-4f09-91d5-11a6d86c2ac4""]","[""1001O6108""]","[""56856""]",[],"[""OPLEIDING""]","[""113A920""]","[""Business Analytics"",""Bachelor Business Analytics""]","[""https://www.maastrichtuniversity.nl/nl/onderwijs/bachelor/programmas/business-analytics""]",step1-no-ambiguity,[],[],[],row-134,{}
cp-000126,126,125,Bachelor Business Engineering,um,"[""um""]",standard,active,true,180,,"[""ENG""]","[""VOLTIJD""]","[""Maastricht""]",,[135],"[""9e5055f1-c75c-4e48-9a17-2b3998df37b6""]","[""1001O5744""]","[""50769""]",[],"[""OPLEIDING""]","[""113A920""]","[""Business Engineering"",""Bachelor Business Engineering""]","[""https://www.maastrichtuniversity.nl/nl/onderwijs/bachelor/programmas/business-engineering""]",step1-no-ambiguity,[],[],[],row-135,{}
cp-000127,127,126,Bachelor Digital Society,um,"[""um""]",standard,active,true,180,,"[""ENG""]","[""VOLTIJD""]","[""Maastricht""]",,[137],"[""5aa27132-30d9-4222-b3e8-172fd5c8e63b""]","[""1001O6244""]","[""59337""]",[],"[""OPLEIDING""]","[""113A920""]","[""Digital Society"",""Bachelor Digital Society""]","[""https://www.maastrichtuniversity.nl/nl/onderwijs/bachelor/programmas/digital-society""]",step1-no-ambiguity,[],[],[],row-137,{}
cp-000128,128,127,Bachelor Econometrics and Operations Research,um,"[""um""]",standard,active,true,180,,"[""ENG""]","[""VOLTIJD""]","[""Maastricht""]",,[138],"[""db672bf4-f5d3-48ee-a6b0-509b1ec114b8""]","[""1001O6078""]","[""56833""]",[],"[""OPLEIDING""]","[""113A920""]","[""Econometrie en Operationele Research"",""Bachelor Econometrics and Operations Research"",""Econometrics and Operations Research""]","[""https://www.maastrichtuniversity.nl/nl/onderwijs/bachelor/programmas/econometrics-operations-research""]",step1-no-ambiguity,[],[],[],row-138,{}
cp-000129,129,128,Bachelor Economics and Business Economics,um,"[""um""]",standard,active,true,180,,"[""ENG""]","[""VOLTIJD""]","[""Maastricht""]",,[139],"[""98f01ad3-9701-4152-b819-039bc4caec19"",""f421ed76-c8b5-4d70-b1a1-748462cd80c7""]","[""1001O5764""]","[""50950""]",[],"[""OPLEIDING""]","[""113A920""]","[""Economie en Bedrijfseconomie"",""Bachelor Economics and Business Economics"",""Economics and Business Economics""]","[""https://www.maastrichtuniversity.nl/"",""https://www.maastrichtuniversity.nl/nl/onderwijs/bachelor/programmas/economics-and-business-economics""]",step1-no-ambiguity,[],[],[],row-139,{}
cp-000130,130,129,European Law School,um,"[""um""]",standard,active,true,180,,"[""ENG""]","[""VOLTIJD""]","[""Maastricht""]",,"[140,141]","[""641651e5-4ba0-47a1-bfa4-c0e81358f7ce"",""16abcb8d-4579-468d-97e4-cb94f05bd24b""]","[""1001O5639""]","[""50017""]",[],"[""OPLEIDING""]","[""113A920""]","[""European Law School"",""Bachelor European Law School"",""Bachelor European Law School (Regular Track)""]","[""https://curriculum.maastrichtuniversity.nl/education/bachelor/bachelor-european-law-school"",""https://www.maastrichtuniversity.nl/""]",step2-resolved,"[""rc-0066""]","[""src-um-els""]","[""https://www.maastrichtuniversity.nl/education/bachelor/programmes/european-law-school""]",um-european-law-school,"{""languages"":[""ENG""],""modes"":[""VOLTIJD""],""location"":""Maastricht"",""legacy_aliases"":[""European Law School (Regular Track)""]}"
cp-000131,131,130,Bachelor European Public Health,um,"[""um""]",standard,active,true,180,,"[""ENG""]","[""VOLTIJD""]","[""Maastricht""]",,[142],"[""5d702972-42da-4826-bf69-6057ab1cd922""]","[""1001O5673""]","[""50296""]",[],"[""OPLEIDING""]","[""113A920""]","[""European Public Health"",""Bachelor European Public Health""]","[""https://www.maastrichtuniversity.nl/nl/onderwijs/bachelor/programmas/european-public-health""]",step1-no-ambiguity,[],[],[],row-142,{}
cp-000132,132,131,Bachelor European Studies,um,"[""um""]",standard,active,true,180,,"[""ENG""]","[""VOLTIJD""]","[""Maastricht""]",,[143],"[""3a5c59eb-5c4f-476c-8f3d-3aae7b270d63""]","[""1001O5829""]","[""56051""]",[],"[""OPLEIDING""]","[""113A920""]","[""Europese Studies"",""Bachelor European Studies"",""European Studies""]","[""https://www.maastrichtuniversity.nl/nl/onderwijs/bachelor/programmas/european-studies""]",step1-no-ambiguity,[],[],[],row-143,{}
cp-000133,133,132,Bachelor Fiscaal Recht,um,"[""um""]",standard,active,true,180,,"[""NLD""]","[""VOLTIJD""]","[""Maastricht""]",,[144],"[""e05f22b5-776c-4c95-8346-dc3fe42bef3c""]","[""1001O6064""]","[""56827""]",[],"[""OPLEIDING""]","[""113A920""]","[""Fiscaal Recht"",""Bachelor Fiscaal Recht"",""Tax Law""]","[""https://www.maastrichtuniversity.nl/nl/onderwijs/bachelor/programmas/fiscaal-recht""]",step1-no-ambiguity,[],[],[],row-144,{}
cp-000134,134,133,Bachelor Fiscal Economics,um,"[""um""]",standard,active,true,180,,"[""ENG""]","[""VOLTIJD""]","[""Maastricht""]",,[145],"[""2519a3dd-7720-4d3f-b7c1-e5fc29a200fe""]","[""1001O5886""]","[""56402""]",[],"[""OPLEIDING""]","[""113A920""]","[""Fiscale Economie"",""Bachelor Fiscal Economics"",""Fiscal Economics""]","[""https://www.maastrichtuniversity.nl/""]",step1-no-ambiguity,[],[],[],row-145,{}
cp-000135,135,134,Bachelor Geneeskunde,um,"[""um""]",standard,active,true,180,,"[""NLD""]","[""VOLTIJD""]","[""Maastricht""]",,[146],"[""d3a4ee63-3b1d-4b81-9551-f750ddde9841""]","[""1001O5907""]","[""56551""]",[],"[""OPLEIDING""]","[""113A920""]","[""Geneeskunde"",""Bachelor Geneeskunde"",""Medicine""]","[""https://www.maastrichtuniversity.nl/nl/onderwijs/bachelor/programmas/geneeskunde""]",step1-no-ambiguity,[],[],[],row-146,{}
cp-000136,136,135,Bachelor Global Studies,um,"[""um""]",standard,active,true,180,,"[""ENG""]","[""VOLTIJD""]","[""Maastricht""]",,[148],"[""a53209d3-eeb2-4362-9092-e1924ec84565""]","[""1001O6246""]","[""59339""]",[],"[""OPLEIDING""]","[""113A920""]","[""Global Studies"",""Bachelor Global Studies""]","[""https://www.maastrichtuniversity.nl/nl/onderwijs/bachelor/programmas/global-studies""]",step1-no-ambiguity,[],[],[],row-148,{}
cp-000137,137,136,Bachelor International Business,um,"[""um""]",standard,active,true,180,,"[""ENG""]","[""VOLTIJD""]","[""Maastricht""]",,[149],"[""c7cb1b01-d9a8-43e6-9355-9a9f46fe9dec""]","[""1001O5643""]","[""50019""]",[],"[""OPLEIDING""]","[""113A920""]","[""International Business"",""Bachelor International Business""]","[""https://www.maastrichtuniversity.nl/nl/onderwijs/bachelor/programmas/international-business""]",step1-no-ambiguity,[],[],[],row-149,{}
cp-000138,138,137,University College Maastricht,um,"[""um""]",standard,active,true,180,,"[""ENG""]","[""VOLTIJD""]","[""Maastricht""]",,[150],"[""fd3c72b5-6a80-44d6-b1aa-c0cb9c2d3a12""]","[""1001O5683""]","[""50393""]",[],"[""OPLEIDING""]","[""113A920""]","[""Liberal Arts and Sciences"",""Bachelor Liberal Arts and Sciences / University College Maastricht""]","[""https://www.maastrichtuniversity.nl/nl/onderwijs/bachelor/programmas/university-college-maastricht""]",step2-resolved-split,"[""rc-0068""]","[""src-um-ucm"",""src-um-ucv"",""src-um-msp""]","[""https://www.maastrichtuniversity.nl/education/bachelor/programmes/university-college-maastricht"",""https://www.maastrichtuniversity.nl/education/bachelor/programmes/university-college-venlo"",""https://www.maastrichtuniversity.nl/education/bachelor/programmes/maastricht-science-programme""]",um-las-three-targets--1,"{""shared_legal_programme_code"":""50393"",""reason_for_split"":""distinct current student-facing programmes with different locations and substantive profiles""}"
cp-000139,139,138,University College Venlo,um,"[""um""]",standard,active,true,180,,"[""ENG""]","[""VOLTIJD""]","[""Venlo""]",,[151],"[""c1d90502-0f43-42d1-8af0-f2bdb8b06925""]","[""1001O5683""]","[""50393""]",[],"[""OPLEIDING""]","[""113A920""]","[""Liberal Arts and Sciences"",""Bachelor Liberal Arts and Sciences / University College Venlo""]","[""https://www.maastrichtuniversity.nl/nl/onderwijs/bachelor/programmas/university-college-venlo""]",step2-resolved-split,"[""rc-0068""]","[""src-um-ucm"",""src-um-ucv"",""src-um-msp""]","[""https://www.maastrichtuniversity.nl/education/bachelor/programmes/university-college-maastricht"",""https://www.maastrichtuniversity.nl/education/bachelor/programmes/university-college-venlo"",""https://www.maastrichtuniversity.nl/education/bachelor/programmes/maastricht-science-programme""]",um-las-three-targets--2,"{""shared_legal_programme_code"":""50393"",""reason_for_split"":""distinct current student-facing programmes with different locations and substantive profiles""}"
cp-000140,140,139,Bachelor of Science in Circular Engineering,um,"[""um""]",standard,active,true,180,,"[""ENG""]","[""VOLTIJD""]","[""Maastricht""]",,[152],"[""d8acf2b1-a0b8-408b-8e85-b498cb3c6988""]","[""1001O6248""]","[""59341""]",[],"[""OPLEIDING""]","[""113A920""]","[""Circular Engineering"",""Bachelor of Science in Circular Engineering""]","[""https://curriculum.maastrichtuniversity.nl/education/bachelor/circular-engineering""]",step1-no-ambiguity,[],[],[],row-152,{}
cp-000141,141,140,Bachelor of Science in Computer Science,um,"[""um""]",standard,active,true,180,,"[""ENG""]","[""VOLTIJD""]","[""Maastricht""]",,[153],"[""d27e32af-0efb-4648-829b-e35b172e1818""]","[""1001O8805""]","[""50426""]",[],"[""OPLEIDING""]","[""113A920""]","[""Computer Science"",""Bachelor of Science in Computer Science""]","[""https://www.maastrichtuniversity.nl/nl/onderwijs/bachelor/programmas/computer-science""]",step1-no-ambiguity,[],[],[],row-153,{}
cp-000142,142,141,Bachelor of Science in Data Science and Artificial Intelligence,um,"[""um""]",standard,active,true,180,,"[""ENG""]","[""VOLTIJD""]","[""Maastricht""]",,[154],"[""716ae143-098f-4717-b156-b0d3943a7b92""]","[""1001O5675""]","[""50300""]",[],"[""OPLEIDING""]","[""113A920""]","[""Data Science and Artificial Intelligence"",""Bachelor of Science in Data Science and Artificial Intelligence""]","[""https://www.maastrichtuniversity.nl/nl/onderwijs/bachelor/programmas/data-science-and-artificial-intelligence""]",step1-no-ambiguity,[],[],[],row-154,{}
cp-000143,143,142,Psychology,um,"[""um""]",standard,active,true,180,,"[""NLD"",""ENG""]","[""VOLTIJD""]","[""Maastricht""]",,"[155,156]","[""da6e801a-7826-4066-be6e-551d4d4b3365"",""8f225667-a137-4f04-af87-8b39ba14301a""]","[""1001O5933""]","[""56604""]",[],"[""OPLEIDING""]","[""113A920""]","[""Psychologie"",""Bachelor Psychologie"",""Bachelor Psychology English track"",""Psychology""]","[""https://curriculum.maastrichtuniversity.nl/nl/onderwijs/bachelor-psychologie"",""https://curriculum.maastrichtuniversity.nl/education/bachelor/bachelor-psychology""]",step2-resolved,"[""rc-0073""]","[""src-um-psych"",""src-um-psych-admission""]","[""https://www.maastrichtuniversity.nl/education/bachelor/programmes/psychology"",""https://www.maastrichtuniversity.nl/education/bachelor/programmes/psychology/admission-requirements""]",um-psychology,"{""display_aliases"":[""Psychologie""],""languages"":[""NLD"",""ENG""],""modes"":[""VOLTIJD""],""location"":""Maastricht"",""language_versions_current"":true}"
cp-000144,144,143,Rechtsgeleerdheid,um,"[""um""]",standard,active,true,180,,"[""NLD""]","[""VOLTIJD""]","[""Maastricht""]",,[157],"[""01500bba-81d9-45a0-bc40-73c7c1b8b883"",""96bc9a22-5859-48d9-92c8-ea7aa5d6cb17""]","[""1001O5728""]","[""50700""]",[],"[""OPLEIDING""]","[""113A920""]","[""Rechtsgeleerdheid"",""Bachelor Rechtsgeleerdheid"",""Dutch Law""]","[""https://curriculum.maastrichtuniversity.nl/education/bachelor/bachelor-dutch-law"",""https://www.maastrichtuniversity.nl/nl/onderwijs/bachelor/programmas/rechtsgeleerdheid""]",step2-resolved,"[""rc-0013""]","[""src-um-rechts""]","[""https://www.maastrichtuniversity.nl/education/bachelor/programmes/rechtsgeleerdheid/admission-and-enrolment""]",um-rechtsgeleerdheid,"{""study_load_ec"":180,""languages"":[""NLD""],""modes"":[""VOLTIJD""],""stale_source_attribute"":""ENG offering language""}"
cp-000145,145,144,Bachelor Regenerative Medicine and Technology,um,"[""um""]",standard,active,true,180,,"[""ENG""]","[""VOLTIJD""]","[""Maastricht""]",,[158],"[""10e0868a-24e9-4931-85e6-86746d72b4d4""]","[""1001O8844""]","[""59346""]",[],"[""OPLEIDING""]","[""113A920""]","[""Regenerative Medicine and Technology"",""Bachelor Regenerative Medicine and Technology""]","[""https://www.maastrichtuniversity.nl/nl/onderwijs/bachelor/programmas/regenerative-medicine-and-technology""]",step1-no-ambiguity,[],[],[],row-158,{}
cp-000146,146,145,Bachelor Sustainable Bioscience,um,"[""um""]",standard,active,true,180,,"[""ENG""]","[""VOLTIJD""]",[],,[159],"[""7db313c6-39b2-4cf3-8351-aff51f2f14df""]","[""1016O2305""]","[""50478""]",[],"[""OPLEIDING""]","[""113A920""]","[""Sustainable Bioscience"",""Bachelor Sustainable Bioscience""]","[""https://www.maastrichtuniversity.nl/nl/onderwijs/bachelor/programmas/sustainable-bioscience""]",step1-no-ambiguity,[],[],[],row-159,{}
cp-000147,147,146,Urban Sustainability Studies,um,"[""um""]",joint-degree,active,true,180,3,"[""ENG""]","[""VOLTIJD""]","[""Heerlen""]",YUFE,[160],"[""1f54541f-c421-4c9a-9ee8-d3cd965530b9""]","[""1016O2836""]","[""55031""]",[],"[""OPLEIDING""]","[""113A920""]","[""Urban Sustainability Studies (joint degree)"",""Bachelor Urban Sustainability Studies""]","[""https://www.maastrichtuniversity.nl/education/bachelor/programmes/urban-sustainability-studies/admission-and-enrolment""]",step2-resolved,"[""rc-0014""]","[""src-um-uss"",""src-um-uss-news""]","[""https://www.maastrichtuniversity.nl/education/bachelor/programmes/urban-sustainability-studies"",""https://www.maastrichtuniversity.nl/nl/nieuws/open-applications-yufe%E2%80%99s-joint-bachelor-urban-sustainability-studies-20262027""]",um-yufe-urban-sustainability-studies,"{""duration_years"":3,""study_load_ec"":180,""languages"":[""ENG""],""modes"":[""VOLTIJD""],""location"":""Heerlen"",""programme_type"":""joint-degree"",""consortium"":""YUFE"",""first_academic_year"":""2026-2027""}"
cp-000148,148,147,Maastricht Science Programme,um,"[""um""]",standard,active,true,180,,"[""ENG""]","[""VOLTIJD""]","[""Maastricht""]",,[161],"[""42ec19d9-0a2a-4c79-8bb8-0fadbf5b831e""]","[""1001O5683""]","[""50393""]",[],"[""OPLEIDING""]","[""113A920""]","[""Liberal Arts and Sciences"",""Liberal Arts and Sciences / Maastricht Science Programme""]","[""https://www.maastrichtuniversity.nl/nl/onderwijs/bachelor/programmas/maastricht-science-programme""]",step2-resolved-split,"[""rc-0068""]","[""src-um-ucm"",""src-um-ucv"",""src-um-msp""]","[""https://www.maastrichtuniversity.nl/education/bachelor/programmes/university-college-maastricht"",""https://www.maastrichtuniversity.nl/education/bachelor/programmes/university-college-venlo"",""https://www.maastrichtuniversity.nl/education/bachelor/programmes/maastricht-science-programme""]",um-las-three-targets--3,"{""shared_legal_programme_code"":""50393"",""reason_for_split"":""distinct current student-facing programmes with different locations and substantive profiles""}"
cp-000149,149,148,Bachelor Algemene Cultuurwetenschappen,ou,"[""ou""]",standard,active,true,180,,"[""NLD""]","[""DEELTIJD""]",[],,[162],"[""5e92b633-813b-49dd-b340-b29a35d5f94f""]","[""1001O6047""]","[""56823""]",[],"[""OPLEIDING""]","[""111A359""]","[""Algemene Cultuurwetenschappen"",""Bachelor Algemene Cultuurwetenschappen""]","[""https://www.ou.nl/studieaanbod/bcw""]",step1-no-ambiguity,[],[],[],row-162,{}
cp-000150,150,149,Bachelor Bedrijfskunde,ou,"[""ou""]",standard,active,true,180,,"[""NLD""]","[""DEELTIJD""]",[],,[163],"[""5999a0cc-4b7e-403b-9620-5c4f050b158c""]","[""1001O5716""]","[""50645""]",[],"[""OPLEIDING""]","[""111A359""]","[""Bedrijfskunde"",""Bachelor Bedrijfskunde"",""Business Administration""]","[""https://www.ou.nl/studieaanbod/bmob""]",step1-no-ambiguity,[],[],[],row-163,{}
cp-000151,151,150,Informatica,ou,"[""ou""]",standard,active,true,180,,"[""NLD""]","[""DEELTIJD""]",[],,[164],"[""9301643e-650b-4e17-84cf-4e7bb3c81d59""]","[""1001O6175""]","[""56978""]",[],"[""OPLEIDING""]","[""111A359""]","[""Informatica"",""Bachelor Informatica""]","[""https://www.ou.nl/studieaanbod/bti""]",step2-resolved,"[""rc-0015""]","[""src-ou-informatica""]","[""https://www.ou.nl/-/bachelor-informatica-bsc-1""]",ou-informatica,"{""study_load_ec"":180,""languages"":[""NLD""],""modes"":[""DEELTIJD""]}"
cp-000152,152,151,Bachelor Informatiekunde,ou,"[""ou""]",standard,active,true,180,,"[""NLD""]","[""DEELTIJD""]",[],,[165],"[""4804770d-7103-474a-9f79-b4c8c164b9ff""]","[""1001O6101""]","[""56842""]",[],"[""OPLEIDING""]","[""111A359""]","[""Informatiekunde"",""Bachelor Informatiekunde"",""Information Science""]","[""https://www.ou.nl/studieaanbod/bik""]",step1-no-ambiguity,[],[],[],row-165,{}
cp-000153,153,152,Bachelor Milieu-natuurwetenschappen,ou,"[""ou""]",standard,active,true,180,,"[""NLD""]","[""DEELTIJD""]",[],,[166],"[""60218a63-892d-4f34-83f8-7024923498c1""]","[""1001O6200""]","[""56988""]",[],"[""OPLEIDING""]","[""111A359""]","[""Milieu-natuurwetenschappen"",""Bachelor Milieu-natuurwetenschappen"",""Environmental Sciences""]","[""https://www.ou.nl/studieaanbod/bmw""]",step1-no-ambiguity,[],[],[],row-166,{}
cp-000154,154,153,Bachelor Psychologie,ou,"[""ou""]",standard,active,true,180,,"[""NLD""]","[""DEELTIJD""]",[],,[167],"[""0b38acc6-a633-4142-a39c-b7293fa7797e""]","[""1001O5938""]","[""56604""]",[],"[""OPLEIDING""]","[""111A359""]","[""Psychologie"",""Bachelor Psychologie"",""Psychology""]","[""https://www.ou.nl/studieaanbod/bps""]",step1-no-ambiguity,[],[],[],row-167,{}
cp-000155,155,154,Bachelor Rechtsgeleerdheid,ou,"[""ou""]",standard,active,true,180,,"[""NLD""]","[""DEELTIJD""]",[],,[168],"[""c2b0b7f5-d93e-4b30-9bd4-7fdc98312850""]","[""1001O5733""]","[""50700""]",[],"[""OPLEIDING""]","[""111A359""]","[""Rechtsgeleerdheid"",""Bachelor Rechtsgeleerdheid""]","[""https://www.ou.nl/studieaanbod/bnr""]",step1-no-ambiguity,[],[],[],row-168,{}
cp-000156,156,155,Theologie,pthu,"[""pthu""]",standard,active,true,180,,"[""NLD""]","[""VOLTIJD""]","[""Utrecht""]",,[169],"[""8a8ac1ca-8dbc-4ccc-9603-1b491d0e0b76""]","[""1016O1755""]","[""56109""]",[],"[""OPLEIDING""]","[""113A908""]","[""Theologie""]",[],step2-resolved,"[""rc-0016""]","[""src-pthu-bachelor""]","[""https://www.pthu.nl/over-pthu/organisatie/regelingen-en-rechtspositie/oer-bachelor-theologie-2025-2026-utrecht.pdf""]",pthu-theology-utrecht,"{""study_load_ec"":180,""languages"":[""NLD""],""location"":""Utrecht""}"
cp-000157,157,,Theologie (joint degree PThU/VU),pthu,"[""pthu"",""vu""]",joint-degree,teach-out-only,false,180,,[],"[""DEELTIJD"",""VOLTIJD""]","[""Amsterdam""]",,[170],"[""7ec8283e-6bf0-481c-97ee-5902e80e485f"",""bd01dacc-7403-4f20-8f80-bc57d2b8e87c""]","[""1001O5786""]","[""55004""]",[],"[""OPLEIDING""]","[""113A908""]","[""Theologie (joint degree)"",""Theology (joint degree)""]",[],step2-resolved,"[""rc-0017"",""rc-0018"",""rc-0019""]","[""src-pthu-joint"",""src-pthu-regulations""]","[""https://www.pthu.nl/onderwijs/praktische-informatie/examencommissies.whlink/"",""https://www.pthu.nl/over-pthu/organisatie/regelingen-en-rechtspositie/""]",pthu-vu-joint-theology,"{""programme_type"":""joint-degree"",""institutions"":[""Protestant Theological University"",""VU Amsterdam""],""new_enrolment"":false,""replacement"":""PThU Bachelor Theologie, Utrecht""}"
cp-000158,158,156,American Studies,rug,"[""rug""]",standard,active,true,180,,"[""ENG""]","[""VOLTIJD""]","[""Groningen""]",,[171],"[""be251e98-fb14-450f-ab0a-e6c36074c106""]","[""1001O5705""]","[""50623""]",[],"[""OPLEIDING""]","[""113A748""]","[""American Studies""]",[],step1-no-ambiguity,[],[],[],row-171,{}
cp-000159,159,157,Archeologie,rug,"[""rug""]",standard,active,true,180,,"[""NLD""]","[""VOLTIJD""]","[""Groningen""]",,[172],"[""1b7b9120-8520-4517-aa6a-0fa9cfa88a93""]","[""1001O5979""]","[""56703""]",[],"[""OPLEIDING""]","[""113A748""]","[""Archeologie"",""Archaeology""]",[],step1-no-ambiguity,[],[],[],row-172,{}
cp-000160,160,158,Bedrijfskunde,rug,"[""rug""]",standard,active,true,180,,"[""NLD""]","[""VOLTIJD""]","[""Groningen""]",,[173],"[""f25f1b86-400e-4a61-aa61-016f79febb1d""]","[""1001O5711""]","[""50645""]",[],"[""OPLEIDING""]","[""113A748""]","[""Bedrijfskunde"",""Business Administration""]",[],step1-no-ambiguity,[],[],[],row-173,{}
cp-000161,161,159,Bewegingswetenschappen,rug,"[""rug""]",standard,active,true,180,,"[""NLD""]","[""VOLTIJD""]","[""Groningen""]",,[174],"[""e2f255c1-67be-4d9e-a23a-519afc6c6258""]","[""1001O6134""]","[""56950""]",[],"[""OPLEIDING""]","[""113A748""]","[""Bewegingswetenschappen"",""Human Movement Sciences""]",[],step1-no-ambiguity,[],[],[],row-174,{}
cp-000162,162,160,Biologie,rug,"[""rug""]",standard,active,true,180,,"[""ENG""]","[""VOLTIJD""]","[""Groningen""]",,[175],"[""260beda1-04c1-467a-abb5-477579bd5850""]","[""1001O6118""]","[""56860""]",[],"[""OPLEIDING""]","[""113A748""]","[""Biologie"",""Biology""]",[],step1-no-ambiguity,[],[],[],row-175,{}
cp-000163,163,161,Biomedische Technologie,rug,"[""rug""]",standard,active,true,180,,"[""ENG""]","[""VOLTIJD""]","[""Groningen""]",,[176],"[""d9269d1a-3824-4c3e-995b-4cccca0e0d5f""]","[""1001O5871""]","[""56226""]",[],"[""OPLEIDING""]","[""113A748""]","[""Biomedische Technologie"",""Biomedical Engineering""]",[],step1-no-ambiguity,[],[],[],row-176,{}
cp-000164,164,162,Cognitiewetenschappen,rug,"[""rug""]",standard,active,true,180,,"[""ENG""]","[""VOLTIJD"",""DEELTIJD""]","[""Groningen""]",,[177],"[""904dec2c-bde4-407c-a49c-2392218523a3"",""dbaf18f3-6904-4181-b626-edcc1a2b1338""]","[""1016O0160""]",[],"[""57084""]","[""VARIANT""]","[""113A748""]","[""Cognitiewetenschappen"",""Cognitive Sciences""]",[],step1-no-ambiguity,[],[],[],row-177,{}
cp-000165,165,163,Communication and Information Studies,rug,"[""rug""]",standard,active,true,180,,"[""ENG"",""NLD""]","[""VOLTIJD""]","[""Groningen""]",,[178],"[""9a7d3271-edc5-4cb6-b9d6-c0961afb1eb7"",""d5f3bff1-0da9-493b-8fdb-de0f2e57ce8a""]","[""1001O6056""]","[""56826""]",[],"[""OPLEIDING""]","[""113A748""]","[""Communicatie- en Informatiewetenschappen"",""Communication and Information Studies""]",[],step2-resolved,"[""rc-0020""]","[""src-rug-cis""]","[""https://www.rug.nl/bachelors/communication-and-information-studies/?lang=en""]",rug-communication-information-studies,"{""study_load_ec"":180,""languages"":[""ENG"",""NLD""],""modes"":[""VOLTIJD""]}"
cp-000166,166,164,Data Science and Society,rug,"[""rug""]",standard,active,true,180,,"[""ENG""]","[""VOLTIJD""]","[""Leeuwarden""]",,[179],"[""e105b951-f50c-47d6-b509-65bdf8c9c351""]","[""1001O8744""]","[""50982""]",[],"[""OPLEIDING""]","[""113A748""]","[""Data Science and Society""]",[],step1-no-ambiguity,[],[],[],row-179,{}
cp-000167,167,165,Econometrie en Operationele Research,rug,"[""rug""]",standard,active,true,180,,"[""ENG""]","[""VOLTIJD""]","[""Groningen""]",,[180],"[""1c629a16-101a-4443-ab12-892186c9947b""]","[""1001O6076""]","[""56833""]",[],"[""OPLEIDING""]","[""113A748""]","[""Econometrie en Operationele Research"",""Econometrics and Operations Research""]",[],step1-no-ambiguity,[],[],[],row-180,{}
cp-000168,168,166,Economie en Bedrijfseconomie,rug,"[""rug""]",standard,active,true,180,,"[""ENG""]","[""VOLTIJD""]","[""Groningen""]",,[181],"[""a4d4cf7e-8e74-41fc-a8a3-4c66cc26b871""]","[""1001O5761""]","[""50950""]",[],"[""OPLEIDING""]","[""113A748""]","[""Economie en Bedrijfseconomie"",""Economics and Business Economics""]",[],step1-no-ambiguity,[],[],[],row-181,{}
cp-000169,169,167,Economische en Sociale Wetenschappen,rug,"[""rug""]",standard,active,true,180,,"[""ENG""]","[""VOLTIJD"",""DEELTIJD""]","[""Groningen""]",,[182],"[""569ea016-9cbd-48bc-a8e1-0267c100a505"",""6e49dae8-7b6b-4507-99e0-3dbdc03dcfee""]","[""1016O0156""]",[],"[""57084""]","[""VARIANT""]","[""113A748""]","[""Economische en Sociale Wetenschappen"",""Economic and Social Sciences""]",[],step1-no-ambiguity,[],[],[],row-182,{}
cp-000170,170,168,English Language and Culture,rug,"[""rug""]",standard,active,true,180,,"[""ENG""]","[""VOLTIJD""]","[""Groningen""]",,[183],"[""30e12bfc-0a6c-4405-b9a4-44d36fc73867""]","[""1001O5670""]","[""50290""]",[],"[""OPLEIDING""]","[""113A748""]","[""English Language and Culture""]",[],step1-no-ambiguity,[],[],[],row-183,{}
cp-000171,171,169,"European Languages, Cultures and Politics",rug,"[""rug""]",standard,active,true,180,,"[""ENG"",""NLD""]","[""VOLTIJD""]","[""Groningen""]",,[184],"[""82208812-6628-4218-9bc3-75899aa22507"",""ae66d52f-a2cd-4901-a3d9-758d1def7154""]","[""1001O5866""]","[""56124""]",[],"[""OPLEIDING""]","[""113A748""]","[""Europese Talen en Culturen"",""European Languages and Cultures""]",[],step2-resolved,"[""rc-0021""]","[""src-rug-etcp""]","[""https://www.rug.nl/bachelors/european-languages-cultures-and-politics/?lang=en""]",rug-european-languages-cultures-politics,"{""study_load_ec"":180,""languages"":[""ENG"",""NLD""],""modes"":[""VOLTIJD""]}"
cp-000172,172,170,Farmacie,rug,"[""rug""]",standard,active,true,180,,"[""NLD""]","[""VOLTIJD""]","[""Groningen""]",,[185],"[""2de276ca-433d-4a84-babe-b435e9555aab""]","[""1001O5867""]","[""56157""]",[],"[""OPLEIDING""]","[""113A748""]","[""Farmacie"",""Pharmacy""]",[],step1-no-ambiguity,[],[],[],row-185,{}
cp-000173,173,171,Filosofie,rug,"[""rug""]",standard,active,true,180,,"[""NLD""]","[""DEELTIJD"",""VOLTIJD""]","[""Groningen""]",,[186],"[""2acf37c7-02d6-49ef-820d-2efbf5affb19"",""c2a1f8aa-50aa-4915-9af1-b8737d4efa4b""]","[""1001O5838""]","[""56081""]",[],"[""OPLEIDING""]","[""113A748""]","[""Filosofie"",""Philosophy""]",[],step1-no-ambiguity,[],[],[],row-186,{}
cp-000174,174,172,Friese Taal en Cultuur,rug,"[""rug""]",standard,active,true,180,,"[""NLD""]","[""VOLTIJD""]","[""Groningen""]",,[187],"[""eac3899e-592f-4d88-a06d-38c798d53914""]","[""1016O3611""]",[],"[""50479""]","[""VARIANT""]","[""113A748""]","[""Friese Taal en Cultuur""]",[],step1-no-ambiguity,[],[],[],row-187,{}
cp-000175,175,173,Geneeskunde,rug,"[""rug""]",standard,active,true,180,,"[""NLD""]","[""VOLTIJD""]","[""Groningen""]",,[188],"[""f3168827-5498-49fe-b6a3-de8e1d1770fd""]","[""1001O5904""]","[""56551""]",[],"[""OPLEIDING""]","[""113A748""]","[""Geneeskunde"",""Medicine""]",[],step1-no-ambiguity,[],[],[],row-188,{}
cp-000176,176,174,History / Geschiedenis,rug,"[""rug""]",standard,active,true,180,,"[""ENG"",""NLD""]","[""VOLTIJD"",""DEELTIJD""]","[""Groningen""]",,[189],"[""9c581084-e27a-4479-8319-da52b189f6c5"",""b49220e3-6bad-4151-bc7b-26353b11b190"",""bca85496-aabf-4684-a7c9-c8f94ad39a36"",""c6c14e5e-a173-4962-9bfc-c4f2349fbd91""]","[""1001O5817""]","[""56034""]",[],"[""OPLEIDING""]","[""113A748""]","[""Geschiedenis"",""History""]",[],step2-resolved,"[""rc-0022""]","[""src-rug-history""]","[""https://www.rug.nl/bachelors/history/?lang=en""]",rug-history,"{""study_load_ec"":180,""languages"":[""ENG"",""NLD""],""modes"":[""VOLTIJD"",""DEELTIJD""]}"
cp-000177,177,175,Geschiedwetenschap,rug,"[""rug""]",standard,active,true,180,,"[""ENG""]","[""DEELTIJD"",""VOLTIJD""]","[""Groningen""]",,[190],"[""4c1226da-29f8-45a7-abc4-5c7ab0913f97"",""9289061f-cb9e-4003-8fd4-e53b7ed6b88b""]","[""1016O0157""]",[],"[""57084""]","[""VARIANT""]","[""113A748""]","[""Geschiedwetenschap"",""History""]",[],step1-no-ambiguity,[],[],[],row-190,{}
cp-000178,178,176,Global Responsibility and Leadership,rug,"[""rug""]",standard,active,true,180,,"[""ENG""]","[""VOLTIJD""]","[""Leeuwarden""]",,[191],"[""f41491f0-8793-4090-affb-54b5d73e445a""]","[""1001O6236""]","[""59327""]",[],"[""OPLEIDING""]","[""113A748""]","[""Global Responsibility and Leadership""]",[],step1-no-ambiguity,[],[],[],row-191,{}
cp-000179,179,177,Griekse en Latijnse Taal en Cultuur,rug,"[""rug""]",standard,active,true,180,,"[""NLD""]","[""DEELTIJD"",""VOLTIJD""]","[""Groningen""]",,[192],"[""6fc5c36c-1857-4713-bb26-a3bd0d0f9ffa"",""732193a9-b696-4e7b-a9a0-58d9a21d9cb0""]","[""1001O5806""]","[""56003""]",[],"[""OPLEIDING""]","[""113A748""]","[""Griekse en Latijnse Taal en Cultuur"",""Classics""]",[],step1-no-ambiguity,[],[],[],row-192,{}
cp-000180,180,178,Human Geography and Planning,rug,"[""rug""]",standard,active,true,180,,"[""ENG""]","[""VOLTIJD""]","[""Groningen""]",,[193],"[""3c9ac13b-3f3a-40f7-93d4-277ac2b1ba0a""]","[""1001O5774""]","[""50974""]",[],"[""OPLEIDING""]","[""113A748""]","[""Human Geography and Planning""]",[],step1-no-ambiguity,[],[],[],row-193,{}
cp-000181,181,179,Informatica,rug,"[""rug""]",standard,active,true,180,,"[""ENG""]","[""VOLTIJD""]","[""Groningen""]",,[194],"[""4ff92595-5040-4b1d-99dc-1db05424ff79""]","[""1001O6170""]","[""56978""]",[],"[""OPLEIDING""]","[""113A748""]","[""Informatica"",""Computing Science""]",[],step1-no-ambiguity,[],[],[],row-194,{}
cp-000182,182,180,Information Science / Informatiekunde,rug,"[""rug""]",standard,active,true,180,,"[""NLD""]","[""VOLTIJD""]","[""Groningen""]",,[195],"[""2094d140-1f9f-4c1b-97dc-24e7fe031ce7""]","[""1001O6095""]","[""56842""]",[],"[""OPLEIDING""]","[""113A748""]","[""Informatiekunde"",""Information Science""]",[],step2-resolved,"[""rc-0023""]","[""src-rug-infosci""]","[""https://www.rug.nl/bachelors/information-science/?lang=en""]",rug-information-science,"{""study_load_ec"":180,""modes"":[""VOLTIJD""],""accepting_applications_for"":""2027-09-01""}"
cp-000183,183,181,International and European Law,rug,"[""rug""]",standard,active,true,180,,"[""ENG""]","[""VOLTIJD""]","[""Groningen""]",,[196],"[""06bd2460-2125-4500-b1ec-430a1c182b3f""]","[""1001O6072""]","[""56829""]",[],"[""OPLEIDING""]","[""113A748""]","[""International and European Law""]",[],step1-no-ambiguity,[],[],[],row-196,{}
cp-000184,184,182,International Business,rug,"[""rug""]",standard,active,true,180,,"[""ENG""]","[""VOLTIJD""]","[""Groningen""]",,[197],"[""0e47b3a5-ccd2-4f65-945c-3af5415fa0e5""]","[""1001O5642""]","[""50019""]",[],"[""OPLEIDING""]","[""113A748""]","[""International Business""]",[],step1-no-ambiguity,[],[],[],row-197,{}
cp-000185,185,183,Internationale Betrekkingen en Internationale Organisatie,rug,"[""rug""]",standard,active,true,180,,"[""ENG""]","[""VOLTIJD""]","[""Groningen""]",,[198],"[""0611d762-fbeb-447b-a5d3-94fbd74157a0""]","[""1001O5706""]","[""50627""]",[],"[""OPLEIDING""]","[""113A748""]","[""Internationale Betrekkingen en Internationale Organisatie"",""International Relations and International Organization""]",[],step1-no-ambiguity,[],[],[],row-198,{}
cp-000186,186,184,Kunst- en Cultuurwetenschappen,rug,"[""rug""]",standard,active,true,180,,"[""ENG""]","[""VOLTIJD"",""DEELTIJD""]","[""Groningen""]",,[199],"[""612ec857-e93e-4a78-a707-b298d080a090"",""69eef1f8-8e97-460d-9012-67fdc09a0e88""]","[""1016O0159""]",[],"[""57084""]","[""VARIANT""]","[""113A748""]","[""Kunst- en Cultuurwetenschappen"",""Art and the Cultural Studies""]",[],step1-no-ambiguity,[],[],[],row-199,{}
cp-000187,187,185,"Arts, Culture and Media",rug,"[""rug""]",standard,active,true,180,,"[""ENG""]","[""VOLTIJD""]","[""Groningen""]",,[200],"[""9e23a930-ecf9-4d34-8d18-e67f01e7a0bd"",""a8535621-e4bd-4c12-ae3e-c6f3c9faa529""]","[""1001O5707""]","[""50629""]",[],"[""OPLEIDING""]","[""113A748""]","[""Kunsten, Cultuur en Media"",""Arts, Culture and Media""]",[],step2-resolved,"[""rc-0024""]","[""src-rug-acm""]","[""https://www.rug.nl/bachelors/arts-culture-and-media/?lang=en""]",rug-arts-culture-media,"{""study_load_ec"":180,""languages"":[""ENG""],""modes"":[""VOLTIJD""],""stale_source_attribute"":""NLD offering language""}"
cp-000188,188,186,Kunstgeschiedenis,rug,"[""rug""]",standard,active,true,180,,"[""ENG""]","[""VOLTIJD""]","[""Groningen""]",,[201],"[""1e81842f-4493-4002-9e06-0969c894d7bb""]","[""1001O6049""]","[""56824""]",[],"[""OPLEIDING""]","[""113A748""]","[""Kunstgeschiedenis"",""Art History""]",[],step1-no-ambiguity,[],[],[],row-201,{}
cp-000189,189,187,Kunstmatige Intelligentie,rug,"[""rug""]",standard,active,true,180,,"[""ENG""]","[""VOLTIJD""]","[""Groningen""]",,[202],"[""4b74ef4f-fecd-4f5b-8d01-03ea19860504""]","[""1001O6182""]","[""56981""]",[],"[""OPLEIDING""]","[""113A748""]","[""Kunstmatige Intelligentie"",""Artificial Intelligence""]",[],step1-no-ambiguity,[],[],[],row-202,{}
cp-000190,190,188,Levenswetenschappen,rug,"[""rug""]",standard,active,true,180,,"[""ENG""]","[""DEELTIJD"",""VOLTIJD""]","[""Groningen""]",,[203],"[""6ba5832a-e4da-4b08-8ea3-5c68c6030cc2"",""936d4c47-fac3-4bf0-b9ac-723961578f55""]","[""1016O0161""]",[],"[""57084""]","[""VARIANT""]","[""113A748""]","[""Levenswetenschappen"",""Life Sciences""]",[],step1-no-ambiguity,[],[],[],row-203,{}
cp-000191,191,189,Liberal Arts and Sciences,rug,"[""rug""]",standard,active,true,180,,"[""ENG""]","[""VOLTIJD""]","[""Groningen""]",,[204],"[""fa0baf5c-377f-4622-896c-bfa4e794154c""]","[""1001O5680""]","[""50393""]",[],"[""OPLEIDING""]","[""113A748""]","[""Liberal Arts and Sciences""]",[],step1-no-ambiguity,[],[],[],row-204,{}
cp-000192,192,190,Life Science and Technology,rug,"[""rug""]",standard,active,true,180,,"[""ENG""]","[""VOLTIJD""]","[""Groningen""]",,[205],"[""9f4f3fca-05c4-424b-a789-30599628e4fe""]","[""1001O5878""]","[""56286""]",[],"[""OPLEIDING""]","[""113A748""]","[""Life Science and Technology""]",[],step1-no-ambiguity,[],[],[],row-205,{}
cp-000193,193,191,Media en Cultuur,rug,"[""rug""]",standard,active,true,180,,"[""ENG""]","[""VOLTIJD""]","[""Groningen""]",,[206],"[""046b499c-6c6e-406e-a89d-7b12857ebf4d""]","[""1001O5757""]","[""50906""]",[],"[""OPLEIDING""]","[""113A748""]","[""Media en Cultuur"",""Media Studies""]",[],step1-no-ambiguity,[],[],[],row-206,{}
cp-000194,194,192,Midden-Oostenstudies,rug,"[""rug""]",standard,active,true,180,,"[""NLD""]","[""VOLTIJD""]","[""Groningen""]",,[207],"[""682fe0e8-824a-4092-86e4-60eddcb11fe5""]","[""1001O5847""]","[""56098""]",[],"[""OPLEIDING""]","[""113A748""]","[""Midden-Oostenstudies"",""Middle Eastern Studies""]",[],step1-no-ambiguity,[],[],[],row-207,{}
cp-000195,195,,Minorities & Multilingualism,rug,"[""rug""]",standard,teach-out-only,false,180,,"[""ENG""]","[""VOLTIJD"",""DEELTIJD""]","[""Groningen""]",,[208],"[""d3f89b01-47e8-45a6-9784-af4673f05905"",""fcdcc818-1259-4ec2-8eb9-eb4fc45456e8""]","[""1001O5810""]","[""56012""]",[],"[""OPLEIDING""]","[""113A748""]","[""Minorities & Multilingualism""]",[],step2-resolved,"[""rc-0025""]","[""src-rug-mm""]","[""https://www.rug.nl/let/onze-faculteit/actueel/nieuwsberichten-2024/bachelor-minorities-multilingualism-discontinued""]",rug-minorities-multilingualism,"{""new_enrolment"":false,""phase_out_from"":""2025-2026""}"
cp-000196,196,193,Natuurkunde,rug,"[""rug""]",standard,active,true,180,,"[""ENG""]","[""VOLTIJD""]","[""Groningen""]",,[209],"[""c31383d8-c766-4d04-8dc8-7b45c862b083""]","[""1001O5666""]","[""50206""]",[],"[""OPLEIDING""]","[""113A748""]","[""Natuurkunde"",""Physics""]",[],step1-no-ambiguity,[],[],[],row-209,{}
cp-000197,197,194,Natuurwetenschappen,rug,"[""rug""]",standard,active,true,180,,"[""ENG""]","[""DEELTIJD"",""VOLTIJD""]","[""Groningen""]",,[210],"[""80294d0e-c445-4579-8e68-a4d010382965"",""921d7c62-e005-4455-9392-5a3e24598c8a""]","[""1016O0158""]",[],"[""57084""]","[""VARIANT""]","[""113A748""]","[""Natuurwetenschappen"",""Natural Sciences""]",[],step1-no-ambiguity,[],[],[],row-210,{}
cp-000198,198,195,Nederlandse Talen en Culturen — Nederlandse Taal en Cultuur,rug,"[""rug""]",standard,active-successor,true,180,,"[""NLD""]","[""VOLTIJD""]","[""Groningen""]",,[211],"[""0a7af361-bc30-4c15-8bf4-0e56c08fa50b""]","[""1001O5999""]","[""56804""]",[],"[""OPLEIDING""]","[""113A748""]","[""Nederlandse Taal en Cultuur"",""Dutch Language and Culture""]",[],step2-resolved,"[""rc-0026""]","[""src-rug-dutch""]","[""https://www.rug.nl/bachelors/dutch-languages-and-cultures/""]",rug-dutch-languages-cultures,"{""study_load_ec"":180,""languages"":[""NLD""],""current_programme"":""Nederlandse Talen en Culturen"",""route"":""Nederlandse Taal en Cultuur""}"
cp-000199,199,196,Nederlandse Taal en Cultuur,rug,"[""rug""]",standard,active,true,180,,"[""NLD""]","[""VOLTIJD""]","[""Groningen""]",,[212],"[""633888ce-f7f8-4667-880f-56dd1cd7aa53""]","[""1016O3657""]",[],"[""50479""]","[""VARIANT""]","[""113A748""]","[""Nederlandse Taal en Cultuur""]",[],step1-no-ambiguity,[],[],[],row-212,{}
cp-000200,200,197,Nederlandse Talen en Culturen,rug,"[""rug""]",standard,active,true,180,,"[""NLD""]","[""VOLTIJD""]","[""Groningen""]",,[213],"[""14ed6072-b520-4b71-b182-a3a05e42349c""]","[""1016O2817""]","[""50479""]",[],"[""OPLEIDING""]","[""113A748""]","[""Nederlandse Talen en Culturen"",""Dutch Languages and Cultures""]",[],step1-no-ambiguity,[],[],[],row-213,{}
cp-000201,201,198,Pedagogische Wetenschappen,rug,"[""rug""]",standard,active,true,180,,"[""NLD""]","[""VOLTIJD""]","[""Groningen""]",,[214],"[""e97b8534-977e-42e8-880e-a0ee0544879c""]","[""1001O5944""]","[""56607""]",[],"[""OPLEIDING""]","[""113A748""]","[""Pedagogische Wetenschappen"",""Pedagogical Sciences""]",[],step1-no-ambiguity,[],[],[],row-214,{}
cp-000202,202,199,Politieke Wetenschappen,rug,"[""rug""]",standard,active,true,180,,"[""ENG""]","[""VOLTIJD"",""DEELTIJD""]","[""Groningen""]",,[215],"[""047bc658-35b9-4fe7-8477-cc514a91542c"",""e017269b-212b-409e-be4e-74d970180572""]","[""1016O0162""]",[],"[""57084""]","[""VARIANT""]","[""113A748""]","[""Politieke Wetenschappen"",""Political Science""]",[],step1-no-ambiguity,[],[],[],row-215,{}
cp-000203,203,200,Psychology / Psychologie,rug,"[""rug""]",standard,active,true,180,,"[""ENG"",""NLD""]","[""VOLTIJD""]","[""Groningen""]",,[216],"[""4ab3b08b-8e82-4cb5-ac50-8e55c3a64810"",""6f88b5d5-d5af-4775-b07a-87773fd3535b""]","[""1001O5929""]","[""56604""]",[],"[""OPLEIDING""]","[""113A748""]","[""Psychologie"",""Psychology""]",[],step2-resolved,"[""rc-0027""]","[""src-rug-psych""]","[""https://www.rug.nl/bachelors/psychology-en/?lang=en""]",rug-psychology,"{""study_load_ec"":180,""languages"":[""ENG"",""NLD""],""modes"":[""VOLTIJD""],""minor_difference"":""elective options may differ slightly""}"
cp-000204,204,201,Rechtsgeleerdheid,rug,"[""rug""]",standard,active,true,180,,"[""NLD""]","[""VOLTIJD""]","[""Groningen"",""Leeuwarden""]",,[217],"[""048b86d5-80b4-47c6-b575-2978bc2c9676"",""9b40f5fa-8bae-4ebc-a6dd-7fef966024ff""]","[""1001O5725""]","[""50700""]",[],"[""OPLEIDING""]","[""113A748""]","[""Rechtsgeleerdheid"",""Dutch Law""]",[],step2-resolved,"[""rc-0028""]","[""src-rug-law""]","[""https://www.rug.nl/bachelors/law/""]",rug-law,"{""study_load_ec"":180,""languages"":[""NLD""],""first_year_locations"":[""Groningen"",""Leeuwarden""],""later_location"":""Groningen""}"
cp-000205,205,202,Religious Studies / Religiewetenschappen,rug,"[""rug""]",standard,active,true,180,,"[""ENG""]","[""VOLTIJD""]","[""Groningen""]",,[218],"[""1ae42d82-855c-4125-8003-9e75ec2d1418"",""e8c968b9-ccc9-4d44-9583-ec3d6611faf4""]","[""1001O5751""]","[""50902""]",[],"[""OPLEIDING""]","[""113A748""]","[""Religiewetenschappen"",""Religious Studies""]",[],step2-resolved,"[""rc-0029""]","[""src-rug-religion""]","[""https://www.rug.nl/bachelors/religious-studies/?lang=en""]",rug-religious-studies,"{""study_load_ec"":180,""languages"":[""ENG""],""modes"":[""VOLTIJD""],""stale_source_attribute"":""NLD offering language""}"
cp-000206,206,203,Scheikunde,rug,"[""rug""]",standard,active,true,180,,"[""ENG""]","[""VOLTIJD""]","[""Groningen""]",,[219],"[""b278c846-17eb-40fc-b4dc-2c5fe409e4ff""]","[""1001O6112""]","[""56857""]",[],"[""OPLEIDING""]","[""113A748""]","[""Scheikunde"",""Chemistry""]",[],step1-no-ambiguity,[],[],[],row-219,{}
cp-000207,207,204,Scheikundige Technologie,rug,"[""rug""]",standard,active,true,180,,"[""ENG""]","[""VOLTIJD""]","[""Groningen""]",,[220],"[""9aeec357-869f-4b56-8a9b-d04c4fb71643""]","[""1001O6149""]","[""56960""]",[],"[""OPLEIDING""]","[""113A748""]","[""Scheikundige Technologie"",""Chemical Engineering""]",[],step1-no-ambiguity,[],[],[],row-220,{}
cp-000208,208,205,Sociologie,rug,"[""rug""]",standard,active,true,180,,"[""NLD""]","[""VOLTIJD""]","[""Groningen""]",,[221],"[""4f52b521-015b-4986-80e1-14fa94119715""]","[""1001O5921""]","[""56601""]",[],"[""OPLEIDING""]","[""113A748""]","[""Sociologie"",""Sociology""]",[],step1-no-ambiguity,[],[],[],row-221,{}
cp-000209,209,206,Spatial Planning and Design,rug,"[""rug""]",standard,active,true,180,,"[""ENG""]","[""VOLTIJD""]","[""Groningen""]",,[222],"[""72204c16-0a8f-45c5-af36-dbb02f13ce44""]","[""1001O5869""]","[""56194""]",[],"[""OPLEIDING""]","[""113A748""]","[""Spatial Planning and Design""]",[],step1-no-ambiguity,[],[],[],row-222,{}
cp-000210,210,207,Sterrenkunde,rug,"[""rug""]",standard,active,true,180,,"[""ENG""]","[""VOLTIJD""]","[""Groningen""]",,[223],"[""49ee7fec-702e-4e02-9c34-7b2446790af0""]","[""1001O5664""]","[""50205""]",[],"[""OPLEIDING""]","[""113A748""]","[""Sterrenkunde"",""Astronomy""]",[],step1-no-ambiguity,[],[],[],row-223,{}
cp-000211,211,208,Taalwetenschap,rug,"[""rug""]",standard,active,true,180,,"[""NLD""]","[""VOLTIJD""]","[""Groningen""]",,[224],"[""86479170-43cd-40ad-8474-91de4abf6db7""]","[""1001O5993""]","[""56803""]",[],"[""OPLEIDING""]","[""113A748""]","[""Taalwetenschap"",""Linguistics""]",[],step1-no-ambiguity,[],[],[],row-224,{}
cp-000212,212,209,Tandheelkunde,rug,"[""rug""]",standard,active,true,180,,"[""NLD""]","[""VOLTIJD""]","[""Groningen""]",,[225],"[""6e8348de-66e7-4c14-a350-eaf7036dc9fe""]","[""1001O5915""]","[""56560""]",[],"[""OPLEIDING""]","[""113A748""]","[""Tandheelkunde"",""Dentistry""]",[],step1-no-ambiguity,[],[],[],row-225,{}
cp-000213,213,210,Technische Bedrijfskunde,rug,"[""rug""]",standard,active,true,180,,"[""ENG""]","[""VOLTIJD""]","[""Groningen""]",,[226],"[""2e3fcbfe-87d1-459e-8e76-1ca4e72334d0""]","[""1001O6210""]","[""56994""]",[],"[""OPLEIDING""]","[""113A748""]","[""Technische Bedrijfskunde"",""Industrial Engineering & Management""]",[],step1-no-ambiguity,[],[],[],row-226,{}
cp-000214,214,211,Technische Natuurkunde,rug,"[""rug""]",standard,active,true,180,,"[""ENG""]","[""VOLTIJD""]","[""Groningen""]",,[227],"[""58bd2539-41a9-4207-bbdf-4fa471f7d6d0""]","[""1001O6152""]","[""56962""]",[],"[""OPLEIDING""]","[""113A748""]","[""Technische Natuurkunde"",""Applied Physics""]",[],step1-no-ambiguity,[],[],[],row-227,{}
cp-000215,215,212,Technische Wiskunde,rug,"[""rug""]",standard,active,true,180,,"[""ENG""]","[""VOLTIJD""]","[""Groningen""]",,[228],"[""bb901d8a-76d9-4e7c-9b49-689fba25f0c2""]","[""1001O6160""]","[""56965""]",[],"[""OPLEIDING""]","[""113A748""]","[""Technische Wiskunde"",""Applied Mathematics""]",[],step1-no-ambiguity,[],[],[],row-228,{}
cp-000216,216,213,Theologie,rug,"[""rug""]",standard,active,true,180,,"[""NLD""]","[""VOLTIJD"",""DEELTIJD""]","[""Groningen""]",,[229],"[""28e85f49-4d08-4793-b0e8-70c2c7d6db09"",""e9fa6c40-5ae6-499d-b007-7c209b64aa47""]","[""1001O5855""]","[""56109""]",[],"[""OPLEIDING""]","[""113A748""]","[""Theologie"",""Theology""]",[],step1-no-ambiguity,[],[],[],row-229,{}
cp-000217,217,214,Wiskunde,rug,"[""rug""]",standard,active,true,180,,"[""ENG""]","[""VOLTIJD""]","[""Groningen""]",,[230],"[""ee1d0182-8a04-4521-a377-8d18c941594a""]","[""1001O6177""]","[""56980""]",[],"[""OPLEIDING""]","[""113A748""]","[""Wiskunde"",""Mathematics""]",[],step1-no-ambiguity,[],[],[],row-230,{}
cp-000218,218,215,Algemene Cultuurwetenschappen,tilburg,"[""tilburg""]",standard,active,true,180,,"[""NLD""]","[""VOLTIJD"",""DEELTIJD""]","[""Tilburg""]",,[231],"[""65b743d9-46e0-4f63-b7f1-8d0b10bbe2b5"",""f996326d-f358-4fd6-9bd5-31ccaafda2d2""]","[""1001O6046""]","[""56823""]",[],"[""OPLEIDING""]","[""112A446""]","[""Algemene Cultuurwetenschappen"",""Culture Studies""]",[],step1-no-ambiguity,[],[],[],row-231,{}
cp-000219,219,216,Bedrijfskunde,tilburg,"[""tilburg""]",standard,active,true,180,3,"[""NLD""]","[""VOLTIJD""]","[""Tilburg""]",,[232],"[""e49d865c-85a9-44a2-b0b0-07d36e668ba0""]","[""1016O1090""]",[],[],"[""VARIANT""]","[""112A446""]","[""B Bedrijfskunde"",""B Business Administration""]",[],step2-resolved,"[""rc-0030""]","[""src-tilburg-business""]","[""https://www.tilburguniversity.edu/nl/onderwijs/bacheloropleidingen/bedrijfskunde""]",tilburg-bedrijfskunde,"{""study_load_ec"":180,""duration_years"":3,""languages"":[""NLD""],""modes"":[""VOLTIJD""]}"
cp-000220,220,217,B Bestuurskunde,tilburg,"[""tilburg""]",standard,active,true,180,,"[""NLD""]","[""VOLTIJD""]","[""Tilburg""]",,[233],"[""ccc226b6-54b8-4a00-8815-a6ad02213ec2""]","[""1016O0554""]",[],"[""56627""]","[""VARIANT""]","[""112A446""]","[""B Bestuurskunde"",""B Public Governance""]",[],step1-no-ambiguity,[],[],[],row-233,{}
cp-000221,221,218,B Organisatie- en Managementwetenschappen,tilburg,"[""tilburg""]",standard,active,true,180,,"[""NLD""]","[""VOLTIJD""]","[""Tilburg""]",,[234],"[""d6bbd376-44c9-49bf-a492-871db64d8340""]","[""1016O0543""]",[],"[""50754""]","[""VARIANT""]","[""112A446""]","[""B Organisatie- en Managementwetenschappen"",""B Organization and Management Studies (Dutch program)""]",[],step1-no-ambiguity,[],[],[],row-234,{}
cp-000222,222,219,B Organisatie- en Managementwetenschappen:GMSI (Engelstalig),tilburg,"[""tilburg""]",standard,active,true,180,,"[""ENG""]","[""VOLTIJD""]","[""Tilburg""]",,[235],"[""8f32c604-e8c1-47bd-a58e-017c97c644ff""]","[""1016O0544""]",[],"[""50754""]","[""VARIANT""]","[""112A446""]","[""B Organisatie- en Managementwetenschappen:GMSI (Engelstalig)"",""B Organization and Management Studies:GMSI (English program)""]",[],step1-no-ambiguity,[],[],[],row-235,{}
cp-000223,223,220,B Personeelwetenschappen,tilburg,"[""tilburg""]",standard,active,true,180,,"[""NLD""]","[""VOLTIJD""]","[""Tilburg""]",,[236],"[""62e99cdf-41eb-411c-b32e-ce0b81027230""]","[""1016O0545""]",[],"[""50755""]","[""VARIANT""]","[""112A446""]","[""B Personeelwetenschappen"",""B Human Resource Studies""]",[],step1-no-ambiguity,[],[],[],row-236,{}
cp-000224,224,221,B Personeelwetenschappen (HRS: People Management),tilburg,"[""tilburg""]",standard,active,true,180,,"[""ENG""]","[""VOLTIJD""]","[""Tilburg""]",,[237],"[""9219846e-0da4-477e-8adb-bba94c2320ff""]","[""1016O0546""]",[],"[""50755""]","[""VARIANT""]","[""112A446""]","[""B Personeelwetenschappen (HRS: People Management)"",""B Human Resource Studies (HRS: People Management)""]",[],step1-no-ambiguity,[],[],[],row-237,{}
cp-000225,225,222,B Psychologie (Engelstalig),tilburg,"[""tilburg""]",standard,active,true,180,,"[""ENG""]","[""VOLTIJD""]","[""Tilburg""]",,[238],"[""8c87a4cd-795b-479c-acd2-3294d83010fa""]","[""1016O0440""]",[],"[""56604""]","[""VARIANT""]","[""112A446""]","[""B Psychologie (Engelstalig)"",""B Psychology (English)""]",[],step1-no-ambiguity,[],[],[],row-238,{}
cp-000226,226,223,B Psychologie (Nederlandstalig),tilburg,"[""tilburg""]",standard,active,true,180,,"[""NLD""]","[""VOLTIJD""]","[""Tilburg""]",,[239],"[""17cfb7fe-c43e-41e8-bfa9-ee2d203be078""]","[""1016O0439""]",[],"[""56604""]","[""VARIANT""]","[""112A446""]","[""B Psychologie (Nederlandstalig)"",""B Psychology (Dutch)""]",[],step1-no-ambiguity,[],[],[],row-239,{}
cp-000227,227,224,B Public Governance,tilburg,"[""tilburg""]",standard,active,true,180,,"[""ENG""]","[""VOLTIJD""]","[""Tilburg""]",,[240],"[""9fd6b04b-98e1-4cf3-997d-76c8de20102e""]","[""1016O1091""]",[],"[""56627""]","[""VARIANT""]","[""112A446""]","[""B Public Governance""]",[],step1-no-ambiguity,[],[],[],row-240,{}
cp-000228,228,225,B Rechtsgeleerdheid,tilburg,"[""tilburg""]",standard,active,true,180,,"[""NLD""]","[""VOLTIJD""]","[""Tilburg""]",,[241],"[""34ac50b9-496c-4401-b50a-ef46b7d8b404""]","[""1016O0539""]",[],"[""50700""]","[""VARIANT""]","[""112A446""]","[""B Rechtsgeleerdheid"",""B Law""]",[],step1-no-ambiguity,[],[],[],row-241,{}
cp-000229,229,226,B Rechtsgeleerdheid: Specialisatie Ondernemingsrecht,tilburg,"[""tilburg""]",standard,active,true,180,,"[""NLD""]","[""VOLTIJD""]","[""Tilburg""]",,[242],"[""846c10c4-22c1-4b10-b144-a249eeed02dd""]","[""1016O0540""]",[],"[""50700""]","[""VARIANT""]","[""112A446""]","[""B Rechtsgeleerdheid: Specialisatie Ondernemingsrecht"",""B Law: Specialization Business Law""]",[],step1-no-ambiguity,[],[],[],row-242,{}
cp-000230,230,227,B Sociologie,tilburg,"[""tilburg""]",standard,active,true,180,,"[""NLD""]","[""VOLTIJD""]","[""Tilburg""]",,[243],"[""3ade8948-42f3-4b25-88ec-224ac18925aa""]","[""1016O0553""]",[],"[""56601""]","[""VARIANT""]","[""112A446""]","[""B Sociologie"",""B Sociology""]",[],step1-no-ambiguity,[],[],[],row-243,{}
cp-000231,231,228,B Sociologie (International Sociology),tilburg,"[""tilburg""]",standard,active,true,180,,"[""ENG""]","[""VOLTIJD""]","[""Tilburg""]",,[244],"[""51e1f981-9c8a-4c08-bbb3-9b8d02bbc343""]","[""1016O1092""]",[],"[""56601""]","[""VARIANT""]","[""112A446""]","[""B Sociologie (International Sociology)"",""B Sociology (International Sociology)""]",[],step1-no-ambiguity,[],[],[],row-244,{}
cp-000232,232,229,Cognitive Science and Artificial Intelligence,tilburg,"[""tilburg""]",standard,active,true,180,,"[""ENG""]","[""VOLTIJD""]","[""Tilburg""]",,[245],"[""fe0190e9-546b-4687-a488-8798a97fc4be""]","[""1001O6245""]","[""59338""]",[],"[""OPLEIDING""]","[""112A446""]","[""Cognitive Science and Artificial Intelligence""]",[],step1-no-ambiguity,[],[],[],row-245,{}
cp-000233,233,230,Communicatie- en Informatiewetenschappen,tilburg,"[""tilburg""]",standard,active,true,180,,"[""NLD""]","[""VOLTIJD"",""DEELTIJD""]","[""Tilburg""]",,[246],"[""98ad9ed3-ecd3-4217-9844-b2453d4c45d1"",""d536bc0c-a63d-48db-b03a-8e659763bf3b""]","[""1001O6060""]","[""56826""]",[],"[""OPLEIDING""]","[""112A446""]","[""Communicatie- en Informatiewetenschappen"",""Communication and Information Sciences""]",[],step1-no-ambiguity,[],[],[],row-246,{}
cp-000234,234,231,Data Science (joint degree Tilburg University + TU/e),tilburg,"[""tilburg"",""tue""]",joint-degree,active,true,180,3,"[""ENG""]","[""VOLTIJD""]","[""Tilburg"",""Eindhoven""]",,"[247,278]","[""497276e4-db19-46ab-9e63-69cbacc4023c"",""0a965189-5d8c-06f5-e063-6f2ba8c07429""]","[""1016O1094"",""1015O6359""]",[],"[""55018""]","[""OPLEIDING"",""VARIANT""]","[""112A446"",""114A734""]","[""B Data Science (joint degree)"",""Data Science""]",[],step2-resolved,"[""rc-0031"",""rc-0032"",""rc-0035""]","[""src-tilburg-data"",""src-tilburg-data-apply"",""src-tue-data""]","[""https://www.tilburguniversity.edu/education/bachelors-programs/data-science"",""https://www.tilburguniversity.edu/education/bachelors-programs/data-science/application"",""https://research.tue.nl/en/organisations/bachelor-data-science/""]",tilburg-tue-joint-data-science,"{""study_load_ec"":180,""duration_years"":3,""programme_type"":""joint-degree"",""institutions"":[""Tilburg University"",""Eindhoven University of Technology""]}"
cp-000235,235,232,Econometrie en Operationele Research,tilburg,"[""tilburg""]",standard,active,true,180,,"[""ENG""]","[""VOLTIJD""]","[""Tilburg""]",,[248],"[""f642259f-1a46-4c7d-af4d-e4b4ea55bb48""]","[""1001O6081""]","[""56833""]",[],"[""OPLEIDING""]","[""112A446""]","[""Econometrie en Operationele Research"",""Econometrics and Operations Research""]",[],step1-no-ambiguity,[],[],[],row-248,{}
cp-000236,236,233,Economics,tilburg,"[""tilburg""]",standard,active,true,180,,"[""ENG""]","[""VOLTIJD""]","[""Tilburg""]",,[249],"[""e6bf9ead-7188-43ee-b800-72671f459690""]","[""1001O5883""]","[""56401""]",[],"[""OPLEIDING""]","[""112A446""]","[""Economie"",""Economics""]",[],step1-no-ambiguity,[],[],[],row-249,{}
cp-000237,237,234,Economie en Bedrijfseconomie,tilburg,"[""tilburg""]",standard,active,true,180,,"[""NLD""]","[""VOLTIJD""]","[""Tilburg""]",,[250],"[""be3575d2-95c5-48fb-9ced-dba6f01a39d0""]","[""1001O5767""]","[""50950""]",[],"[""OPLEIDING""]","[""112A446""]","[""Economie en Bedrijfseconomie"",""Economics and Business Economics""]",[],step1-no-ambiguity,[],[],[],row-250,{}
cp-000238,238,235,Entrepreneurship and Business Innovation,tilburg,"[""tilburg""]",standard,active,true,180,,"[""ENG""]","[""VOLTIJD""]","[""Tilburg""]",,[251],"[""70a504d4-da6a-4ed9-93c4-928e91f14059""]","[""1001O6247""]","[""59340""]",[],"[""OPLEIDING""]","[""112A446""]","[""Entrepreneurship and Business Innovation""]",[],step1-no-ambiguity,[],[],[],row-251,{}
cp-000239,239,236,Filosofie,tilburg,"[""tilburg""]",standard,active,true,180,,"[""NLD""]","[""DEELTIJD"",""VOLTIJD""]","[""Tilburg""]",,[252],"[""334169b2-e2b7-406f-8fbd-97de2f0c430b"",""3d460953-694f-4cbe-95a9-c95868f9573c""]","[""1001O5844""]","[""56081""]",[],"[""OPLEIDING""]","[""112A446""]","[""Filosofie"",""Philosophy""]",[],step1-no-ambiguity,[],[],[],row-252,{}
cp-000240,240,237,Fiscale Economie,tilburg,"[""tilburg""]",standard,active,true,180,3,"[""NLD""]","[""VOLTIJD""]","[""Tilburg""]",,[253],"[""b6a0ccc1-41ca-4c13-b4e7-71b5c05e541e""]","[""1016O0438""]",[],[],"[""OPLEIDING""]","[""112A446""]","[""B Fiscale Economie"",""Fiscale economie"",""B Tax Economics""]",[],step2-resolved,"[""rc-0033""]","[""src-tilburg-fiscal""]","[""https://www.tilburguniversity.edu/nl/onderwijs/bacheloropleidingen/fiscale-economie""]",tilburg-fiscale-economie,"{""study_load_ec"":180,""duration_years"":3,""languages"":[""NLD""],""modes"":[""VOLTIJD""]}"
cp-000241,241,238,Global Law,tilburg,"[""tilburg""]",standard,active,true,180,,"[""ENG""]","[""VOLTIJD""]","[""Tilburg""]",,[254],"[""0e31fa43-a733-4ee4-b2b3-7f68a245d0c1""]","[""1001O5902""]","[""56475""]",[],"[""OPLEIDING""]","[""112A446""]","[""Global Law""]",[],step1-no-ambiguity,[],[],[],row-254,{}
cp-000242,242,239,International Business Administration,tilburg,"[""tilburg""]",standard,active,true,180,,"[""ENG""]","[""VOLTIJD""]","[""Tilburg""]",,[255],"[""83ed252b-2d40-4deb-9942-245a5a6f48a7""]","[""1001O5773""]","[""50952""]",[],"[""OPLEIDING""]","[""112A446""]","[""International Business Administration""]",[],step1-no-ambiguity,[],[],[],row-255,{}
cp-000243,243,240,Liberal Arts and Sciences,tilburg,"[""tilburg""]",standard,active,true,180,,"[""ENG""]","[""VOLTIJD""]","[""Tilburg""]",,[256],"[""55d1ea5d-f95e-4a70-974a-31f6bb61f32d""]","[""1001O5686""]","[""50393""]",[],"[""OPLEIDING""]","[""112A446""]","[""Liberal Arts and Sciences""]",[],step1-no-ambiguity,[],[],[],row-256,{}
cp-000244,244,241,Theology / Theologie,tilburg,"[""tilburg""]",standard,active,true,180,,"[""ENG"",""NLD""]","[""VOLTIJD"",""DEELTIJD""]","[""Tilburg"",""Utrecht""]",,[257],"[""3f6223e1-1733-4157-a138-60f2e6fb6ca5"",""7a3f3634-f5b8-47bd-8d43-3c9dcd72fb45"",""aef8281f-a56c-468f-bf61-3a17f47bf374"",""b19a72e3-1d14-42c4-b26d-6fe47bd3d926""]","[""1001O5858""]","[""56109""]",[],"[""OPLEIDING""]","[""112A446""]","[""Theologie"",""Theology""]",[],step2-resolved,"[""rc-0034""]","[""src-tilburg-theology"",""src-tilburg-theology-structure""]","[""https://www.tilburguniversity.edu/education/bachelors-programs/theology"",""https://www.tilburguniversity.edu/about/schools/theology/education""]",tilburg-theology,"{""study_load_ec"":180,""locations"":[""Tilburg"",""Utrecht""],""languages"":[""ENG"",""NLD""],""modes"":[""VOLTIJD"",""DEELTIJD""],""variant_mapping"":{""Tilburg"":""ENG"",""Utrecht"":""NLD""}}"
cp-000245,245,242,Humanistiek,uvh,"[""uvh""]",standard,active,true,180,,"[""NLD""]","[""VOLTIJD""]","[""Utrecht""]",,[258],"[""8df0e92e-4b18-4ff0-a995-25ce46f61de9""]","[""1001O5853""]","[""56105""]",[],"[""OPLEIDING""]","[""109A997""]","[""Humanistiek"",""Humanistic Studies""]",[],step1-no-ambiguity,[],[],[],row-258,{}
cp-000246,246,243,Bachelor Bouwkunde,tud,"[""tud""]",standard,active,true,180,,"[""NLD""]","[""VOLTIJD""]",[],,[259],"[""10e2b60a-fdb4-3c6b-e063-63beb4836d31""]","[""1015O6835""]",[],"[""56951""]","[""VARIANT""]","[""111A562""]","[""Bachelor Bouwkunde"",""Bachelor Architecture, Urbanism and Building Sciences""]",[],step1-no-ambiguity,[],[],[],row-259,{}
cp-000247,247,244,Bachelor Civiele Techniek,tud,"[""tud""]",standard,active,true,180,,"[""NLD""]","[""VOLTIJD""]",[],,[260],"[""1479db3d-0ac0-de62-e063-63beb4838e95""]","[""1015O6933""]",[],"[""56952""]","[""VARIANT""]","[""111A562""]","[""Bachelor Civiele Techniek"",""Bachelor Civil Engineering""]",[],step1-no-ambiguity,[],[],[],row-260,{}
cp-000248,248,245,Bachelor Electrical Engineering,tud,"[""tud""]",standard,active,true,180,,"[""NLD""]","[""VOLTIJD""]",[],,[261],"[""147a30cb-edea-0336-e063-63beb483d396""]","[""1015O6940""]",[],"[""56953""]","[""VARIANT""]","[""111A562""]","[""Bachelor Electrical Engineering""]",[],step1-no-ambiguity,[],[],[],row-261,{}
cp-000249,249,246,Bachelor Industrieel Ontwerpen,tud,"[""tud""]",standard,active,true,180,,"[""NLD""]","[""VOLTIJD""]",[],,[262],"[""147a30cb-edf0-0336-e063-63beb483d396""]","[""1015O7236""]",[],"[""56955""]","[""VARIANT""]","[""111A562""]","[""Bachelor Industrieel Ontwerpen"",""Bachelor Industrial Design""]",[],step1-no-ambiguity,[],[],[],row-262,{}
cp-000250,250,247,Bachelor Klinische Technologie,tud,"[""tud""]",standard,active,true,180,,"[""NLD""]","[""VOLTIJD""]",[],,[263],"[""148e55ad-4d58-64b1-e063-63beb483f067""]","[""1015O7390""]",[],"[""55007""]","[""VARIANT""]","[""111A562""]","[""Bachelor Klinische Technologie"",""Bachelor Clinical Technology""]",[],step1-no-ambiguity,[],[],[],row-263,{}
cp-000251,251,248,Bachelor Life Science and Technology,tud,"[""tud""]",standard,active,true,180,,"[""NLD""]","[""VOLTIJD""]",[],,[264],"[""148e55ad-4d5e-64b1-e063-63beb483f067""]","[""1015O7388""]",[],"[""55010""]","[""VARIANT""]","[""111A562""]","[""Bachelor Life Science and Technology""]",[],step1-no-ambiguity,[],[],[],row-264,{}
cp-000252,252,249,Bachelor Luchtvaart- en Ruimtevaarttechniek,tud,"[""tud""]",standard,active,true,180,,"[""NLD""]","[""VOLTIJD""]",[],,[265],"[""147a30cb-edf7-0336-e063-63beb483d396""]","[""1015O7235""]",[],"[""56956""]","[""VARIANT""]","[""111A562""]","[""Bachelor Luchtvaart- en Ruimtevaarttechniek"",""Bachelor Aerospace Engineering""]",[],step1-no-ambiguity,[],[],[],row-265,{}
cp-000253,253,250,Bachelor Maritieme Techniek,tud,"[""tud""]",standard,active,true,180,,"[""NLD""]","[""VOLTIJD""]",[],,[266],"[""147a30cb-edff-0336-e063-63beb483d396""]","[""1015O7234""]",[],"[""56957""]","[""VARIANT""]","[""111A562""]","[""Bachelor Maritieme Techniek"",""Bachelor Marine Technology""]",[],step1-no-ambiguity,[],[],[],row-266,{}
cp-000254,254,251,Bachelor Nanobiologie,tud,"[""tud""]",standard,active,true,180,,"[""NLD""]","[""VOLTIJD""]",[],,[267],"[""148e55ad-4d6a-64b1-e063-63beb483f067""]","[""1015O7391""]",[],"[""55003""]","[""VARIANT""]","[""111A562""]","[""Bachelor Nanobiologie"",""Bachelor Nanobiology""]",[],step1-no-ambiguity,[],[],[],row-267,{}
cp-000255,255,252,Bachelor Technische Aardwetenschappen,tud,"[""tud""]",standard,active,true,180,,"[""NLD""]","[""VOLTIJD""]",[],,[268],"[""147a30cb-ee06-0336-e063-63beb483d396""]","[""1015O7233""]",[],"[""56959""]","[""VARIANT""]","[""111A562""]","[""Bachelor Technische Aardwetenschappen"",""Bachelor Applied Earth Sciences""]",[],step1-no-ambiguity,[],[],[],row-268,{}
cp-000256,256,253,Bachelor Technische Bestuurskunde,tud,"[""tud""]",standard,active,true,180,,"[""NLD""]","[""VOLTIJD""]",[],,[269],"[""147a30cb-ee0c-0336-e063-63beb483d396""]","[""1015O7228""]",[],"[""56995""]","[""VARIANT""]","[""111A562""]","[""Bachelor Technische Bestuurskunde"",""Bachelor Systems Engineering, Policy Analysis and Management""]",[],step1-no-ambiguity,[],[],[],row-269,{}
cp-000257,257,254,Bachelor Technische Informatica,tud,"[""tud""]",standard,active,true,180,,"[""NLD""]","[""VOLTIJD""]",[],,[270],"[""147a30cb-ee12-0336-e063-63beb483d396""]","[""1015O7231""]",[],"[""56964""]","[""VARIANT""]","[""111A562""]","[""Bachelor Technische Informatica"",""Bachelor Computer Science and Engineering""]",[],step1-no-ambiguity,[],[],[],row-270,{}
cp-000258,258,255,Bachelor Technische Natuurkunde,tud,"[""tud""]",standard,active,true,180,,"[""NLD""]","[""VOLTIJD""]",[],,[271],"[""147a30cb-ee18-0336-e063-63beb483d396""]","[""1015O7241""]",[],"[""56962""]","[""VARIANT""]","[""111A562""]","[""Bachelor Technische Natuurkunde"",""Bachelor Applied Physics""]",[],step1-no-ambiguity,[],[],[],row-271,{}
cp-000259,259,256,Bachelor Technische Wiskunde,tud,"[""tud""]",standard,active,true,180,,"[""NLD""]","[""VOLTIJD""]",[],,[272],"[""147a30cb-ee1e-0336-e063-63beb483d396""]","[""1015O7230""]",[],"[""56965""]","[""VARIANT""]","[""111A562""]","[""Bachelor Technische Wiskunde"",""Bachelor Applied Mathematics""]",[],step1-no-ambiguity,[],[],[],row-272,{}
cp-000260,260,257,Bachelor Werktuigbouwkunde,tud,"[""tud""]",standard,active,true,180,,"[""NLD""]","[""VOLTIJD""]",[],,[273],"[""147a30cb-ee24-0336-e063-63beb483d396""]","[""1015O7229""]",[],"[""56966""]","[""VARIANT""]","[""111A562""]","[""Bachelor Werktuigbouwkunde"",""Bachelor Mechanical Engineering""]",[],step1-no-ambiguity,[],[],[],row-273,{}
cp-000261,261,258,Automotive Technology,tue,"[""tue""]",standard,active,true,180,,"[""ENG""]","[""VOLTIJD""]","[""Eindhoven""]",,[274],"[""0e0bba73-9a88-76e4-e063-6f2ba8c08759""]","[""1015O6277""]",[],"[""56953""]","[""VARIANT""]","[""114A734""]","[""Automotive Technology""]",[],step1-no-ambiguity,[],[],[],row-274,{}
cp-000262,262,259,Biomedische Technologie,tue,"[""tue""]",standard,active,true,180,,"[""ENG""]","[""VOLTIJD""]","[""Eindhoven""]",,[275],"[""0cde291f-bcea-09a6-e063-6f2ba8c0ea9a""]","[""1015O6204""]",[],"[""56226""]","[""VARIANT""]","[""114A734""]","[""Biomedische Technologie"",""Biomedical Engineering""]",[],step1-no-ambiguity,[],[],[],row-275,{}
cp-000263,263,260,Bouwkunde,tue,"[""tue""]",standard,active,true,180,,"[""ENG""]","[""VOLTIJD""]","[""Eindhoven""]",,[276],"[""0cde291f-bd0a-09a6-e063-6f2ba8c0ea9a""]","[""1015O6209""]",[],"[""56951""]","[""VARIANT""]","[""114A734""]","[""Bouwkunde"",""Architecture, Urbanism and Building Sciences""]",[],step1-no-ambiguity,[],[],[],row-276,{}
cp-000264,264,261,Computer Science and Engineering,tue,"[""tue""]",standard,active,true,180,,"[""ENG""]","[""VOLTIJD""]","[""Eindhoven""]",,[277],"[""0e0bba73-9ad8-76e4-e063-6f2ba8c08759""]","[""1015O6287""]",[],"[""56964""]","[""VARIANT""]","[""114A734""]","[""Computer Science and Engineering""]",[],step1-no-ambiguity,[],[],[],row-277,{}
cp-000265,265,262,Electrical Engineering,tue,"[""tue""]",standard,active,true,180,,"[""ENG""]","[""VOLTIJD""]","[""Eindhoven""]",,[279],"[""0e0bba73-9a90-76e4-e063-6f2ba8c08759""]","[""1015O6278""]",[],"[""56953""]","[""VARIANT""]","[""114A734""]","[""Electrical Engineering""]",[],step1-no-ambiguity,[],[],[],row-279,{}
cp-000266,266,263,Industrial Design,tue,"[""tue""]",standard,active,true,180,,"[""ENG""]","[""VOLTIJD""]","[""Eindhoven""]",,[280],"[""0e8344bc-a27d-0ae7-e063-6f2ba8c0a89a""]","[""1015O5087""]",[],"[""50441""]","[""VARIANT""]","[""114A734""]","[""Industrial Design""]",[],step1-no-ambiguity,[],[],[],row-280,{}
cp-000267,267,264,Mechanical Engineering,tue,"[""tue""]",standard,active,true,180,,"[""NLD""]","[""VOLTIJD""]","[""Eindhoven""]",,[281],"[""27e23ff8-9996-49de-a45e-7a4c9d7f8eef""]","[""1016O3578""]",[],[],"[""VARIANT""]","[""114A734""]","[""Mechanical Engineering""]",[],step2-resolved,"[""rc-0036""]","[""src-tue-me"",""src-tue-bachelor-directive""]","[""https://getting.oncourse.tue.nl/selection/course/index.php?categoryid=2"",""https://boost.tue.nl/sitelibrary/downloads/definitive-directive-bc-2023-engv14-17062022.pdf""]",tue-mechanical-engineering,"{""study_load_ec"":180,""modes"":[""VOLTIJD""]}"
cp-000268,268,265,Medische Wetenschappen en Technologie,tue,"[""tue""]",standard,active,true,180,,"[""NLD""]","[""VOLTIJD""]","[""Eindhoven""]",,[282],"[""0cde291f-bcf2-09a6-e063-6f2ba8c0ea9a""]","[""1015O6205""]",[],"[""56226""]","[""VARIANT""]","[""114A734""]","[""Medische Wetenschappen en Technologie"",""Medical Sciences and Engineering""]",[],step1-no-ambiguity,[],[],[],row-282,{}
cp-000269,269,266,Psychology & Technology,tue,"[""tue""]",standard,active,true,180,,"[""ENG""]","[""VOLTIJD""]","[""Eindhoven""]",,[283],"[""0a98fccb-3c4b-5417-e063-6f2ba8c09422""]","[""1015O5091""]",[],"[""55824""]","[""VARIANT""]","[""114A734""]","[""Psychology & Technology""]",[],step1-no-ambiguity,[],[],[],row-283,{}
cp-000270,270,267,Scheikundige Technologie,tue,"[""tue""]",standard,active,true,180,,"[""ENG""]","[""VOLTIJD""]","[""Eindhoven""]",,[284],"[""0e0bba73-9aa0-76e4-e063-6f2ba8c08759""]","[""1015O6280""]",[],"[""56960""]","[""VARIANT""]","[""114A734""]","[""Scheikundige Technologie"",""Chemical Engineering and Chemistry""]",[],step1-no-ambiguity,[],[],[],row-284,{}
cp-000271,271,268,Sustainable Innovation,tue,"[""tue""]",standard,active,true,180,,"[""ENG""]","[""VOLTIJD""]","[""Eindhoven""]",,[285],"[""0e31ff3f-ddee-48c4-e063-6f2ba8c0151b""]","[""1015O6351""]",[],"[""56265""]","[""VARIANT""]","[""114A734""]","[""Sustainable Innovation""]",[],step1-no-ambiguity,[],[],[],row-285,{}
cp-000272,272,269,Technische Bedrijfskunde,tue,"[""tue""]",standard,active,true,180,,"[""ENG""]","[""VOLTIJD""]","[""Eindhoven""]",,[286],"[""0e0bba73-9b58-76e4-e063-6f2ba8c08759""]","[""1015O6303""]",[],"[""56994""]","[""VARIANT""]","[""114A734""]","[""Technische Bedrijfskunde"",""Industrial Engineering""]",[],step1-no-ambiguity,[],[],[],row-286,{}
cp-000273,273,270,Technische Natuurkunde,tue,"[""tue""]",standard,active,true,180,,"[""ENG""]","[""VOLTIJD""]","[""Eindhoven""]",,[287],"[""0e0bba73-9ac8-76e4-e063-6f2ba8c08759""]","[""1015O6285""]",[],"[""56962""]","[""VARIANT""]","[""114A734""]","[""Technische Natuurkunde"",""Applied Physics""]",[],step1-no-ambiguity,[],[],[],row-287,{}
cp-000274,274,271,Technische Wiskunde,tue,"[""tue""]",standard,active,true,180,,"[""ENG""]","[""VOLTIJD""]","[""Eindhoven""]",,[288],"[""0e0bba73-9b18-76e4-e063-6f2ba8c08759""]","[""1015O6295""]",[],"[""56965""]","[""VARIANT""]","[""114A734""]","[""Technische Wiskunde"",""Applied Mathematics""]",[],step1-no-ambiguity,[],[],[],row-288,{}
cp-000275,275,272,Theologie,tua,"[""tua""]",standard,active,true,180,,"[""NLD""]","[""VOLTIJD""]","[""Apeldoorn""]",,[289],"[""e4de27b6-ec9d-46b7-a9f0-7ade138b1ed3""]","[""1001O5859""]","[""56109""]",[],"[""OPLEIDING""]","[""113A677""]","[""Theologie"",""Bachelor Theologie""]","[""https://www.tua.nl/nl/onderwijs/o/bachelor-theologie""]",step2-resolved,"[""rc-0037""]","[""src-tua-bachelor"",""src-tua-current""]","[""https://www.tua.nl/nl/onderwijs/o/bachelor-theologie/studiekosten"",""https://www.tua.nl/nl/sitemap""]",tua-theology,"{""study_load_ec"":180,""modes"":[""VOLTIJD""]}"
cp-000276,276,273,Theologie,tuu,"[""tuu""]",standard,active,true,180,,"[""NLD""]","[""DEELTIJD"",""VOLTIJD""]","[""Utrecht""]",,[290],"[""591f9a4d-9f5c-4746-b2e6-158480ed73c1"",""777f6dae-c9bd-458e-9750-6f3ba66e8f69""]","[""1001O5860""]","[""56109""]",[],"[""OPLEIDING""]","[""114A554""]","[""Theologie""]",[],step1-no-ambiguity,[],[],[],row-290,{}
cp-000277,277,274,African Studies,leiden,"[""leiden""]",standard,active,true,180,,"[""ENG""]","[""VOLTIJD""]","[""Leiden""]",,[291],"[""a62cb339-7da0-4065-b548-454638f4a878""]","[""1001O6041""]","[""56821""]",[],"[""OPLEIDING""]","[""114A561""]","[""African Studies""]",[],step1-no-ambiguity,[],[],[],row-291,{}
cp-000278,278,275,Archeologie,leiden,"[""leiden""]",standard,active,true,180,,"[""NLD""]","[""VOLTIJD""]","[""Leiden""]",,[292],"[""9302e80d-d9bd-417c-bd9f-707a5023a8df""]","[""1001O5978""]","[""56703""]",[],"[""OPLEIDING""]","[""114A561""]","[""Archeologie"",""Archaeology""]",[],step1-no-ambiguity,[],[],[],row-292,{}
cp-000279,279,276,Bestuurskunde,leiden,"[""leiden""]",standard,active,true,180,,"[""NLD""]","[""VOLTIJD""]","[""'s-Gravenhage""]",,[293],"[""936b2d9f-d706-43ab-be6c-0cc3e3e4c9a0""]","[""1001O5965""]","[""56627""]",[],"[""OPLEIDING""]","[""114A561""]","[""Bestuurskunde"",""Public Administration""]",[],step1-no-ambiguity,[],[],[],row-293,{}
cp-000280,280,277,Bio-Farmaceutische Wetenschappen,leiden,"[""leiden""]",standard,active,true,180,,"[""NLD""]","[""VOLTIJD""]","[""Leiden""]",,[294],"[""daa76097-745b-4ce4-add8-3769548f359e""]","[""1001O5667""]","[""50207""]",[],"[""OPLEIDING""]","[""114A561""]","[""Bio-Farmaceutische Wetenschappen""]",[],step1-no-ambiguity,[],[],[],row-294,{}
cp-000281,281,278,Biologie,leiden,"[""leiden""]",standard,active,true,180,,"[""NLD""]","[""VOLTIJD""]","[""Leiden""]",,[295],"[""62bcefb3-ce80-4f36-a0de-8c141d886cf8""]","[""1001O6117""]","[""56860""]",[],"[""OPLEIDING""]","[""114A561""]","[""Biologie"",""Biology""]",[],step1-no-ambiguity,[],[],[],row-295,{}
cp-000282,282,279,Biomedische Wetenschappen,leiden,"[""leiden""]",standard,active,true,180,,"[""NLD""]","[""VOLTIJD""]","[""Leiden""]",,[296],"[""3282d4c3-9710-43a9-b8ac-7195b996fe99""]","[""1001O6203""]","[""56990""]",[],"[""OPLEIDING""]","[""114A561""]","[""Biomedische Wetenschappen""]",[],step1-no-ambiguity,[],[],[],row-296,{}
cp-000283,283,280,Chinastudies,leiden,"[""leiden""]",standard,active,true,180,,"[""NLD""]","[""VOLTIJD""]","[""Leiden""]",,[297],"[""7ec304b7-5cc0-4311-9cbe-04538dd60aa6""]","[""1001O6038""]","[""56818""]",[],"[""OPLEIDING""]","[""114A561""]","[""Chinastudies"",""Chinese Studies""]",[],step1-no-ambiguity,[],[],[],row-297,{}
cp-000284,284,281,Criminologie,leiden,"[""leiden""]",standard,active,true,180,,"[""NLD""]","[""VOLTIJD"",""DEELTIJD""]","[""Leiden""]",,[298],"[""42fe62d2-354f-45be-9b1d-97b1585e296b"",""a9549a79-15f5-4667-9dea-35a7730a8be7""]","[""1001O5899""]","[""56469""]",[],"[""OPLEIDING""]","[""114A561""]","[""Criminologie""]",[],step2-resolved,"[""rc-0038""]","[""src-leiden-crim-oer""]","[""https://www.organisatiegids.universiteitleiden.nl/binaries/content/assets/rechtsgeleerdheid/reglementen/oeren/2025-2026/fdr-onderwijs--en-examenregeling-oer-bachelor-criminologie-2025-2026-1.pdf""]",leiden-criminologie,"{""study_load_ec"":180,""modes"":[""VOLTIJD"",""DEELTIJD""]}"
cp-000285,285,282,Cultural Anthropology and Development Sociology,leiden,"[""leiden""]",standard,active,true,180,,"[""NLD""]","[""VOLTIJD""]","[""Leiden""]",,[299],"[""fa3a2734-93de-418f-9a9c-a8b76e6e23a3""]","[""1001O5651""]","[""50035""]",[],"[""OPLEIDING""]","[""114A561""]","[""Culturele Antropologie en Ontwikkelingssociologie"",""Cultural Anthropology and Development Sociology""]",[],step1-no-ambiguity,[],[],[],row-299,{}
cp-000286,286,283,Cybersecurity & Cybercrime,leiden,"[""leiden""]",standard,active,true,180,,"[""NLD""]","[""VOLTIJD""]","[""'s-Gravenhage""]",,[300],"[""edd060e9-1f6d-4023-8e68-ebe55d5989a7""]","[""1001O8924""]","[""59348""]",[],"[""OPLEIDING""]","[""114A561""]","[""Cybersecurity & Cybercrime""]",[],step1-no-ambiguity,[],[],[],row-300,{}
cp-000287,287,284,Data Science and Artificial Intelligence,leiden,"[""leiden""]",standard,active,true,180,,"[""ENG""]","[""VOLTIJD""]","[""Leiden""]",,[301],"[""a42b6f7f-b207-40c8-8655-9db3cf9ecadf""]","[""1001O5674""]","[""50300""]",[],"[""OPLEIDING""]","[""114A561""]","[""Data Science and Artificial Intelligence""]",[],step1-no-ambiguity,[],[],[],row-301,{}
cp-000288,288,285,Duitse Taal en Cultuur,leiden,"[""leiden""]",standard,active,true,180,,"[""NLD""]","[""VOLTIJD""]","[""Leiden""]",,[302],"[""6c2c1673-374e-41e5-b5c7-e2f9b1e4e050""]","[""1001O6004""]","[""56805""]",[],"[""OPLEIDING""]","[""114A561""]","[""Duitse Taal en Cultuur""]",[],step1-no-ambiguity,[],[],[],row-302,{}
cp-000289,289,286,Economie en Samenleving,leiden,"[""leiden""]",standard,active,true,180,,"[""NLD""]","[""VOLTIJD""]","[""'s-Gravenhage""]",,[303],"[""4b7ca1e3-7b76-44b9-91d7-5cba443515c4""]","[""1001O8921""]","[""50996""]",[],"[""OPLEIDING""]","[""114A561""]","[""Economie & Samenleving"",""Economie en Samenleving"",""Economics & Society""]",[],step1-no-ambiguity,[],[],[],row-303,{}
cp-000290,290,287,English Language and Culture,leiden,"[""leiden""]",standard,active,true,180,,"[""ENG""]","[""DEELTIJD"",""VOLTIJD""]","[""Leiden""]",,[304],"[""6a1f2ec1-36ec-4f7d-9ebe-a88e84bb160a"",""6ae30079-4cd6-43ff-bb20-ff67d9f33284""]","[""1001O6010""]","[""56806""]",[],"[""OPLEIDING""]","[""114A561""]","[""Engelse Taal en Cultuur"",""English Language and Culture""]",[],step1-no-ambiguity,[],[],[],row-304,{}
cp-000291,291,288,Film- en Literatuurwetenschap,leiden,"[""leiden""]",standard,active,true,180,,"[""NLD""]","[""VOLTIJD""]","[""Leiden""]",,[305],"[""d7731d03-7593-4ed9-9516-65642eb8bb0a""]","[""1001O5689""]","[""50414""]",[],"[""OPLEIDING""]","[""114A561""]","[""Film- en Literatuurwetenschap"",""Film and Literary Studies""]",[],step1-no-ambiguity,[],[],[],row-305,{}
cp-000292,292,289,Filosofie,leiden,"[""leiden""]",standard,active,true,180,,"[""NLD""]","[""DEELTIJD"",""VOLTIJD""]","[""Leiden""]",,[306],"[""5ba4a5cc-67b5-4b24-bef3-8211b46d8d65"",""f04865ab-07ab-473d-a227-3aebc1358c8a""]","[""1001O5837""]","[""56081""]",[],"[""OPLEIDING""]","[""114A561""]","[""Filosofie""]",[],step1-no-ambiguity,[],[],[],row-306,{}
cp-000293,293,290,Fiscaal Recht,leiden,"[""leiden""]",standard,active,true,180,,"[""NLD""]","[""VOLTIJD"",""DEELTIJD""]","[""Leiden""]",,[307],"[""13740343-8cc0-4857-a859-d1af59425991"",""c2311d3c-2fb8-4a92-893b-5857b81f4ced""]","[""1001O6061""]","[""56827""]",[],"[""OPLEIDING""]","[""114A561""]","[""Fiscaal Recht"",""Tax Law""]",[],step2-resolved,"[""rc-0039""]","[""src-leiden-fiscal""]","[""https://www.universiteitleiden.nl/onderwijs/opleidingen/bachelor/fiscaal-recht/pdf""]",leiden-fiscaal-recht,"{""study_load_ec"":180,""modes"":[""VOLTIJD"",""DEELTIJD""]}"
cp-000294,294,291,Franse Taal en Cultuur,leiden,"[""leiden""]",standard,active,true,180,,"[""NLD""]","[""VOLTIJD"",""DEELTIJD""]","[""Leiden""]",,[308],"[""45073c5b-1603-4af2-8994-24a755deb82e"",""ea20505f-8391-43fc-ab2e-5b4ced724af7""]","[""1001O6018""]","[""56808""]",[],"[""OPLEIDING""]","[""114A561""]","[""Franse Taal en Cultuur""]",[],step1-no-ambiguity,[],[],[],row-308,{}
cp-000295,295,292,Geneeskunde,leiden,"[""leiden""]",standard,active,true,180,,"[""NLD""]","[""VOLTIJD""]","[""Leiden""]",,[309],"[""25c52901-b71c-4b6b-bf06-ba8b28b9970a""]","[""1001O5903""]","[""56551""]",[],"[""OPLEIDING""]","[""114A561""]","[""Geneeskunde"",""Medicine""]",[],step1-no-ambiguity,[],[],[],row-309,{}
cp-000296,296,293,Geschiedenis,leiden,"[""leiden""]",standard,active,true,180,,"[""NLD""]","[""VOLTIJD""]","[""Leiden""]",,[310],"[""380b13e0-f7f4-461c-9342-5dba777a873b""]","[""1001O5816""]","[""56034""]",[],"[""OPLEIDING""]","[""114A561""]","[""Geschiedenis"",""History""]",[],step1-no-ambiguity,[],[],[],row-310,{}
cp-000297,297,294,Griekse en Latijnse Taal en Cultuur,leiden,"[""leiden""]",standard,active,true,180,,"[""NLD""]","[""VOLTIJD""]","[""Leiden""]",,[311],"[""2e7faf28-7b0b-41ad-9c53-b7316952f79d""]","[""1001O5805""]","[""56003""]",[],"[""OPLEIDING""]","[""114A561""]","[""Griekse en Latijnse Taal en Cultuur"",""Classics""]",[],step1-no-ambiguity,[],[],[],row-311,{}
cp-000298,298,295,Informatica,leiden,"[""leiden""]",standard,active,true,180,,"[""NLD""]","[""VOLTIJD""]","[""Leiden"",""'s-Gravenhage""]",,[312],"[""a4812baf-728b-4150-8051-5905a14a0505"",""ebd8088f-01e9-43dc-bc37-0fbafc517019""]","[""1001O6169""]","[""56978""]",[],"[""OPLEIDING""]","[""114A561""]","[""Informatica"",""Computer Science""]",[],step2-resolved,"[""rc-0040""]","[""src-leiden-informatica-history""]","[""https://www.universiteitleiden.nl/binaries/content/assets/algemeen/over-ons/jaarverslagen/2020/jaarverslag-universiteit-leiden-2020.pdf""]",leiden-informatica,"{""study_load_ec"":180,""modes"":[""VOLTIJD""],""current_location"":""Leiden"",""stale_variant"":""DEELTIJD Den Haag"",""part_time_admission_ended"":""2020-09"",""part_time_finish_out_ended"":""2024-09""}"
cp-000299,299,296,International Studies,leiden,"[""leiden""]",standard,active,true,180,,"[""ENG""]","[""VOLTIJD""]","[""'s-Gravenhage""]",,[313],"[""5148ad1c-e08b-4b33-a0bb-959a46f2c54c""]","[""1001O6229""]","[""59316""]",[],"[""OPLEIDING""]","[""114A561""]","[""International Studies""]",[],step1-no-ambiguity,[],[],[],row-313,{}
cp-000300,300,297,Italiaanse Taal en Cultuur,leiden,"[""leiden""]",standard,active,true,180,,"[""NLD""]","[""VOLTIJD""]","[""Leiden""]",,[314],"[""5e0dcfac-87d7-4241-a306-847fb32b9338""]","[""1001O6023""]","[""56809""]",[],"[""OPLEIDING""]","[""114A561""]","[""Italiaanse Taal en Cultuur""]",[],step1-no-ambiguity,[],[],[],row-314,{}
cp-000301,301,298,Japanstudies,leiden,"[""leiden""]",standard,active,true,180,,"[""NLD""]","[""VOLTIJD""]","[""Leiden""]",,[315],"[""8338f751-e95b-4388-ad31-a079d5489b26""]","[""1001O6039""]","[""56819""]",[],"[""OPLEIDING""]","[""114A561""]","[""Japanstudies"",""Japanese Studies""]",[],step1-no-ambiguity,[],[],[],row-315,{}
cp-000302,302,299,Koreastudies,leiden,"[""leiden""]",standard,active,true,180,,"[""NLD""]","[""VOLTIJD""]","[""Leiden""]",,[316],"[""a26947de-77c5-4e7f-b8ec-0f514fdf2b74""]","[""1001O6040""]","[""56820""]",[],"[""OPLEIDING""]","[""114A561""]","[""Koreastudies"",""Korean Studies""]",[],step1-no-ambiguity,[],[],[],row-316,{}
cp-000303,303,300,Kunstgeschiedenis,leiden,"[""leiden""]",standard,active,true,180,,"[""NLD""]","[""VOLTIJD"",""DEELTIJD""]","[""Leiden""]",,[317],"[""cf6ccfea-6aa4-47dc-8026-7a3cb434ed68"",""ec5d6df9-1407-4c3e-9744-b9eda96923ea""]","[""1001O6048""]","[""56824""]",[],"[""OPLEIDING""]","[""114A561""]","[""Kunstgeschiedenis""]",[],step1-no-ambiguity,[],[],[],row-317,{}
cp-000304,304,301,Latijns-Amerikastudies,leiden,"[""leiden""]",standard,active,true,180,,"[""NLD""]","[""VOLTIJD""]","[""Leiden""]",,[318],"[""1719d0f0-80f1-4e9e-9c82-f9f439ca0ce9""]","[""1001O5831""]","[""56052""]",[],"[""OPLEIDING""]","[""114A561""]","[""Latijns-Amerikastudies"",""Latin American Studies""]",[],step1-no-ambiguity,[],[],[],row-318,{}
cp-000305,305,302,Liberal Arts and Sciences: Global Challenges,leiden,"[""leiden""]",standard,active,true,180,,"[""ENG""]","[""VOLTIJD""]","[""'s-Gravenhage""]",,[319],"[""01471285-05ac-42ee-a8b7-8ed2d5301d8f""]","[""1001O5696""]","[""50429""]",[],"[""OPLEIDING""]","[""114A561""]","[""Liberal Arts and Sciences: Global Challenges""]",[],step1-no-ambiguity,[],[],[],row-319,{}
cp-000306,306,303,Midden-Oostenstudies,leiden,"[""leiden""]",standard,active,true,180,,"[""NLD""]","[""VOLTIJD""]","[""Leiden""]",,[320],"[""f547c15b-e8e0-46bf-badf-3656ef71a46b""]","[""1001O5846""]","[""56098""]",[],"[""OPLEIDING""]","[""114A561""]","[""Midden-Oostenstudies"",""Middle Eastern Studies""]",[],step1-no-ambiguity,[],[],[],row-320,{}
cp-000307,307,304,Molecular Science and Technology (joint degree Leiden + TU Delft),leiden,"[""leiden"",""tud""]",joint-degree,active,true,180,,"[""NLD""]","[""VOLTIJD""]","[""Leiden"",""Delft""]",,[321],"[""d0fe8a4d-c5a0-449f-b2a7-0f8aa5bad97e""]","[""1001O5791""]","[""55009""]",[],"[""OPLEIDING""]","[""114A561""]","[""Molecular Science and Technology (joint degree)""]",[],step2-resolved,"[""rc-0041""]","[""src-leiden-mst""]","[""https://www.organisatiegids.universiteitleiden.nl/binaries/content/assets/science/reglementen/onderwijs/2023-2024/oer-lst-mst_2023-24.pdf""]",leiden-tud-molecular-science-technology,"{""study_load_ec"":180,""programme_type"":""joint-degree"",""institutions"":[""Leiden University"",""Delft University of Technology""],""locations"":[""Leiden"",""Delft""]}"
cp-000308,308,305,Natuurkunde,leiden,"[""leiden""]",standard,active,true,180,,"[""NLD""]","[""VOLTIJD"",""DEELTIJD""]","[""Leiden""]",,[322],"[""36df5286-af3f-4bf9-b253-33a2e058deba"",""e6a6da23-a5da-4c1c-9591-af8fc3c22363""]","[""1001O5665""]","[""50206""]",[],"[""OPLEIDING""]","[""114A561""]","[""Natuurkunde"",""Physics""]",[],step1-no-ambiguity,[],[],[],row-322,{}
cp-000309,309,306,Nederlandkunde,leiden,"[""leiden""]",standard,active,true,180,,"[""NLD""]","[""VOLTIJD""]","[""Leiden""]",,[323],"[""1516a224-9dc7-486c-b4a9-194e29647841""]","[""1001O5832""]","[""56055""]",[],"[""OPLEIDING""]","[""114A561""]","[""Nederlandkunde/Dutch Studies"",""Nederlandkunde"",""Dutch Studies""]",[],step1-no-ambiguity,[],[],[],row-323,{}
cp-000310,310,307,Nederlandse Taal en Cultuur,leiden,"[""leiden""]",standard,active,true,180,,"[""NLD""]","[""VOLTIJD""]","[""Leiden""]",,[324],"[""f3d4ac08-6c10-41a1-9fd4-55bf8c48f4c9""]","[""1001O5998""]","[""56804""]",[],"[""OPLEIDING""]","[""114A561""]","[""Nederlandse Taal en Cultuur"",""Dutch Language and Culture""]",[],step1-no-ambiguity,[],[],[],row-324,{}
cp-000311,311,308,Notarieel Recht,leiden,"[""leiden""]",standard,active,true,180,,"[""NLD""]","[""VOLTIJD"",""DEELTIJD""]","[""Leiden""]",,[325],"[""2a8b67fc-e8eb-4845-a1b1-2f11864f7170"",""3420ec7c-ba55-4c48-9ddd-ac41f209c0b0""]","[""1001O6067""]","[""56828""]",[],"[""OPLEIDING""]","[""114A561""]","[""Notarieel Recht"",""Notarial Law""]",[],step2-resolved,"[""rc-0042""]","[""src-leiden-law-current""]","[""https://www.studiegids.universiteitleiden.nl/en/courses/133190/roman-law""]",leiden-notarieel-recht,"{""study_load_ec"":180,""modes"":[""VOLTIJD"",""DEELTIJD""]}"
cp-000312,312,309,Oude Nabije Oosten-studies,leiden,"[""leiden""]",standard,active,true,180,,"[""NLD""]","[""VOLTIJD""]","[""Leiden""]",,[326],"[""6b4029a3-29a3-47f3-a843-bbae08a5db15""]","[""1001O5865""]","[""56123""]",[],"[""OPLEIDING""]","[""114A561""]","[""Oude Nabije Oosten-studies"",""Ancient Near Eastern Studies""]",[],step1-no-ambiguity,[],[],[],row-326,{}
cp-000313,313,310,Pedagogische Wetenschappen,leiden,"[""leiden""]",standard,active,true,180,,"[""NLD""]","[""VOLTIJD""]","[""Leiden""]",,[327],"[""03adc3e8-6330-44a3-af7c-7c0167a302d9""]","[""1001O5943""]","[""56607""]",[],"[""OPLEIDING""]","[""114A561""]","[""Pedagogische Wetenschappen"",""Pedagogical Sciences""]",[],step1-no-ambiguity,[],[],[],row-327,{}
cp-000314,314,311,Politicologie,leiden,"[""leiden""]",standard,active,true,180,,"[""NLD""]","[""VOLTIJD""]","[""Leiden""]",,[328],"[""ef79d6dd-18b5-46f5-aa58-7e95d38c4138""]","[""1001O5939""]","[""56606""]",[],"[""OPLEIDING""]","[""114A561""]","[""Politicologie"",""Political Science""]",[],step2-resolved-split,"[""rc-0043""]","[""src-leiden-pol-iro"",""src-leiden-iro-curriculum""]","[""https://www.student.universiteitleiden.nl/en/your-study-programme/contact-and-advice/exchange-coordinators"",""https://www.universiteitleiden.nl/binaries/content/assets/sociale-wetenschappen/politieke-wetenschap/voorlichting/courses-bachelor-iro.pdf""]",leiden-political-science-two-routes--1,"{""targets"":[{""name"":""Politicologie"",""location"":""Leiden"",""language"":""NLD""},{""name"":""Political Science: International Relations and Organisations (IRO)"",""location"":""The Hague"",""language"":""ENG""}],""language"":""NLD"",""location"":""Leiden""}"
cp-000315,315,312,Political Science: International Relations and Organisations (IRO),leiden,"[""leiden""]",standard,active,true,180,,"[""ENG""]","[""VOLTIJD""]","[""The Hague""]",,[328],"[""0ba7c2f3-63cb-4e02-813f-abc71688802f""]","[""1001O5939""]","[""56606""]",[],"[""OPLEIDING""]","[""114A561""]","[""Politicologie"",""Political Science""]",[],step2-resolved-split,"[""rc-0043""]","[""src-leiden-pol-iro"",""src-leiden-iro-curriculum""]","[""https://www.student.universiteitleiden.nl/en/your-study-programme/contact-and-advice/exchange-coordinators"",""https://www.universiteitleiden.nl/binaries/content/assets/sociale-wetenschappen/politieke-wetenschap/voorlichting/courses-bachelor-iro.pdf""]",leiden-political-science-two-routes--2,"{""targets"":[{""name"":""Politicologie"",""location"":""Leiden"",""language"":""NLD""},{""name"":""Political Science: International Relations and Organisations (IRO)"",""location"":""The Hague"",""language"":""ENG""}],""language"":""ENG"",""location"":""The Hague""}"
cp-000316,316,313,Psychologie,leiden,"[""leiden""]",standard,active,true,180,,"[""NLD""]","[""VOLTIJD""]","[""Leiden""]",,[329],"[""b3bcc7d2-3569-4f03-bd03-74685fd72253""]","[""1001O5928""]","[""56604""]",[],"[""OPLEIDING""]","[""114A561""]","[""Psychologie"",""Psychology""]",[],step1-no-ambiguity,[],[],[],row-329,{}
cp-000317,317,314,Rechtsgeleerdheid,leiden,"[""leiden""]",standard,active,true,180,,"[""NLD""]","[""VOLTIJD"",""DEELTIJD""]","[""Leiden""]",,[330],"[""4d5b3ac7-9c43-4696-bfde-02ec758cb4c9"",""9f454950-1598-4f30-9472-eaad8d2011cb""]","[""1001O5724""]","[""50700""]",[],"[""OPLEIDING""]","[""114A561""]","[""Rechtsgeleerdheid""]",[],step2-resolved,"[""rc-0044""]","[""src-leiden-law-current""]","[""https://www.studiegids.universiteitleiden.nl/en/courses/133190/roman-law""]",leiden-rechtsgeleerdheid,"{""study_load_ec"":180,""modes"":[""VOLTIJD"",""DEELTIJD""]}"
cp-000318,318,315,Religiewetenschappen,leiden,"[""leiden""]",standard,active,true,180,,"[""NLD""]","[""VOLTIJD"",""DEELTIJD""]","[""Leiden""]",,[331],"[""4366f339-b9e7-4c10-8ac6-993ddf02c6fb"",""b1840abc-6948-49e9-ade4-f33402b17186""]","[""1001O5750""]","[""50902""]",[],"[""OPLEIDING""]","[""114A561""]","[""Religiewetenschappen"",""Religious Studies""]",[],step1-no-ambiguity,[],[],[],row-331,{}
cp-000319,319,316,Russische Studies,leiden,"[""leiden""]",standard,active,true,180,,"[""NLD""]","[""VOLTIJD""]","[""Leiden""]",,[332],"[""9ff4aca0-5872-4f99-a657-86ef46fcd4dc""]","[""1001O5746""]","[""50855""]",[],"[""OPLEIDING""]","[""114A561""]","[""Russische Studies"",""Russian Studies""]",[],step1-no-ambiguity,[],[],[],row-332,{}
cp-000320,320,317,Science for Sustainable Societies,leiden,"[""leiden""]",standard,active,true,180,,"[""ENG""]","[""VOLTIJD""]","[""Leiden""]",,[333],"[""23783a5b-9606-46aa-8551-9af17c922efb""]","[""1001O8926""]","[""50474""]",[],"[""OPLEIDING""]","[""114A561""]","[""Science for Sustainable Societies""]",[],step1-no-ambiguity,[],[],[],row-333,{}
cp-000321,321,318,Security Studies,leiden,"[""leiden""]",standard,active,true,180,,"[""ENG""]","[""VOLTIJD""]","[""'s-Gravenhage""]",,[334],"[""97b29776-81a7-4cdf-a436-d140e66cb614""]","[""1001O6231""]","[""59320""]",[],"[""OPLEIDING""]","[""114A561""]","[""Security Studies""]",[],step1-no-ambiguity,[],[],[],row-334,{}
cp-000322,322,319,South and Southeast Asian Studies,leiden,"[""leiden""]",standard,active,true,180,,"[""ENG""]","[""VOLTIJD""]","[""Leiden""]",,[335],"[""2fc604cd-7bb1-4555-a28f-f2e3094e5b16""]","[""1001O5848""]","[""56099""]",[],"[""OPLEIDING""]","[""114A561""]","[""Zuid- en Zuidoost-Aziëstudies"",""South and Southeast Asian Studies""]",[],step1-no-ambiguity,[],[],[],row-335,{}
cp-000323,323,320,Sterrenkunde,leiden,"[""leiden""]",standard,active,true,180,,"[""NLD""]","[""VOLTIJD""]","[""Leiden""]",,[336],"[""c11036c6-3d5a-46e5-8cf7-77ade229f7c0""]","[""1001O5663""]","[""50205""]",[],"[""OPLEIDING""]","[""114A561""]","[""Sterrenkunde"",""Astronomy""]",[],step1-no-ambiguity,[],[],[],row-336,{}
cp-000324,324,321,Taalwetenschap,leiden,"[""leiden""]",standard,active,true,180,,"[""NLD""]","[""VOLTIJD""]","[""Leiden""]",,[337],"[""317696ce-099e-4d80-ac75-6e9203b4a505""]","[""1001O5992""]","[""56803""]",[],"[""OPLEIDING""]","[""114A561""]","[""Taalwetenschap"",""Linguistics""]",[],step1-no-ambiguity,[],[],[],row-337,{}
cp-000325,325,322,Urban Studies,leiden,"[""leiden""]",standard,active,true,180,,"[""ENG""]","[""VOLTIJD""]","[""'s-Gravenhage""]",,[338],"[""7699cbb2-d1db-4f58-ba2e-c63f7807f00b""]","[""1001O6237""]","[""59328""]",[],"[""OPLEIDING""]","[""114A561""]","[""Urban Studies""]",[],step1-no-ambiguity,[],[],[],row-338,{}
cp-000326,326,323,Wiskunde,leiden,"[""leiden""]",standard,active,true,180,,"[""NLD""]","[""VOLTIJD"",""DEELTIJD""]","[""Leiden""]",,[339],"[""1eebade1-2fc2-4516-8dbd-395527bc62fb"",""8d8fc7ea-73ca-428c-8992-0dc16fb78644""]","[""1001O6176""]","[""56980""]",[],"[""OPLEIDING""]","[""114A561""]","[""Wiskunde"",""Mathematics""]",[],step1-no-ambiguity,[],[],[],row-339,{}
cp-000327,327,324,Civil Engineering,ut,"[""ut""]",standard,active,true,180,3,"[""ENG""]","[""VOLTIJD""]",[],,[340],"[""378a7b38-6d8e-4e6f-8050-7d9af08a60d6""]","[""1015O6816""]",[],[],"[""VARIANT""]","[""114A514""]","[""Bachelor Civil Engineering""]",[],step2-resolved,"[""rc-0045""]","[""src-ut-civil""]","[""https://www.utwente.nl/en/ce/bachelor-ce/""]",ut-civil-engineering,"{""study_load_ec"":180,""duration_years"":3}"
cp-000328,328,325,Bachelor Creative Technology,ut,"[""ut""]",standard,active,true,180,,"[""ENG""]","[""VOLTIJD""]",[],,[341],"[""10dc9743-58ff-c392-e063-0f10140a1489""]","[""1015O6821""]",[],"[""50447""]","[""VARIANT""]","[""114A514""]","[""Bachelor Creative Technology""]",[],step1-no-ambiguity,[],[],[],row-341,{}
cp-000329,329,326,Bachelor Creative Technology - Amsterdam (VU-UT),ut,"[""ut""]",standard,active,true,180,,"[""ENG""]","[""VOLTIJD""]",[],,[342],"[""10dc9743-5906-c392-e063-0f10140a1489""]","[""1015O6822""]",[],"[""50447""]","[""VARIANT""]","[""114A514""]","[""Bachelor Creative Technology - Amsterdam (VU-UT)""]",[],step1-no-ambiguity,[],[],[],row-342,{}
cp-000330,330,327,Bachelor Mechanical Engineering,ut,"[""ut""]",standard,active,true,180,,"[""ENG""]","[""VOLTIJD""]",[],,[343],"[""02531414-1515-43f1-9589-77cbad138cbb""]","[""1015O6818""]",[],"[""50439""]","[""VARIANT""]","[""114A514""]","[""Bachelor Mechanical Engineering""]",[],step1-no-ambiguity,[],[],[],row-343,{}
cp-000331,331,328,Bachelor Mechanical Engineering - Amsterdam (VU-UT),ut,"[""ut""]",standard,active,true,180,,"[""ENG""]","[""VOLTIJD""]",[],,[344],"[""95ca715a-1938-470b-a64c-8469337f322b""]","[""1015O7322""]",[],"[""50439""]","[""VARIANT""]","[""114A514""]","[""Bachelor Mechanical Engineering - Amsterdam (VU-UT)""]",[],step1-no-ambiguity,[],[],[],row-344,{}
cp-000332,332,329,Aardwetenschappen,uu,"[""uu""]",standard,active,true,180,,"[""NLD""]","[""VOLTIJD""]",[],,[345],"[""bf2e8c3d-6ced-4a33-a739-621d58dbf237""]","[""1015O5101""]",[],"[""56986""]","[""VARIANT""]","[""112A764""]","[""Aardwetenschappen"",""Earth Sciences""]",[],step1-no-ambiguity,[],[],[],row-345,{}
cp-000333,333,330,Academische lerarenopleiding primair onderwijs,uu,"[""uu""]",standard,active,true,180,,"[""NLD""]","[""DEELTIJD"",""VOLTIJD""]",[],,[346],"[""0c38e9ed-b76e-7689-e063-6f41a8c02adf"",""7ade0e47-c1a5-4241-b016-819cf8955377""]","[""1015O5638""]",[],"[""50003""]","[""VARIANT""]","[""112A764""]","[""Academische lerarenopleiding primair onderwijs""]",[],step1-no-ambiguity,[],[],[],row-346,{}
cp-000334,334,331,Bestuurs- en organisatiewetenschap,uu,"[""uu""]",standard,active,true,180,,"[""NLD""]","[""VOLTIJD""]",[],,[347],"[""3e86db3b-cb74-4ba7-b9ba-9c0c00002ff6""]","[""1001O5626""]","[""50007""]",[],"[""OPLEIDING""]","[""112A764""]","[""Bestuurs- en Organisatiewetenschap"",""Bestuurs- en organisatiewetenschap"",""Public Administration and Organisation Science""]",[],step1-no-ambiguity,[],[],[],row-347,{}
cp-000335,335,332,Biologie,uu,"[""uu""]",standard,active,true,180,,"[""NLD""]","[""VOLTIJD""]",[],,[348],"[""0c3c8996-ee9f-6c8e-e063-6f41a8c067fb""]","[""1015O5740""]",[],"[""56860""]","[""VARIANT""]","[""112A764""]","[""Biologie"",""Biology""]",[],step1-no-ambiguity,[],[],[],row-348,{}
cp-000336,336,333,Biomedische wetenschappen,uu,"[""uu""]",standard,active,true,180,,"[""NLD""]","[""VOLTIJD""]",[],,[349],"[""0c3c8996-eeaf-6c8e-e063-6f41a8c067fb""]","[""1001O6204""]","[""56990""]",[],"[""OPLEIDING""]","[""112A764""]","[""Biomedische Wetenschappen"",""Biomedische wetenschappen"",""Biomedical Sciences""]",[],step1-no-ambiguity,[],[],[],row-349,{}
cp-000337,337,334,Communicatie- en informatiewetenschappen,uu,"[""uu""]",standard,active,true,180,,"[""NLD""]","[""VOLTIJD""]",[],,[350],"[""0c3c8996-eeef-6c8e-e063-6f41a8c067fb""]","[""1001O6057""]","[""56826""]",[],"[""OPLEIDING""]","[""112A764""]","[""Communicatie- en Informatiewetenschappen"",""Communicatie- en informatiewetenschappen"",""Communication and Information Studies""]",[],step1-no-ambiguity,[],[],[],row-350,{}
cp-000338,338,335,Culturele antropologie en ontwikkelingssociologie,uu,"[""uu""]",standard,active,true,180,,"[""NLD""]","[""VOLTIJD""]",[],,[351],"[""61868f1f-281a-4642-97e9-f4adcf9166e3""]","[""1016O4381""]",[],"[""50035""]","[""VARIANT""]","[""112A764""]","[""Culturele antropologie en ontwikkelingssociologie"",""Cultural Anthropology and Development Sociology""]",[],step1-no-ambiguity,[],[],[],row-351,{}
cp-000339,339,336,Diergeneeskunde,uu,"[""uu""]",standard,active,true,180,,"[""NLD""]","[""VOLTIJD""]",[],,[352],"[""0c3c8996-ef47-6c8e-e063-6f41a8c067fb""]","[""1001O5919""]","[""56570""]",[],"[""OPLEIDING""]","[""112A764""]","[""Diergeneeskunde"",""Veterinary Medicine""]",[],step1-no-ambiguity,[],[],[],row-352,{}
cp-000340,340,337,Economics and Business Economics,uu,"[""uu""]",standard,active,true,180,,"[""ENG""]","[""VOLTIJD""]",[],,[353],"[""0c3c8996-ef67-6c8e-e063-6f41a8c067fb""]","[""1015O5768""]",[],"[""50950""]","[""VARIANT""]","[""112A764""]","[""Economics and Business Economics""]",[],step1-no-ambiguity,[],[],[],row-353,{}
cp-000341,341,338,English Language and Culture,uu,"[""uu""]",standard,active,true,180,,"[""ENG""]","[""VOLTIJD""]",[],,[354],"[""6a92998f-ff9a-421b-bc5f-828673b5720f""]","[""1016O8883""]",[],"[""50290""]","[""VARIANT""]","[""112A764""]","[""English Language and Culture""]",[],step1-no-ambiguity,[],[],[],row-354,{}
cp-000342,342,339,Farmacie,uu,"[""uu""]",standard,active,true,180,,"[""NLD""]","[""VOLTIJD""]",[],,[355],"[""0c3c8996-efcf-6c8e-e063-6f41a8c067fb""]","[""1015O5782""]",[],"[""56157""]","[""VARIANT""]","[""112A764""]","[""Farmacie"",""Pharmacy""]",[],step1-no-ambiguity,[],[],[],row-355,{}
cp-000343,343,340,Filosofie,uu,"[""uu""]",standard,active,true,180,,"[""NLD""]","[""VOLTIJD""]",[],,[356],"[""0c3cf58d-c301-5959-e063-6f41a8c03f22""]","[""1015O5772""]",[],"[""56081""]","[""VARIANT""]","[""112A764""]","[""Filosofie"",""Philosophy""]",[],step1-no-ambiguity,[],[],[],row-356,{}
cp-000344,344,341,Geneeskunde,uu,"[""uu""]",standard,active,true,180,,"[""NLD""]","[""VOLTIJD""]",[],,[357],"[""0c3c8996-f027-6c8e-e063-6f41a8c067fb""]","[""1001O5905""]","[""56551""]",[],"[""OPLEIDING""]","[""112A764""]","[""Geneeskunde"",""Medicine""]",[],step1-no-ambiguity,[],[],[],row-357,{}
cp-000345,345,342,Geschiedenis,uu,"[""uu""]",standard,active,true,180,,"[""NLD""]","[""VOLTIJD""]",[],,[358],"[""0c3c8996-f00f-6c8e-e063-6f41a8c067fb""]","[""1015O5790""]",[],"[""56034""]","[""VARIANT""]","[""112A764""]","[""Geschiedenis"",""History""]",[],step1-no-ambiguity,[],[],[],row-358,{}
cp-000346,346,343,Global Sustainability Science,uu,"[""uu""]",standard,active,true,180,,"[""ENG""]","[""VOLTIJD""]",[],,[359],"[""0c3c8996-f037-6c8e-e063-6f41a8c067fb""]","[""1015O5795""]",[],"[""56987""]","[""VARIANT""]","[""112A764""]","[""Global Sustainability Science""]",[],step1-no-ambiguity,[],[],[],row-359,{}
cp-000347,347,344,History,uu,"[""uu""]",standard,active,true,180,,"[""ENG""]","[""VOLTIJD""]",[],,[360],"[""0c3c8996-f077-6c8e-e063-6f41a8c067fb""]","[""1015O5802""]",[],"[""56034""]","[""VARIANT""]","[""112A764""]","[""History""]",[],step1-no-ambiguity,[],[],[],row-360,{}
cp-000348,348,345,Informatica,uu,"[""uu""]",standard,active,true,180,,"[""NLD""]","[""VOLTIJD""]",[],,[361],"[""0c3c8996-f0cf-6c8e-e063-6f41a8c067fb""]","[""1015O5812""]",[],"[""56978""]","[""VARIANT""]","[""112A764""]","[""Informatica"",""Computer Science""]",[],step1-no-ambiguity,[],[],[],row-361,{}
cp-000349,349,346,Informatiekunde,uu,"[""uu""]",standard,active,true,180,,"[""NLD""]","[""VOLTIJD""]",[],,[362],"[""0c3c8996-f0df-6c8e-e063-6f41a8c067fb""]","[""1015O5814""]",[],"[""56842""]","[""VARIANT""]","[""112A764""]","[""Informatiekunde"",""Information Science""]",[],step1-no-ambiguity,[],[],[],row-362,{}
cp-000350,350,347,Interdisciplinaire sociale wetenschap,uu,"[""uu""]",standard,active,true,180,,"[""NLD""]","[""VOLTIJD""]",[],,[363],"[""0c3c8996-ee67-6c8e-e063-6f41a8c067fb""]","[""1015O5733""]",[],"[""56631""]","[""VARIANT""]","[""112A764""]","[""Interdisciplinaire sociale wetenschap"",""Interdisciplinary Social Science""]",[],step1-no-ambiguity,[],[],[],row-363,{}
cp-000351,351,348,Kunstgeschiedenis,uu,"[""uu""]",standard,active,true,180,,"[""NLD""]","[""VOLTIJD""]",[],,[364],"[""0c3c8996-f12f-6c8e-e063-6f41a8c067fb""]","[""1001O6050""]","[""56824""]",[],"[""OPLEIDING""]","[""112A764""]","[""Kunstgeschiedenis"",""Art History""]",[],step1-no-ambiguity,[],[],[],row-364,{}
cp-000352,352,349,Kunstmatige Intelligentie,uu,"[""uu""]",standard,active,true,180,,"[""NLD""]","[""VOLTIJD""]",[],,[365],"[""0c3c8996-eeff-6c8e-e063-6f41a8c067fb""]","[""1001O6183""]","[""56981""]",[],"[""OPLEIDING""]","[""112A764""]","[""Kunstmatige Intelligentie"",""Artificial Intelligence""]",[],step1-no-ambiguity,[],[],[],row-365,{}
cp-000353,353,350,Liberal Arts and Sciences,uu,"[""uu""]",standard,active,true,180,,"[""NLD""]","[""VOLTIJD""]",[],,[366],"[""0c3c8996-f137-6c8e-e063-6f41a8c067fb""]","[""1015O5824""]",[],"[""50393""]","[""VARIANT""]","[""112A764""]","[""Liberal Arts and Sciences""]",[],step1-no-ambiguity,[],[],[],row-366,{}
cp-000354,354,351,Literatuurwetenschap,uu,"[""uu""]",standard,active,true,180,,"[""NLD""]","[""VOLTIJD""]",[],,[367],"[""0c3c8996-f145-6c8e-e063-6f41a8c067fb""]","[""1001O5989""]","[""56802""]",[],"[""OPLEIDING""]","[""112A764""]","[""Literatuurwetenschap"",""Literary Studies""]",[],step1-no-ambiguity,[],[],[],row-367,{}
cp-000355,355,352,Media en cultuur,uu,"[""uu""]",standard,active,true,180,,"[""NLD""]","[""VOLTIJD""]",[],,[368],"[""c3dbc751-ba80-49f7-a55a-17ab1554d6a7""]","[""1001O5758""]","[""50906""]",[],"[""OPLEIDING""]","[""112A764""]","[""Media en Cultuur"",""Media en cultuur"",""Media and Culture""]",[],step1-no-ambiguity,[],[],[],row-368,{}
cp-000356,356,353,Molecular and Biophysical Life Sciences,uu,"[""uu""]",standard,active,true,180,,"[""ENG""]","[""VOLTIJD""]",[],,[369],"[""0c3c8996-f175-6c8e-e063-6f41a8c067fb""]","[""1001O5804""]","[""55825""]",[],"[""OPLEIDING""]","[""112A764""]","[""Molecular and Biophysical Life Sciences""]",[],step1-no-ambiguity,[],[],[],row-369,{}
cp-000357,357,354,Muziekwetenschap,uu,"[""uu""]",standard,active,true,180,,"[""NLD""]","[""VOLTIJD""]",[],,[370],"[""0c3c8996-f1a5-6c8e-e063-6f41a8c067fb""]","[""1001O5975""]","[""56700""]",[],"[""OPLEIDING""]","[""112A764""]","[""Muziekwetenschap"",""Musicology""]",[],step1-no-ambiguity,[],[],[],row-370,{}
cp-000358,358,355,Natuur- en Sterrenkunde,uu,"[""uu""]",standard,active,true,180,,"[""NLD""]","[""VOLTIJD""]",[],,[371],"[""0c3c8996-f1b5-6c8e-e063-6f41a8c067fb""]","[""1015O5840""]",[],"[""56984""]","[""VARIANT""]","[""112A764""]","[""Natuur- en Sterrenkunde"",""Physics & Astronomy""]",[],step1-no-ambiguity,[],[],[],row-371,{}
cp-000359,359,356,Natuurwetenschap en Innovatiemanagement,uu,"[""uu""]",standard,active,true,180,,"[""NLD""]","[""VOLTIJD""]",[],,[372],"[""0c3c8996-f0ef-6c8e-e063-6f41a8c067fb""]","[""1015O5816""]",[],"[""56982""]","[""VARIANT""]","[""112A764""]","[""Natuurwetenschap en Innovatiemanagement"",""Science and Innovation Management""]",[],step1-no-ambiguity,[],[],[],row-372,{}
cp-000360,360,357,Nederlandse taal en cultuur,uu,"[""uu""]",standard,active,true,180,,"[""NLD""]","[""VOLTIJD""]",[],,[373],"[""0c38e9ed-b7a6-7689-e063-6f41a8c02adf""]","[""1015O5681""]",[],"[""56804""]","[""VARIANT""]","[""112A764""]","[""Nederlandse taal en cultuur"",""Dutch Language and Culture""]",[],step1-no-ambiguity,[],[],[],row-373,{}
cp-000361,361,358,Onderwijswetenschappen,uu,"[""uu""]",standard,active,true,180,,"[""NLD""]","[""DEELTIJD"",""VOLTIJD""]",[],,[374],"[""0c38e9ed-b75e-7689-e063-6f41a8c02adf"",""0c38e9ed-b766-7689-e063-6f41a8c02adf""]","[""1016O8472""]",[],"[""50003""]","[""VARIANT""]","[""112A764""]","[""Onderwijswetenschappen""]",[],step1-no-ambiguity,[],[],[],row-374,{}
cp-000362,362,359,Pedagogische Wetenschappen,uu,"[""uu""]",standard,active,true,180,,"[""NLD""]","[""VOLTIJD""]",[],,[375],"[""0c3c8996-f225-6c8e-e063-6f41a8c067fb""]","[""1015O5854""]",[],"[""56607""]","[""VARIANT""]","[""112A764""]","[""Pedagogische Wetenschappen"",""Pedagogical Sciences""]",[],step1-no-ambiguity,[],[],[],row-375,{}
cp-000363,363,360,"Philosophy, Politics and Economics",uu,"[""uu""]",standard,active,true,180,,"[""ENG""]","[""VOLTIJD""]",[],,[376],"[""0c3c8996-f245-6c8e-e063-6f41a8c067fb""]","[""1001O5778""]","[""54999""]",[],"[""OPLEIDING""]","[""112A764""]","[""Philosophy, Politics and Economics""]",[],step1-no-ambiguity,[],[],[],row-376,{}
cp-000364,364,361,"Politiek, cultuur en religie | Religiewetenschappen",uu,"[""uu""]",standard,active,true,180,,"[""NLD""]","[""VOLTIJD""]",[],,[377],"[""a57b71a2-0ac3-416f-bc6a-17d0cfccc6e9""]","[""1016O8474""]",[],"[""50902""]","[""VARIANT""]","[""112A764""]","[""Religiewetenschappen"",""Politiek, cultuur en religie | Religiewetenschappen""]",[],step1-no-ambiguity,[],[],[],row-377,{}
cp-000365,365,362,Psychologie,uu,"[""uu""]",standard,active,true,180,,"[""NLD""]","[""VOLTIJD""]",[],,[378],"[""0c3c8996-f30b-6c8e-e063-6f41a8c067fb""]","[""1015O5888""]",[],"[""56604""]","[""VARIANT""]","[""112A764""]","[""Psychologie"",""Psychology""]",[],step1-no-ambiguity,[],[],[],row-378,{}
cp-000366,366,363,Rechtsgeleerdheid,uu,"[""uu""]",standard,active,true,180,,"[""NLD""]","[""VOLTIJD""]",[],,[379],"[""0c3c8996-f323-6c8e-e063-6f41a8c067fb""]","[""1001O5726""]","[""50700""]",[],"[""OPLEIDING""]","[""112A764""]","[""Rechtsgeleerdheid""]",[],step1-no-ambiguity,[],[],[],row-379,{}
cp-000367,367,364,Scheikunde,uu,"[""uu""]",standard,active,true,180,,"[""NLD""]","[""VOLTIJD""]",[],,[380],"[""0c3c8996-f3f9-6c8e-e063-6f41a8c067fb""]","[""1015O5904""]",[],"[""56857""]","[""VARIANT""]","[""112A764""]","[""Scheikunde"",""Chemistry""]",[],step1-no-ambiguity,[],[],[],row-380,{}
cp-000368,368,365,Sociale geografie en planologie,uu,"[""uu""]",standard,active,true,180,,"[""NLD""]","[""VOLTIJD"",""DEELTIJD""]",[],,[381],"[""0c3c8996-f3d1-6c8e-e063-6f41a8c067fb"",""0c3c8996-f3d9-6c8e-e063-6f41a8c067fb""]","[""1015O5901""]",[],"[""56838""]","[""VARIANT""]","[""112A764""]","[""Sociale geografie en planologie"",""Human Geography and Planning""]",[],step1-no-ambiguity,[],[],[],row-381,{}
cp-000369,369,366,Sociologie,uu,"[""uu""]",standard,active,true,180,,"[""NLD""]","[""VOLTIJD""]",[],,[382],"[""0c3c8996-f3b9-6c8e-e063-6f41a8c067fb""]","[""1015O5898""]",[],"[""56601""]","[""VARIANT""]","[""112A764""]","[""Sociologie"",""Sociology""]",[],step1-no-ambiguity,[],[],[],row-382,{}
cp-000370,370,367,Spaanse taal en cultuur,uu,"[""uu""]",standard,active,true,180,,"[""NLD""]","[""VOLTIJD""]",[],,[383],"[""0c3cf58d-c351-5959-e063-6f41a8c03f22""]","[""1015O5896""]",[],"[""56810""]","[""VARIANT""]","[""112A764""]","[""Spaanse taal en cultuur"",""Spanish Language and Culture""]",[],step1-no-ambiguity,[],[],[],row-383,{}
cp-000371,371,368,Taal- en cultuurstudies,uu,"[""uu""]",standard,active,true,180,,"[""NLD""]","[""VOLTIJD""]",[],,[384],"[""0c3cf58d-c321-5959-e063-6f41a8c03f22""]","[""1015O5828""]",[],"[""56801""]","[""VARIANT""]","[""112A764""]","[""Taal- en cultuurstudies""]",[],step1-no-ambiguity,[],[],[],row-384,{}
cp-000372,372,369,Taalwetenschap,uu,"[""uu""]",standard,active,true,180,,"[""NLD""]","[""VOLTIJD""]",[],,[385],"[""0c3cf58d-c319-5959-e063-6f41a8c03f22""]","[""1001O5994""]","[""56803""]",[],"[""OPLEIDING""]","[""112A764""]","[""Taalwetenschap"",""Linguistics""]",[],step1-no-ambiguity,[],[],[],row-385,{}
cp-000373,373,370,UCR Liberal Arts and Sciences,uu,"[""uu""]",standard,active,true,180,,"[""ENG""]","[""VOLTIJD""]",[],,[386],"[""0a457f9d-c678-219f-e063-6f41a8c003e4""]","[""1015O5825""]",[],"[""50393""]","[""VARIANT""]","[""112A764""]","[""UCR Liberal Arts and Sciences""]",[],step1-no-ambiguity,[],[],[],row-386,{}
cp-000374,374,371,UCU Liberal Arts and Sciences,uu,"[""uu""]",standard,active,true,180,,"[""ENG""]","[""VOLTIJD""]",[],,[387],"[""0a457f9d-c680-219f-e063-6f41a8c003e4""]","[""1015O5826""]",[],"[""50393""]","[""VARIANT""]","[""112A764""]","[""UCU Liberal Arts and Sciences""]",[],step1-no-ambiguity,[],[],[],row-387,{}
cp-000375,375,372,Wiskunde,uu,"[""uu""]",standard,active,true,180,,"[""NLD""]","[""VOLTIJD""]",[],,[388],"[""0c3cf58d-c2f9-5959-e063-6f41a8c03f22""]","[""1015O5757""]",[],"[""56980""]","[""VARIANT""]","[""112A764""]","[""Wiskunde"",""Mathematics""]",[],step1-no-ambiguity,[],[],[],row-388,{}
cp-000376,376,373,"Zorg, Gezondheid & Samenleving",uu,"[""uu""]",standard,active,true,180,,"[""NLD""]","[""VOLTIJD""]",[],,[389],"[""0c3cf58d-c2d9-5959-e063-6f41a8c03f22""]","[""1001O5777""]","[""50981""]",[],"[""OPLEIDING""]","[""112A764""]","[""Zorg, Gezondheid & Samenleving"",""Clinical Sciences""]",[],step1-no-ambiguity,[],[],[],row-389,{}
cp-000377,377,374,Actuarial Science,uva,"[""uva""]",standard,active,true,180,,"[""ENG"",""NLD""]","[""VOLTIJD""]","[""Amsterdam""]",,[390],"[""1df36934-4bdf-4a60-90df-20739ffdc3c7"",""f3749f99-6a24-41cf-8386-298f1fb54a06""]","[""1001O5889""]","[""56411""]",[],"[""OPLEIDING""]","[""113A697""]","[""Actuariële Wetenschappen"",""Actuarial Science""]","[""http://www.uva.nl/bsc-actuariele-wetenschappen"",""http://www.uva.nl/bsc-actuarial-science""]",step2-resolved,"[""rc-0046""]","[""src-uva-actuarial""]","[""https://www.uva.nl/en/programmes/bachelors/actuarial-science/study-programme/study-programme.html""]",uva-actuarial-science,"{""study_load_ec"":180,""languages"":[""ENG"",""NLD""],""modes"":[""VOLTIJD""]}"
cp-000378,378,375,Arabische Taal en Cultuur,uva,"[""uva""]",standard,active,true,180,,"[""NLD""]","[""DEELTIJD"",""VOLTIJD""]","[""Amsterdam""]",,[391],"[""4058d53c-f2fd-4bf5-abea-42515131851b"",""c3a0d022-5978-4a76-80b1-b20982b7325d""]","[""1001O5825""]","[""56040""]",[],"[""OPLEIDING""]","[""113A697""]","[""Arabische Taal en Cultuur"",""Arabic Language and Culture""]","[""http://www.uva.nl/ba-arabisch""]",step1-no-ambiguity,[],[],[],row-391,{}
cp-000379,379,376,Archaeology / Archeologie,uva,"[""uva""]",standard,active,true,180,,"[""ENG"",""NLD""]","[""VOLTIJD""]","[""Amsterdam""]",,[392],"[""9d8a6a84-94bd-41a3-8d3a-359980448143"",""cd831aad-7a2c-428b-8bd3-97bb38b428bc""]","[""1001O5980""]","[""56703""]",[],"[""OPLEIDING""]","[""113A697""]","[""Archeologie"",""Archaeology""]","[""http://www.uva.nl/ba-archaeology"",""http://www.uva.nl/ba-archeologie""]",step2-resolved,"[""rc-0047""]","[""src-uva-arch""]","[""https://www.uva.nl/en/programmes/bachelors/archaeology/index.html""]",uva-archaeology,"{""study_load_ec"":180,""languages"":[""ENG"",""NLD""],""modes"":[""VOLTIJD""]}"
cp-000380,380,377,Biologie,uva,"[""uva""]",standard,active,true,180,,"[""NLD""]","[""VOLTIJD""]","[""Amsterdam""]",,[393],"[""08fd8b27-0c85-43b5-9876-85ea46d2e062""]","[""1001O6121""]","[""56860""]",[],"[""OPLEIDING""]","[""113A697""]","[""Biologie"",""Biology""]","[""http://uva.nl/bsc-biologie""]",step1-no-ambiguity,[],[],[],row-393,{}
cp-000381,381,378,Biomedische Wetenschappen,uva,"[""uva""]",standard,active,true,180,,"[""NLD""]","[""VOLTIJD""]","[""Amsterdam""]",,[394],"[""78ab29bd-d4be-4a94-a320-ee89c1e92b1a""]","[""1001O6206""]","[""56990""]",[],"[""OPLEIDING""]","[""113A697""]","[""Biomedische Wetenschappen"",""Biomedical Science""]","[""http://uva.nl/bsc-biomedisch""]",step1-no-ambiguity,[],[],[],row-394,{}
cp-000382,382,379,Business Administration,uva,"[""uva""]",standard,active,true,180,,"[""ENG"",""NLD""]","[""VOLTIJD""]","[""Amsterdam""]",,[395],"[""42b7c0d9-863c-432f-97c7-295ffa99990b"",""999c4bba-abe8-4069-95c2-390361eeba8f""]","[""1001O5748""]","[""50897""]",[],"[""OPLEIDING""]","[""113A697""]","[""Business Administration""]","[""http://uva.nl/bsc-business-administration"",""http://uva.nl/en/bsc-ba""]",step2-resolved,"[""rc-0048""]","[""src-uva-ba""]","[""https://www.uva.nl/en/programmes/bachelors/business-administration/business-administration.html""]",uva-business-administration,"{""study_load_ec"":180,""languages"":[""ENG"",""NLD""],""modes"":[""VOLTIJD""]}"
cp-000383,383,380,Business Analytics,uva,"[""uva""]",standard,active,true,180,,"[""ENG""]","[""VOLTIJD""]","[""Amsterdam""]",,[396],"[""01856e4c-048d-4580-98ca-1d4621577af2""]","[""1001O6109""]","[""56856""]",[],"[""OPLEIDING""]","[""113A697""]","[""Business Analytics""]","[""https://www.uva.nl/bsc-business-analytics-en""]",step1-no-ambiguity,[],[],[],row-396,{}
cp-000384,384,381,Bèta-gamma,uva,"[""uva""]",standard,active,true,180,,"[""NLD""]","[""VOLTIJD""]","[""Amsterdam""]",,[397],"[""f80fc9b1-0f70-44a1-9989-ea082f5d9a0e""]","[""1001O5668""]","[""50250""]",[],"[""OPLEIDING""]","[""113A697""]","[""Bèta-gamma"",""Natural and Social Sciences""]","[""http://uva.nl/bg""]",step1-no-ambiguity,[],[],[],row-397,{}
cp-000385,385,382,"Cognition, Language and Communication",uva,"[""uva""]",standard,active,true,180,,"[""NLD""]","[""VOLTIJD""]","[""Amsterdam""]",,[398],"[""a7c11c14-fa69-44ee-92cb-ca344ea5d8df""]","[""1001O6239""]","[""59330""]",[],"[""OPLEIDING""]","[""113A697""]","[""Cognition, Language and Communication""]","[""http://www.uva.nl/ba-cognition-language-communication""]",step1-no-ambiguity,[],[],[],row-398,{}
cp-000386,386,383,Communicatiewetenschap,uva,"[""uva""]",standard,active,true,180,,"[""NLD""]","[""VOLTIJD""]","[""Amsterdam""]",,[399],"[""38ecb419-e488-472b-874e-7961aff154ab""]","[""1001O5959""]","[""56615""]",[],"[""OPLEIDING""]","[""113A697""]","[""Communicatiewetenschap"",""Communication Science""]","[""http://uva.nl/bsc-communicatiewetenschap""]",step2-resolved-split,"[""rc-0076""]","[""src-uva-commsci""]","[""https://www.uva.nl/en/programmes/bachelors/communication-science/study-programme/study-programme.html""]",uva-communication-science-two-tracks--1,"{""study_load_ec"":180,""targets"":[{""name"":""Communicatiewetenschap"",""language"":""NLD"",""focus"":""domain-specific communication applications""},{""name"":""Global Communication Science"",""language"":""ENG"",""focus"":""international and cross-cultural communication""}]}"
cp-000387,387,384,Computational Social Science,uva,"[""uva""]",standard,active,true,180,,"[""ENG""]","[""VOLTIJD""]","[""Amsterdam""]",,[400],"[""f3d14230-cbe1-4ab8-a131-a83dbbcde0ed""]","[""1001O5776""]","[""50980""]",[],"[""OPLEIDING""]","[""113A697""]","[""Computational Social Science""]","[""https://www.uva.nl/en/programmes/bachelors/computational-social-science/computational-social-science.html""]",step1-no-ambiguity,[],[],[],row-400,{}
cp-000388,388,385,Cultural Anthropology and Development Sociology,uva,"[""uva""]",standard,active,true,180,,"[""ENG"",""NLD""]","[""VOLTIJD""]","[""Amsterdam""]",,[401],"[""27133d09-ca94-4d70-934d-4b0db4e5daf5"",""a0272e06-7b1a-4f0a-b6d2-fea2838ae767""]","[""1001O5653""]","[""50035""]",[],"[""OPLEIDING""]","[""113A697""]","[""Culturele Antropologie en Ontwikkelingssociologie"",""Cultural Anthropology and Development Sociology""]","[""http://www.uva.nl/bsc-antropologie"",""http://www.uva.nl/en/education/bachelor-s/bachelor-s-programmes/bachelor-s-programmes.html""]",step2-resolved,"[""rc-0049""]","[""src-uva-anthro""]","[""https://www.uva.nl/en/programmes/bachelors/cultural-anthropology-and-development-sociology/study-programme/study-programme.html""]",uva-cultural-anthropology,"{""study_load_ec"":180,""languages"":[""ENG"",""NLD""],""modes"":[""VOLTIJD""]}"
cp-000389,389,386,"Global Arts, Culture and Politics",uva,"[""uva""]",standard,active,true,180,,"[""ENG"",""NLD""]","[""VOLTIJD""]","[""Amsterdam""]",,[402],"[""2b5524e8-35c1-4920-ac16-6577b8c74547"",""ce1ff09d-b533-4b62-b0f2-fe93332d57b8""]","[""1001O5623""]","[""50004""]",[],"[""OPLEIDING""]","[""113A697""]","[""Cultuurwetenschappen"",""Cultural Studies""]","[""https://www.uva.nl/ba-gacp"",""https://www.uva.nl/shared-content/programmas/en/bachelors/human-geography-and-planning/human-geography-and-planning.html""]",step2-resolved,"[""rc-0050""]","[""src-uva-gacp""]","[""https://www.uva.nl/en/programmes/bachelors/global-arts-culture-and-politics/global-arts-culture-and-politics.html""]",uva-global-arts-culture-politics,"{""study_load_ec"":180,""legal_degree"":""Cultural Studies / Cultuurwetenschappen"",""languages"":[""ENG"",""NLD""],""modes"":[""VOLTIJD""],""legacy_name"":""Cultuurwetenschappen""}"
cp-000390,390,387,Duitse Taal en Cultuur,uva,"[""uva""]",standard,active,true,180,,"[""NLD""]","[""DEELTIJD"",""VOLTIJD""]","[""Amsterdam""]",,[403],"[""3b3812f5-3b0d-4053-b899-8f30db67d12e"",""4a19a818-e571-4fab-954a-66da822b5dc4""]","[""1001O6007""]","[""56805""]",[],"[""OPLEIDING""]","[""113A697""]","[""Duitse Taal en Cultuur"",""German Language and Culture""]","[""http://www.uva.nl/ba-duitslandstudies""]",step1-no-ambiguity,[],[],[],row-403,{}
cp-000391,391,388,Econometrics and Data Science,uva,"[""uva""]",standard,active,true,180,,"[""ENG"",""NLD""]","[""VOLTIJD""]","[""Amsterdam""]",,[404],"[""63a7f897-c4cc-4a32-80f8-b0fa4b83f8cf"",""bac6aef9-e05a-4616-85fc-452db1e421f9""]","[""1001O6240""]","[""59332""]",[],"[""OPLEIDING""]","[""113A697""]","[""Econometrics and Data Science""]","[""http://uva.nl/bsc-econometrie"",""http://uva.nl/bsc-econometrics""]",step2-resolved,"[""rc-0051""]","[""src-uva-econometrics""]","[""https://www.uva.nl/en/programmes/bachelors/econometrics-and-data-science/study-programme/study-programme.html""]",uva-econometrics-data-science,"{""study_load_ec"":180,""languages"":[""ENG"",""NLD""],""modes"":[""VOLTIJD""]}"
cp-000392,392,389,Economics and Business Economics,uva,"[""uva""]",standard,active,true,180,,"[""ENG"",""NLD""]","[""VOLTIJD""]","[""Amsterdam""]",,[405],"[""10b961de-2004-4b27-9ccc-4ae51842452d"",""fc877a6f-d277-4534-9ae7-d8ae000235ec""]","[""1001O6230""]","[""59318""]",[],"[""OPLEIDING""]","[""113A697""]","[""Economics and Business Economics""]","[""http://uva.nl/bsc-ebe"",""http://uva.nl/en/bsc-ebe""]",step2-resolved,"[""rc-0052""]","[""src-uva-economics""]","[""https://www.uva.nl/en/programmes/bachelors/economics--business-economics/study-programme/study-programme.html""]",uva-economics-business-economics,"{""study_load_ec"":180,""languages"":[""ENG"",""NLD""],""modes"":[""VOLTIJD""]}"
cp-000393,393,390,English Language and Culture,uva,"[""uva""]",standard,active,true,180,,"[""ENG""]","[""VOLTIJD"",""DEELTIJD""]","[""Amsterdam""]",,[406],"[""17eb3c42-c7bd-46f7-a47f-057b9519b6a9"",""f7539a37-3ccd-4bdf-9e95-32e726cc7b6b""]","[""1001O6013""]","[""56806""]",[],"[""OPLEIDING""]","[""113A697""]","[""Engelse Taal en Cultuur"",""English Language and Culture""]","[""http://www.uva.nl/ba-english-language""]",step1-no-ambiguity,[],[],[],row-406,{}
cp-000394,394,391,European Studies,uva,"[""uva""]",standard,active,true,180,,"[""ENG"",""NLD""]","[""VOLTIJD""]","[""Amsterdam""]",,[407],"[""258bf8f7-6a62-4880-94e5-bb62b1e8de31"",""4ea8d232-54d8-46e0-8f76-8fa52951a6ca""]","[""1001O5830""]","[""56051""]",[],"[""OPLEIDING""]","[""113A697""]","[""Europese Studies"",""European Studies""]","[""http://www.uva.nl/ba-europese-studies"",""http://www.uva.nl/ba-european-studies""]",step2-resolved,"[""rc-0053""]","[""src-uva-european""]","[""https://www.uva.nl/en/programmes/bachelors/european-studies/european-studies.html""]",uva-european-studies,"{""study_load_ec"":180,""languages"":[""ENG"",""NLD""],""modes"":[""VOLTIJD""]}"
cp-000395,395,392,Filosofie,uva,"[""uva""]",standard,active,true,180,,"[""NLD""]","[""VOLTIJD"",""DEELTIJD""]","[""Amsterdam""]",,[408],"[""aedb04b3-ea9a-48d1-9302-75ff31cb5987"",""d4ebe5bc-71db-45d1-a1e4-b17e02411265""]","[""1001O5841""]","[""56081""]",[],"[""OPLEIDING""]","[""113A697""]","[""Filosofie"",""Philosophy""]","[""http://www.uva.nl/ba-filosofie""]",step1-no-ambiguity,[],[],[],row-408,{}
cp-000396,396,393,Fiscaal Recht,uva,"[""uva""]",standard,active,true,180,,"[""NLD""]","[""VOLTIJD""]","[""Amsterdam""]",,[409],"[""a8824be2-f644-4328-b126-052aa62edf5f""]","[""1001O6065""]","[""56827""]",[],"[""OPLEIDING""]","[""113A697""]","[""Fiscaal Recht"",""Tax Law""]","[""http://www.uva.nl/llb-fiscaal-recht""]",step1-no-ambiguity,[],[],[],row-409,{}
cp-000397,397,394,Fiscale Economie,uva,"[""uva""]",standard,active,true,180,,"[""NLD""]","[""VOLTIJD""]","[""Amsterdam""]",,[410],"[""c96f35b8-9295-4cca-afed-86e43527f084""]","[""1001O5887""]","[""56402""]",[],"[""OPLEIDING""]","[""113A697""]","[""Fiscale Economie"",""Fiscal Economics""]","[""http://www.uva.nl/bsc-fiscale-economie""]",step1-no-ambiguity,[],[],[],row-410,{}
cp-000398,398,395,Franse Taal en Cultuur,uva,"[""uva""]",standard,active,true,180,,"[""NLD""]","[""VOLTIJD"",""DEELTIJD""]","[""Amsterdam""]",,[411],"[""4be04d89-516b-406f-ac39-1bcb13a8b113"",""85cfc7e1-1eba-4d09-b459-35608548dbb5""]","[""1001O6020""]","[""56808""]",[],"[""OPLEIDING""]","[""113A697""]","[""Franse Taal en Cultuur"",""French Language and Culture""]","[""http://www.uva.nl/ba-frans""]",step1-no-ambiguity,[],[],[],row-411,{}
cp-000399,399,396,Future Planet Studies,uva,"[""uva""]",standard,active,true,180,,"[""NLD""]","[""VOLTIJD""]","[""Amsterdam""]",,[412],"[""a78fefd8-076d-4886-b478-0463ada4b84f""]","[""1001O5693""]","[""50425""]",[],"[""OPLEIDING""]","[""113A697""]","[""Future Planet Studies""]","[""http://uva.nl/fps""]",step1-no-ambiguity,[],[],[],row-412,{}
cp-000400,400,397,Geneeskunde,uva,"[""uva""]",standard,active,true,180,,"[""NLD""]","[""VOLTIJD""]","[""Amsterdam""]",,[413],"[""55b2759a-7839-410a-925c-0e868e2c1404""]","[""1001O5908""]","[""56551""]",[],"[""OPLEIDING""]","[""113A697""]","[""Geneeskunde"",""Medicine""]","[""http://www.uva.nl/programmas/bachelors/geneeskunde/geneeskunde.html""]",step1-no-ambiguity,[],[],[],row-413,{}
cp-000401,401,398,Geschiedenis,uva,"[""uva""]",standard,active,true,180,,"[""NLD""]","[""VOLTIJD"",""DEELTIJD""]","[""Amsterdam""]",,[414],"[""4281c43a-8eb8-4521-8ed2-020eba1807f4"",""be136359-b8f5-4011-a2d2-83c4e2f94141""]","[""1001O5820""]","[""56034""]",[],"[""OPLEIDING""]","[""113A697""]","[""Geschiedenis"",""History""]","[""http://www.uva.nl/ba-geschiedenis""]",step1-no-ambiguity,[],[],[],row-414,{}
cp-000402,402,399,Global Communication Science,uva,"[""uva""]",standard,active,true,180,,"[""ENG""]","[""VOLTIJD""]","[""Amsterdam""]",,[415],"[""e28df739-fd5a-4962-8bae-287077a3b259""]","[""1001O5959""]","[""56615""]",[],"[""OPLEIDING""]","[""113A697""]","[""Communicatiewetenschap"",""Global Communication Science"",""Communication Science""]","[""http://uva.nl/bsc-communicationscience""]",step2-resolved-split,"[""rc-0076""]","[""src-uva-commsci""]","[""https://www.uva.nl/en/programmes/bachelors/communication-science/study-programme/study-programme.html""]",uva-communication-science-two-tracks--2,"{""study_load_ec"":180,""targets"":[{""name"":""Communicatiewetenschap"",""language"":""NLD"",""focus"":""domain-specific communication applications""},{""name"":""Global Communication Science"",""language"":""ENG"",""focus"":""international and cross-cultural communication""}]}"
cp-000403,403,400,Griekse en Latijnse Taal en Cultuur,uva,"[""uva""]",standard,active,true,180,,"[""NLD""]","[""VOLTIJD"",""DEELTIJD""]","[""Amsterdam""]",,[416],"[""1e60f5ab-3390-453c-8cc1-19338ee1a766"",""fb2e58fa-9a07-4a39-96ce-70d530c5674b""]","[""1001O5807""]","[""56003""]",[],"[""OPLEIDING""]","[""113A697""]","[""Griekse en Latijnse Taal en Cultuur"",""Greek and Latin Language and Culture""]","[""http://www.uva.nl/ba-grieks-latijn""]",step1-no-ambiguity,[],[],[],row-416,{}
cp-000404,404,401,Hebreeuwse Taal en Cultuur,uva,"[""uva""]",standard,active,true,180,,"[""NLD""]","[""VOLTIJD"",""DEELTIJD""]","[""Amsterdam""]",,[417],"[""496b5025-e2c0-49b5-952f-1a8dcb7c5e5f"",""f344b09c-6749-4733-ab5a-8cc7cf7973ed""]","[""1001O5749""]","[""50901""]",[],"[""OPLEIDING""]","[""113A697""]","[""Hebreeuwse Taal en Cultuur"",""Hebrew Language and Culture""]","[""http://www.uva.nl/ba-hebreeuws""]",step1-no-ambiguity,[],[],[],row-417,{}
cp-000405,405,402,Informatica,uva,"[""uva""]",standard,active,true,180,,"[""NLD""]","[""VOLTIJD""]","[""Amsterdam""]",,"[418,419]","[""e5ebc562-ca67-42c1-8d8a-6b3cfdadd071"",""471bcc5c-8d13-4638-8011-4ed9e23359b3""]","[""1001O6172""]","[""56978""]",[],"[""OPLEIDING""]","[""113A697""]","[""Informatica"",""Informatica - vrije opleiding"",""Computing Science""]","[""http://uva.nl/bsc-informatica""]",step2-resolved,"[""rc-0080""]","[""src-uva-informatica"",""src-uva-upva""]","[""https://www.uva.nl/programmas/bachelors/informatica/informatica.html"",""https://www.uva.nl/programmas/bachelors/universitaire-pabo-van-amsterdam/toelating-en-inschrijven/toelating-en-inschrijven.html""]",uva-informatica,"{""study_load_ec"":180,""languages"":[""NLD""],""modes"":[""VOLTIJD""],""free_programme_row_is_administrative"":true}"
cp-000406,406,403,Informatiekunde,uva,"[""uva""]",standard,active,true,180,,"[""NLD""]","[""VOLTIJD""]","[""Amsterdam""]",,"[420,421]","[""8ab1d947-10ed-49e1-be37-cb73de3f8861"",""a03e2629-a352-4eeb-baaf-85f2423695d2""]","[""1001O6097""]","[""56842""]",[],"[""OPLEIDING""]","[""113A697""]","[""Informatiekunde"",""Informatiekunde - vrije opleiding"",""Information Science""]","[""http://uva.nl/bsc-informatiekunde""]",step2-resolved,"[""rc-0078""]","[""src-uva-informatiekunde"",""src-uva-upva""]","[""https://www.uva.nl/programmas/bachelors/informatiekunde/informatiekunde.html"",""https://www.uva.nl/programmas/bachelors/universitaire-pabo-van-amsterdam/toelating-en-inschrijven/toelating-en-inschrijven.html""]",uva-informatiekunde,"{""study_load_ec"":180,""languages"":[""NLD""],""modes"":[""VOLTIJD""],""free_programme_row_is_administrative"":true}"
cp-000407,407,404,Interdisciplinaire Sociale Wetenschap,uva,"[""uva""]",standard,active,true,180,,"[""NLD""]","[""VOLTIJD""]","[""Amsterdam""]",,[422],"[""18ecb813-f54b-4902-a6b0-d0bf8d5990ef""]","[""1001O5972""]","[""56631""]",[],"[""OPLEIDING""]","[""113A697""]","[""Interdisciplinaire sociale wetenschap"",""Interdisciplinaire Sociale Wetenschap"",""Interdisciplinary Social Science""]","[""https://www.uva.nl/programmas/bachelors/interdisciplinaire-sociale-wetenschap/interdisciplinaire-sociale-wetenschap.html""]",step1-no-ambiguity,[],[],[],row-422,{}
cp-000408,408,405,Italiaanse Taal en Cultuur,uva,"[""uva""]",standard,active,true,180,,"[""NLD""]","[""VOLTIJD"",""DEELTIJD""]","[""Amsterdam""]",,[423],"[""963bd95a-ea26-4c79-9a2f-6bc950fef287"",""9b5050ec-cb0f-424d-8754-4f9cef576bff""]","[""1001O6025""]","[""56809""]",[],"[""OPLEIDING""]","[""113A697""]","[""Italiaanse Taal en Cultuur"",""Italian Language and Culture""]","[""http://www.uva.nl/ba-italiaans""]",step1-no-ambiguity,[],[],[],row-423,{}
cp-000409,409,406,Kunstgeschiedenis,uva,"[""uva""]",standard,active,true,180,,"[""NLD""]","[""VOLTIJD"",""DEELTIJD""]","[""Amsterdam""]",,[424],"[""1a3540fa-4167-4946-871b-b03ec1fd65d9"",""e709a42d-9882-4398-baed-0c895dc64a2f""]","[""1001O6051""]","[""56824""]",[],"[""OPLEIDING""]","[""113A697""]","[""Kunstgeschiedenis"",""Art History""]","[""http://www.uva.nl/ba-kunstgeschiedenis""]",step1-no-ambiguity,[],[],[],row-424,{}
cp-000410,410,407,Kunstmatige Intelligentie,uva,"[""uva""]",standard,active,true,180,,"[""NLD""]","[""VOLTIJD""]","[""Amsterdam""]",,[425],"[""a3951ff9-296e-41e8-98d3-df49b8de2d15""]","[""1001O6184""]","[""56981""]",[],"[""OPLEIDING""]","[""113A697""]","[""Kunstmatige Intelligentie"",""Artificial Intelligence""]","[""http://uva.nl/bsc-kunstmatige-intelligentie""]",step1-no-ambiguity,[],[],[],row-425,{}
cp-000411,411,408,Linguistics,uva,"[""uva""]",standard,active,true,180,,"[""ENG""]","[""VOLTIJD""]","[""Amsterdam""]",,[426],"[""1d7b2096-f487-4fe0-971a-b3494a180f55""]","[""1001O5995""]","[""56803""]",[],"[""OPLEIDING""]","[""113A697""]","[""Taalwetenschap"",""Linguistics""]","[""http://www.uva.nl/ba-linguistics""]",step1-no-ambiguity,[],[],[],row-426,{}
cp-000412,412,409,Literary Studies,uva,"[""uva""]",standard,active,true,180,,"[""ENG""]","[""DEELTIJD"",""VOLTIJD""]","[""Amsterdam""]",,[427],"[""61e3b596-ca18-4231-a094-b0d1a2700f39"",""ea3a9857-9965-4b32-beb3-77831606d16e""]","[""1001O5990""]","[""56802""]",[],"[""OPLEIDING""]","[""113A697""]","[""Literatuurwetenschap"",""Literary Studies""]","[""http://www.uva.nl/ba-literary-and-cultural-analysis""]",step1-no-ambiguity,[],[],[],row-427,{}
cp-000413,413,410,Media and Information,uva,"[""uva""]",standard,active,true,180,,"[""ENG""]","[""DEELTIJD"",""VOLTIJD""]","[""Amsterdam""]",,[428],"[""27b4685b-9cd0-47f3-b740-9b350dc53676"",""7551ed69-5c79-4646-a8b9-fdd03aad54ae""]","[""1001O5630""]","[""50010""]",[],"[""OPLEIDING""]","[""113A697""]","[""Media en informatie"",""Media and Information"",""Media and information""]","[""http://www.uva.nl/ba-media-and-information""]",step1-no-ambiguity,[],[],[],row-428,{}
cp-000414,414,411,Media and Culture,uva,"[""uva""]",standard,active,true,180,,"[""ENG"",""NLD""]","[""VOLTIJD""]","[""Amsterdam""]",,[429],"[""252f409e-9857-489c-99b0-43a9837b3e1e"",""27d8e360-40ab-480e-913f-f9c35a7e872c""]","[""1001O5759""]","[""50906""]",[],"[""OPLEIDING""]","[""113A697""]","[""Media en Cultuur"",""Media and Culture""]","[""http://www.uva.nl/ba-media"",""http://www.uva.nl/ba-media-and-culture""]",step2-resolved,"[""rc-0054""]","[""src-uva-media""]","[""https://www.uva.nl/en/programmes/bachelors/media-and-culture/media-and-culture.html""]",uva-media-culture,"{""study_load_ec"":180,""languages"":[""ENG"",""NLD""],""modes"":[""VOLTIJD""]}"
cp-000415,415,412,Medische Informatiekunde,uva,"[""uva""]",standard,active,true,180,,"[""NLD""]","[""VOLTIJD""]","[""Amsterdam""]",,[430],"[""7e732b22-cd23-4390-9eb6-671ab0996b19""]","[""1001O5920""]","[""56573""]",[],"[""OPLEIDING""]","[""113A697""]","[""Medische Informatiekunde"",""Medical Informatics""]","[""http://www.uva.nl/onderwijs/bachelor/bacheloropleidingen/item/medische-informatiekunde.html""]",step1-no-ambiguity,[],[],[],row-430,{}
cp-000416,416,413,Muziekwetenschap,uva,"[""uva""]",standard,active,true,180,,"[""NLD""]","[""DEELTIJD"",""VOLTIJD""]","[""Amsterdam""]",,[431],"[""2605196b-eb34-4465-8e2a-ffd612d19a0d"",""3b16154b-869b-4095-a06c-6574b9df34bd""]","[""1001O5976""]","[""56700""]",[],"[""OPLEIDING""]","[""113A697""]","[""Muziekwetenschap"",""Musicology""]","[""http://www.uva.nl/ba-muziekwetenschap""]",step1-no-ambiguity,[],[],[],row-431,{}
cp-000417,417,414,Natuur- en Sterrenkunde (joint degree UvA/VU),uva,"[""uva"",""vu""]",joint-degree,active,true,180,,"[""NLD""]","[""VOLTIJD""]","[""Amsterdam""]",,"[432,433]","[""2598755b-a567-4722-850b-6d3b0c10bd71"",""4e60cabd-e7d7-43b9-b7d9-b54cf857e71b""]","[""1001O5797""]","[""55013""]",[],"[""OPLEIDING""]","[""113A697""]","[""Natuur- en Sterrenkunde (joint degree)"",""Natuur- en Sterrenkunde - joint degree UvA-VU"",""Natuur- en Sterrenkunde - joint degree UvA-VU, vrije opleiding"",""Physics and Astronomy (joint degree)""]","[""http://www.uva.nl/programmas/bachelors/natuur--en-sterrenkunde/natuur--en-sterrenkunde.html""]",step2-resolved,"[""rc-0055"",""rc-0056"",""rc-0070""]","[""src-uva-joint-physics""]","[""https://www.uva.nl/programmas/bachelors/natuur--en-sterrenkunde/studieprogramma/studieprogramma.html""]",uva-vu-natuur-sterrenkunde,"{""study_load_ec"":180,""programme_type"":""joint-degree"",""institutions"":[""University of Amsterdam"",""VU Amsterdam""],""free_programme_row_is_administrative"":true}"
cp-000418,418,415,Nederlandse Taal en Cultuur,uva,"[""uva""]",standard,active,true,180,,"[""NLD""]","[""DEELTIJD"",""VOLTIJD""]","[""Amsterdam""]",,[434],"[""47936677-a8ea-4e48-b821-c60c0cc5e9b3"",""771b91c4-35a9-46c9-8dc6-d2467c00e82e""]","[""1001O6001""]","[""56804""]",[],"[""OPLEIDING""]","[""113A697""]","[""Nederlandse Taal en Cultuur"",""Dutch Language and Culture""]","[""http://www.uva.nl/ba-nederlands""]",step1-no-ambiguity,[],[],[],row-434,{}
cp-000419,419,416,Nieuwgriekse Taal en Cultuur,uva,"[""uva""]",standard,active,true,180,,"[""NLD""]","[""DEELTIJD"",""VOLTIJD""]","[""Amsterdam""]",,[435],"[""08d5fa04-0126-45a6-a7b9-c6d09f6c5ac0"",""be408e0b-5b6a-4f84-b28a-e9cb5ef922cf""]","[""1001O6034""]","[""56814""]",[],"[""OPLEIDING""]","[""113A697""]","[""Nieuwgriekse Taal en Cultuur"",""Modern Greek Language and Culture""]","[""http://www.uva.nl/ba-nieuwgrieks""]",step1-no-ambiguity,[],[],[],row-435,{}
cp-000420,420,417,Onderwijswetenschappen,uva,"[""uva""]",standard,active,true,180,,"[""NLD""]","[""VOLTIJD""]","[""Amsterdam""]",,[436],"[""eca2e5cf-22bd-41fb-a37f-8c7025cfbe96""]","[""1001O5621""]","[""50003""]",[],"[""OPLEIDING""]","[""113A697""]","[""Onderwijswetenschappen"",""Educational Sciences""]","[""http://www.uva.nl/programmas/bachelors/onderwijswetenschappen/onderwijswetenschappen.html?origin=QM8V0lIERF2uFhPGbux%2F2g""]",step1-no-ambiguity,[],[],[],row-436,{}
cp-000421,421,418,Ancient Studies / Oudheidwetenschappen,uva,"[""uva""]",standard,active,true,180,,"[""ENG"",""NLD""]","[""VOLTIJD""]","[""Amsterdam""]",,[437],"[""83487458-5b66-41a1-a8d3-f8d6aba51d15"",""db6e3afc-535d-477e-932e-3b8b1b7e8090""]","[""1001O5982""]","[""56704""]",[],"[""OPLEIDING""]","[""113A697""]","[""Oudheidwetenschappen"",""Ancient Studies""]","[""http://www.uva.nl/ba-oudheidwetenschappen"",""http://www.uva.nl/ba-ancient-studies""]",step2-resolved,"[""rc-0057""]","[""src-uva-ancient""]","[""https://www.uva.nl/en/programmes/bachelors/ancient-studies/ancient-studies.html""]",uva-ancient-studies,"{""study_load_ec"":180,""languages"":[""ENG"",""NLD""],""modes"":[""VOLTIJD""]}"
cp-000422,422,419,Pedagogische Wetenschappen,uva,"[""uva""]",standard,active,true,180,,"[""NLD""]","[""VOLTIJD""]","[""Amsterdam""]",,"[438,439]","[""2a94e6ea-bf89-4ba7-b221-7be5c59a3367"",""ad87eb0d-2f14-44a7-bddd-e7aba90a3a2f""]","[""1001O5947""]","[""56607""]",[],"[""OPLEIDING""]","[""113A697""]","[""Pedagogische Wetenschappen"",""Pedagogische Wetenschappen - vrije opleiding"",""Pedagogical Sciences""]","[""https://www.uva.nl/programmas/bachelors/pedagogische-wetenschappen/pedagogische-wetenschappen.html?origin=QM8V0lIERF2uFhPGbux%2F2g""]",step2-resolved,"[""rc-0075""]","[""src-uva-ped"",""src-uva-upva""]","[""https://www.uva.nl/programmas/bachelors/pedagogische-wetenschappen/pedagogische-wetenschappen.html"",""https://www.uva.nl/programmas/bachelors/universitaire-pabo-van-amsterdam/toelating-en-inschrijven/toelating-en-inschrijven.html""]",uva-pedagogische-wetenschappen,"{""study_load_ec"":180,""languages"":[""NLD""],""modes"":[""VOLTIJD""],""free_programme_use"":""administrative UvA component of Universitaire Pabo double bachelor""}"
cp-000423,423,420,Political Science / Politicologie,uva,"[""uva""]",standard,active,true,180,,"[""ENG"",""NLD""]","[""VOLTIJD""]","[""Amsterdam""]",,[440],"[""49a012b7-3c49-4945-8573-2ac9dde76bdc"",""c5b405f6-5258-4b20-b3d7-0e2b55bfc8bc""]","[""1001O5940""]","[""56606""]",[],"[""OPLEIDING""]","[""113A697""]","[""Politicologie"",""Political Science""]","[""http://uva.nl/bsc-politicologie"",""htp://www.uva.nl/bsc-politicalscience""]",step2-resolved,"[""rc-0058""]","[""src-uva-political""]","[""https://www.uva.nl/en/programmes/bachelors/political-science/study-programme/study-programme.html""]",uva-political-science,"{""study_load_ec"":180,""languages"":[""ENG"",""NLD""],""modes"":[""VOLTIJD""]}"
cp-000424,424,421,"Politics, Psychology, Law and Economics",uva,"[""uva""]",standard,active,true,180,,"[""ENG""]","[""VOLTIJD""]","[""Amsterdam""]",,[441],"[""2de5894c-cefb-4f0c-a197-2a91979c01f1""]","[""1001O6228""]","[""59312""]",[],"[""OPLEIDING""]","[""113A697""]","[""Politics, Psychology, Law and Economics""]","[""http://pple.uva.nl""]",step1-no-ambiguity,[],[],[],row-441,{}
cp-000425,425,422,Psychobiologie,uva,"[""uva""]",standard,active,true,180,,"[""NLD""]","[""VOLTIJD""]","[""Amsterdam""]",,[442],"[""6dcb9e94-80c0-459d-93d0-e61a48116f74""]","[""1001O5635""]","[""50014""]",[],"[""OPLEIDING""]","[""113A697""]","[""Psychobiologie"",""Psychobiology""]","[""http://uva.nl/bsc-psychobiologie""]",step1-no-ambiguity,[],[],[],row-442,{}
cp-000426,426,423,Psychology / Psychologie,uva,"[""uva""]",standard,active,true,180,,"[""ENG"",""NLD""]","[""VOLTIJD""]","[""Amsterdam""]",,[443],"[""f82c5251-8e40-43e8-9665-f38eabb95cb6"",""fa040681-37c6-4aff-b334-f52257f062e8""]","[""1001O5934""]","[""56604""]",[],"[""OPLEIDING""]","[""113A697""]","[""Psychologie"",""Psychology""]","[""http://uva.nl/bsc-psychologie"",""http://uva.nl/bsc-psychology""]",step2-resolved,"[""rc-0059""]","[""src-uva-psych""]","[""https://www.uva.nl/en/programmes/bachelors/psychology/psychology.html""]",uva-psychology,"{""study_load_ec"":180,""languages"":[""ENG"",""NLD""],""modes"":[""VOLTIJD""],""note"":""Dutch track has one additional specialisation""}"
cp-000427,427,424,Rechtsgeleerdheid,uva,"[""uva""]",standard,active,true,180,,"[""NLD""]","[""VOLTIJD""]","[""Amsterdam""]",,[444],"[""68ca6bd2-ced4-4c39-b97a-873a9f92afa2""]","[""1001O5729""]","[""50700""]",[],"[""OPLEIDING""]","[""113A697""]","[""Rechtsgeleerdheid"",""Law""]","[""http://www.uva.nl/llb-rechtsgeleerdheid""]",step1-no-ambiguity,[],[],[],row-444,{}
cp-000428,428,425,Religiewetenschappen,uva,"[""uva""]",standard,active,true,180,,"[""NLD""]","[""VOLTIJD"",""DEELTIJD""]","[""Amsterdam""]",,[445],"[""453f0ce2-32d1-4c6e-be8c-9bd987179761"",""cfa95ea5-3b0c-481c-aa7f-a1f54186655e""]","[""1001O5753""]","[""50902""]",[],"[""OPLEIDING""]","[""113A697""]","[""Religiewetenschappen"",""Religious Studies""]","[""http://www.uva.nl/ba-religiewetenschappen""]",step1-no-ambiguity,[],[],[],row-445,{}
cp-000429,429,426,Scandinavische Talen en Culturen,uva,"[""uva""]",standard,active,true,180,,"[""NLD""]","[""VOLTIJD"",""DEELTIJD""]","[""Amsterdam""]",,[446],"[""139aacaa-88bc-470d-8cbf-1a257778263e"",""4980df80-eb51-478f-b5bf-daf9717cb766""]","[""1001O6017""]","[""56807""]",[],"[""OPLEIDING""]","[""113A697""]","[""Scandinavische Talen en Culturen"",""Scandinavian Languages and Cultures""]","[""http://www.uva.nl/ba-scandinavisch""]",step1-no-ambiguity,[],[],[],row-446,{}
cp-000430,430,427,Scheikunde (joint degree UvA/VU),uva,"[""uva"",""vu""]",joint-degree,active,true,180,,"[""NLD""]","[""VOLTIJD""]","[""Amsterdam""]",,"[447,448]","[""574bca6e-fdfb-4670-88e0-eef026f06a39"",""fd9b4604-7567-4e74-bcae-a872e1c6a9c6""]","[""1001O5795""]","[""55012""]",[],"[""OPLEIDING""]","[""113A697""]","[""Scheikunde (joint degree)"",""Scheikunde - joint degree UvA-VU"",""Scheikunde - joint degree UvA-VU, vrije opleiding"",""Chemistry (joint degree)""]","[""http://uva.nl/bsc-scheikunde""]",step2-resolved,"[""rc-0060"",""rc-0061"",""rc-0069""]","[""src-uva-chem""]","[""https://www.uva.nl/programmas/bachelors/scheikunde/studieprogramma/studieprogramma.html""]",uva-vu-scheikunde,"{""study_load_ec"":180,""programme_type"":""joint-degree"",""institutions"":[""University of Amsterdam"",""VU Amsterdam""],""free_programme_row_is_administrative"":true}"
cp-000431,431,428,"Science, Technology & Innovation",uva,"[""uva""]",standard,active,true,180,,"[""NLD""]","[""VOLTIJD""]","[""Amsterdam""]",,[449],"[""6c5eaecb-13e7-4efe-986e-a52b9ae3f8f8""]","[""1001O8898""]","[""50993""]",[],"[""OPLEIDING""]","[""113A697""]","[""Science, Technology & Innovation""]","[""https://www.uva.nl/programmas/bachelors/science-technology-and-innovation/science-technology-and-innovation.html""]",step1-no-ambiguity,[],[],[],row-449,{}
cp-000432,432,429,Slavische Talen en Culturen,uva,"[""uva""]",standard,active,true,180,,"[""NLD""]","[""VOLTIJD"",""DEELTIJD""]","[""Amsterdam""]",,[450],"[""6b2a3216-8d29-47c4-97a1-4403f9e02848"",""b77b5494-89b1-490f-96ae-c264fa45995f""]","[""1001O6033""]","[""56813""]",[],"[""OPLEIDING""]","[""113A697""]","[""Slavische Talen en Culturen"",""Slavonic Language and Culture""]","[""http://www.uva.nl/ba-slavisch""]",step1-no-ambiguity,[],[],[],row-450,{}
cp-000433,433,430,Human Geography and Planning / Sociale Geografie en Planologie,uva,"[""uva""]",standard,active,true,180,,"[""ENG"",""NLD""]","[""VOLTIJD""]","[""Amsterdam""]",,[451],"[""4b74d296-8c7a-462e-8c2b-81464a559e45"",""e6c6504d-91a8-4dc4-b1de-798cab94a09c""]","[""1001O6090""]","[""56838""]",[],"[""OPLEIDING""]","[""113A697""]","[""Sociale Geografie en Planologie"",""Human Geography and Planning""]","[""https://www.uva.nl/shared-content/programmas/en/bachelors/human-geography-and-planning/human-geography-and-planning.html"",""https://www.uva.nl/programmas/bachelors/sociale-geografie-en-planologie/sociale-geografie-en-planologie.html""]",step2-resolved,"[""rc-0062""]","[""src-uva-hgp""]","[""https://www.uva.nl/en/programmes/bachelors/human-geography-and-planning/human-geography-and-planning.html""]",uva-human-geography-planning,"{""study_load_ec"":180,""languages"":[""ENG"",""NLD""],""modes"":[""VOLTIJD""]}"
cp-000434,434,431,Sociology / Sociologie,uva,"[""uva""]",standard,active,true,180,,"[""ENG"",""NLD""]","[""VOLTIJD""]","[""Amsterdam""]",,[452],"[""ba02666c-1cb9-4bc4-a00b-150ed4601cfb"",""c471d586-ef99-4ee3-ad95-c217eaf7df55""]","[""1001O5924""]","[""56601""]",[],"[""OPLEIDING""]","[""113A697""]","[""Sociologie"",""Sociology""]","[""http://uva.nl/bsc-sociology"",""http://uva.nl/bsc-sociologie""]",step2-resolved,"[""rc-0063""]","[""src-uva-soc""]","[""https://www.uva.nl/en/programmes/bachelors/sociology/sociology.html""]",uva-sociology,"{""study_load_ec"":180,""languages"":[""ENG"",""NLD""],""modes"":[""VOLTIJD""]}"
cp-000435,435,432,Spaanse Taal en Cultuur,uva,"[""uva""]",standard,active,true,180,,"[""NLD""]","[""DEELTIJD"",""VOLTIJD""]","[""Amsterdam""]",,[453],"[""8065a6a8-112a-4871-af1c-b90e7360d416"",""90ed8c35-6e94-4339-b11c-984272d553d5""]","[""1001O6027""]","[""56810""]",[],"[""OPLEIDING""]","[""113A697""]","[""Spaanse Taal en Cultuur"",""Spanish Language and Culture""]","[""http://www.uva.nl/ba-spaans""]",step1-no-ambiguity,[],[],[],row-453,{}
cp-000436,436,433,Tandheelkunde,uva,"[""uva""]",standard,active,true,180,,"[""NLD""]","[""VOLTIJD""]","[""Amsterdam""]",,[454],"[""371d2c94-f513-4138-b6ae-660d90577214""]","[""1001O5916""]","[""56560""]",[],"[""OPLEIDING""]","[""113A697""]","[""Tandheelkunde"",""Dentistry""]","[""http://www.uva.nl/bsc-tandheelkunde""]",step1-no-ambiguity,[],[],[],row-454,{}
cp-000437,437,434,Theaterwetenschap,uva,"[""uva""]",standard,active,true,180,,"[""NLD""]","[""DEELTIJD"",""VOLTIJD""]","[""Amsterdam""]",,[455],"[""7c3f4ffb-407f-48c2-a7d9-cc30f8d257a2"",""e7a55e85-926f-4944-85a5-86997d885a30""]","[""1001O5977""]","[""56702""]",[],"[""OPLEIDING""]","[""113A697""]","[""Theaterwetenschap"",""Theatre Studies""]","[""http://www.uva.nl/ba-theaterwetenschap""]",step1-no-ambiguity,[],[],[],row-455,{}
cp-000438,438,435,Wiskunde,uva,"[""uva""]",standard,active,true,180,,"[""NLD""]","[""VOLTIJD""]","[""Amsterdam""]",,"[456,457]","[""6fb89557-3029-465f-8b77-f295fa42a157"",""8dd9af7e-f358-48fd-a806-d029248873af""]","[""1001O6179""]","[""56980""]",[],"[""OPLEIDING""]","[""113A697""]","[""Wiskunde"",""Wiskunde - vrije opleiding"",""Mathematics""]","[""http://uva.nl/bsc-wiskunde""]",step2-resolved,"[""rc-0081""]","[""src-uva-wiskunde"",""src-uva-upva""]","[""https://www.uva.nl/programmas/bachelors/wiskunde/wiskunde.html"",""https://www.uva.nl/programmas/bachelors/universitaire-pabo-van-amsterdam/toelating-en-inschrijven/toelating-en-inschrijven.html""]",uva-wiskunde,"{""study_load_ec"":180,""languages"":[""NLD""],""modes"":[""VOLTIJD""],""free_programme_row_is_administrative"":true}"
cp-000439,439,436,Bachelor Agrotechnologie,wur,"[""wur""]",standard,active,true,180,,"[""NLD""]","[""VOLTIJD""]","[""Wageningen""]",,[458],"[""6c49d7f1-0b98-4704-88a1-55ee7b5c3c93""]","[""1001O6075""]","[""56831""]",[],"[""OPLEIDING""]","[""114A640""]","[""Agrotechnologie"",""Bachelor Agrotechnologie"",""Biosystems Engineering""]","[""http://www.wur.nl/bat""]",step1-no-ambiguity,[],[],[],row-458,{}
cp-000440,440,437,Bachelor Bedrijfs- en Consumentenwetenschappen,wur,"[""wur""]",standard,active,true,180,,"[""NLD""]","[""VOLTIJD""]","[""Wageningen""]",,[459],"[""a3d9dae9-3881-48fb-95e1-c01c262ce10d""]","[""1001O6086""]","[""56836""]",[],"[""OPLEIDING""]","[""114A640""]","[""Bedrijfs- en Consumentenwetenschappen"",""Bachelor Bedrijfs- en Consumentenwetenschappen"",""Business and Consumer Studies""]","[""http://www.wur.nl/bbc""]",step1-no-ambiguity,[],[],[],row-459,{}
cp-000441,441,438,Bachelor Biologie,wur,"[""wur""]",standard,active,true,180,,"[""NLD""]","[""VOLTIJD""]","[""Wageningen""]",,[460],"[""5ce23bf5-a164-40ec-860d-9a9e658b2ee1""]","[""1001O6120""]","[""56860""]",[],"[""OPLEIDING""]","[""114A640""]","[""Biologie"",""Bachelor Biologie"",""Biology""]","[""biologyportal.wur.nl""]",step1-no-ambiguity,[],[],[],row-460,{}
cp-000442,442,439,Bachelor Biotechnologie,wur,"[""wur""]",standard,active,true,180,,"[""NLD""]","[""VOLTIJD""]","[""Wageningen""]",,[461],"[""d41d11c9-defb-4ddc-ba36-121833f4c471""]","[""1001O6094""]","[""56841""]",[],"[""OPLEIDING""]","[""114A640""]","[""Biotechnologie"",""Bachelor Biotechnologie"",""Biotechnology""]","[""http://www.wur.nl/bbt""]",step1-no-ambiguity,[],[],[],row-461,{}
cp-000443,443,440,Bachelor Bos- en Natuurbeheer,wur,"[""wur""]",standard,active,true,180,,"[""NLD""]","[""VOLTIJD""]","[""Wageningen""]",,[462],"[""06553018-af59-4c64-9c76-6891c87bdaa8""]","[""1016O0967""]",[],"[""56219""]","[""VARIANT""]","[""114A640""]","[""Bachelor Bos- en Natuurbeheer""]","[""http://www.wur.nl/bbn""]",step1-no-ambiguity,[],[],[],row-462,{}
cp-000444,444,441,Bachelor Bos- en Natuurbeheer DD-SLU,wur,"[""wur""]",standard,active,true,180,,"[""NLD""]","[""VOLTIJD""]","[""Wageningen""]",,[463],"[""f4f8d9b8-44c6-4f36-9141-2975c9bdfddb""]","[""1016O0968""]",[],"[""56219""]","[""VARIANT""]","[""114A640""]","[""Bachelor Bos- en Natuurbeheer DD-SLU""]",[],step1-no-ambiguity,[],[],[],row-463,{}
cp-000445,445,442,Bachelor Communicatie en Life Sciences,wur,"[""wur""]",standard,active,true,180,,"[""NLD""]","[""VOLTIJD""]","[""Wageningen""]",,[464],"[""0ef5aada-c443-4b30-84a0-44ce7d9f54fa""]","[""1001O5637""]","[""50016""]",[],"[""OPLEIDING""]","[""114A640""]","[""Communicatie en Life Sciences"",""Bachelor Communicatie en Life Sciences"",""Communication and Life Sciences""]","[""http://www.wur.nl/bcl""]",step1-no-ambiguity,[],[],[],row-464,{}
cp-000446,446,443,Bachelor Economie en Beleid,wur,"[""wur""]",standard,active,true,180,,"[""NLD""]","[""VOLTIJD""]","[""Wageningen""]",,[465],"[""8c97e2eb-5700-48d3-876d-7cef63ab71fd""]","[""1001O5657""]","[""50101""]",[],"[""OPLEIDING""]","[""114A640""]","[""Economie en Beleid"",""Bachelor Economie en Beleid"",""Economics and Governance""]","[""http://www.wur.nl/beb""]",step1-no-ambiguity,[],[],[],row-465,{}
cp-000447,447,444,Bachelor Gezondheid en Maatschappij,wur,"[""wur""]",standard,active,true,180,,"[""NLD""]","[""VOLTIJD""]","[""Wageningen""]",,[466],"[""bd3b3624-ef42-4573-9950-9539e910799f""]","[""1001O5641""]","[""50018""]",[],"[""OPLEIDING""]","[""114A640""]","[""Gezondheid en Maatschappij"",""Bachelor Gezondheid en Maatschappij"",""Health and Society""]","[""http://www.wur.nl/bgm""]",step1-no-ambiguity,[],[],[],row-466,{}
cp-000448,448,445,Bachelor International Land and Water Management,wur,"[""wur""]",standard,active,true,180,,"[""ENG""]","[""VOLTIJD""]","[""Wageningen""]",,[467],"[""5a82bb26-c36a-4c75-aca1-f54a337bbc01""]","[""1001O5656""]","[""50100""]",[],"[""OPLEIDING""]","[""114A640""]","[""International Land and Water Management"",""Bachelor International Land and Water Management""]","[""http://www.wur.nl/bil""]",step1-no-ambiguity,[],[],[],row-467,{}
cp-000449,449,446,Bachelor Internationale Ontwikkelingsstudies,wur,"[""wur""]",standard,active,true,180,,"[""NLD""]","[""VOLTIJD""]","[""Wageningen""]",,[468],"[""033ba99f-0891-47ee-9c22-d48254149af9""]","[""1001O6087""]","[""56837""]",[],"[""OPLEIDING""]","[""114A640""]","[""Internationale Ontwikkelingsstudies"",""Bachelor Internationale Ontwikkelingsstudies"",""International Development Studies""]","[""http://www.wur.nl/bin""]",step1-no-ambiguity,[],[],[],row-468,{}
cp-000450,450,447,Bachelor Landschapsarchitectuur& Ruimtelijke Planning,wur,"[""wur""]",standard,active,true,180,,"[""NLD""]","[""VOLTIJD""]","[""Wageningen""]",,[469],"[""b648c0d7-7d11-40b8-b0fc-36fef3654dbd""]","[""1001O6102""]","[""56848""]",[],"[""OPLEIDING""]","[""114A640""]","[""Landschapsarchitectuur en ruimtelijke planning"",""Bachelor Landschapsarchitectuur& Ruimtelijke Planning"",""Landscape Architecture and Planning""]","[""http://www.wur.nl/blp""]",step1-no-ambiguity,[],[],[],row-469,{}
cp-000451,451,448,Bachelor Marine Sciences,wur,"[""wur""]",standard,active,true,180,,"[""ENG""]","[""VOLTIJD""]","[""Wageningen""]",,[470],"[""9bde9a6f-2a0d-4027-baf7-fa310c2d7e6a""]","[""1001O8838""]","[""50859""]",[],"[""OPLEIDING""]","[""114A640""]","[""Marine Sciences"",""Bachelor Marine Sciences""]",[],step1-no-ambiguity,[],[],[],row-470,{}
cp-000452,452,449,Bachelor Moleculaire Levenswetenschappen,wur,"[""wur""]",standard,active,true,180,,"[""NLD""]","[""VOLTIJD""]","[""Wageningen""]",,[471],"[""ce928325-faf8-4029-8957-0105cb1989a7""]","[""1001O6222""]","[""59304""]",[],"[""OPLEIDING""]","[""114A640""]","[""Moleculaire Levenswetenschappen"",""Bachelor Moleculaire Levenswetenschappen"",""Molecular Life Sciences""]","[""http://www.wur.nl/bml""]",step1-no-ambiguity,[],[],[],row-471,{}
cp-000453,453,450,Bachelor Plantenwetenschappen,wur,"[""wur""]",standard,active,true,180,,"[""NLD""]","[""VOLTIJD""]","[""Wageningen""]",,[472],"[""82cea61d-2093-4d3e-8196-48872cae74d3""]","[""1001O6085""]","[""56835""]",[],"[""OPLEIDING""]","[""114A640""]","[""Plantenwetenschappen"",""Bachelor Plantenwetenschappen"",""Plant Sciences""]","[""http://www.wur.nl/bpw""]",step1-no-ambiguity,[],[],[],row-472,{}
cp-000454,454,451,Bachelor Voeding en Gezondheid,wur,"[""wur""]",standard,active,true,180,,"[""NLD""]","[""VOLTIJD""]","[""Wageningen""]",,[473],"[""90cd79fe-16df-43ec-a331-59ee7611b0ac""]","[""1001O6124""]","[""56868""]",[],"[""OPLEIDING""]","[""114A640""]","[""Voeding en Gezondheid"",""Bachelor Voeding en Gezondheid"",""Nutrition and Health""]","[""http://www.wur.nl/bvg""]",step1-no-ambiguity,[],[],[],row-473,{}
cp-000455,455,452,Bachelor's Animal Sciences,wur,"[""wur""]",standard,active,true,180,,"[""ENG""]","[""VOLTIJD""]","[""Wageningen""]",,[474],"[""b0cafb91-3150-44d8-9669-b8ecdc7178ef""]","[""1001O6103""]","[""56849""]",[],"[""OPLEIDING""]","[""114A640""]","[""Animal Sciences"",""Bachelor's Animal Sciences""]","[""http://www.wur.nl/bdw""]",step1-no-ambiguity,[],[],[],row-474,{}
cp-000456,456,453,Bachelor's Data Science for Global Challenges,wur,"[""wur""]",standard,active,true,180,,"[""NLD""]","[""VOLTIJD""]","[""Wageningen""]",,[475],"[""b80cca66-4d2f-414c-a4ed-7b3e2ad60645""]","[""1016O1728""]","[""59026""]",[],"[""OPLEIDING""]","[""114A640""]","[""Data Science for Global Challenges"",""Bachelor's Data Science for Global Challenges""]",[],step1-no-ambiguity,[],[],[],row-475,{}
cp-000457,457,454,Bachelor's Earth System Sciences,wur,"[""wur""]",standard,active,true,180,,"[""ENG""]","[""VOLTIJD""]","[""Wageningen""]",,[476],"[""3cb0ff99-11d9-4cc5-864f-8adfc16fd1b6""]","[""1001O6167""]","[""56968""]",[],"[""OPLEIDING""]","[""114A640""]","[""Soil, Water, Atmosphere"",""Bachelor's Earth System Sciences""]","[""http://www.wur.nl/bbw""]",step1-no-ambiguity,[],[],[],row-476,{}
cp-000458,458,455,Bachelor's Environmental Sciences,wur,"[""wur""]",standard,active,true,180,,"[""ENG""]","[""VOLTIJD""]","[""Wageningen""]",,[477],"[""c71f245e-cfef-4fac-b4a4-838ef94997fd""]","[""1001O5876""]","[""56283""]",[],"[""OPLEIDING""]","[""114A640""]","[""Environmental Sciences"",""Bachelor's Environmental Sciences""]","[""http://www.wur.nl/bmw""]",step1-no-ambiguity,[],[],[],row-477,{}
cp-000459,459,456,Bachelor's Food Technology,wur,"[""wur""]",standard,active,true,180,,"[""ENG""]","[""VOLTIJD""]","[""Wageningen""]",,[478],"[""d1eaeda8-1e1d-4e33-adf1-73704cd48e00""]","[""1001O6168""]","[""56973""]",[],"[""OPLEIDING""]","[""114A640""]","[""Food Technology"",""Bachelor's Food Technology""]","[""http://www.wur.nl/blt""]",step1-no-ambiguity,[],[],[],row-478,{}
cp-000460,460,457,Tourism (joint degree WUR + Breda University of Applied Sciences),wur,"[""wur"",""buas""]",joint-degree,active,true,180,3,"[""ENG""]","[""VOLTIJD""]","[""Breda"",""Wageningen""]",,[479],"[""9d7ec0ba-2e49-4c7b-a244-c3b0a10c3270""]","[""1001O5780""]","[""55001""]",[],"[""OPLEIDING""]","[""114A640""]","[""Tourism (joint degree)"",""Bachelor's Tourism (joint degree)""]","[""http://www.wur.nl/bto""]",step2-resolved,"[""rc-0064""]","[""src-wur-tourism""]","[""https://www.wur.nl/en/education/bachelor/bachelors-tourism-joint-degree""]",wur-buas-tourism,"{""study_load_ec"":180,""duration_years"":3,""languages"":[""ENG""],""modes"":[""VOLTIJD""],""locations"":[""Breda"",""Wageningen""],""programme_type"":""joint-degree"",""institutions"":[""Wageningen University & Research"",""Breda University of Applied Sciences""]}"
