source_excel_row,ONDERWIJSBESTUURID,ONDERWIJSBESTUUR_NAAM,ONDERWIJSAANBIEDERID,ONDERWIJSAANBIEDER_NAAM,SOORT,OPLEIDINGSEENHEIDCODE,ERKENDEOPLEIDINGSCODE,VARIANT_VAN,NAAM_LANG,EIGENNAAM,VORM,VOERTAAL,STUDIELAST,EINDDATUM,AANGEBODEN_OPLEIDING_EINDDATUM,LAATSTE_INSTROOMDATUM,flag_codes_json,needs_resolution,resolution_case_ids_json
2,107B576,Erasmus Universiteit Rotterdam,114A337,Erasmus Universiteit Rotterdam,VARIANT,1015O5181,,56607,Academische Pabo,Academische Pabo,VOLTIJD,NLD,180,,,,"[""missing_website"",""variant_record""]",true,"[""rc-0083""]"
3,107B576,Erasmus Universiteit Rotterdam,114A337,Erasmus Universiteit Rotterdam,VARIANT,1015O5182,,56627,Bachelor Bestuurskunde,Bachelor Bestuurskunde,VOLTIJD,NLD,180,,,,"[""variant_record""]",false,[]
4,107B576,Erasmus Universiteit Rotterdam,114A337,Erasmus Universiteit Rotterdam,VARIANT,1015O5183,,56627,Bachelor in Management of International Social Challenges,Bachelor in Management of International Social Challenges,VOLTIJD,ENG,180,,,,"[""variant_record""]",false,[]
5,107B576,Erasmus Universiteit Rotterdam,114A337,Erasmus Universiteit Rotterdam,VARIANT,1015O5180,,56607,Bachelor Pedagogische Wetenschappen,Bachelor Pedagogische Wetenschappen,VOLTIJD,NLD,180,,,,"[""variant_record""]",false,[]
6,107B576,Erasmus Universiteit Rotterdam,114A337,Erasmus Universiteit Rotterdam,VARIANT,1015O5919,,56604,Bachelor Psychologie,Bachelor Psychologie,VOLTIJD,NLD,180,,,,"[""variant_record""]",false,[]
7,107B576,Erasmus Universiteit Rotterdam,114A337,Erasmus Universiteit Rotterdam,VARIANT,1015O5177,,56601,Bachelor Sociologie,Bachelor Sociologie,DEELTIJD | VOLTIJD,NLD,180,,,,"[""multi_offering_administrative_only_candidate"",""multiple_modes"",""multiple_offerings"",""variant_record""]",false,[]
8,107B576,Erasmus Universiteit Rotterdam,114A337,Erasmus Universiteit Rotterdam,VARIANT,1015O5159,,50645,Bedrijfskunde,Bedrijfskunde,VOLTIJD,NLD,180,,,,"[""variant_record""]",false,[]
9,107B576,Erasmus Universiteit Rotterdam,114A337,Erasmus Universiteit Rotterdam,VARIANT,1015O5189,,56833,BSc2 Econometrics,BSc2 Econometrics,VOLTIJD,NLD,180,,,,"[""variant_record""]",true,"[""rc-0001""]"
10,107B576,Erasmus Universiteit Rotterdam,114A337,Erasmus Universiteit Rotterdam,VARIANT,1015O5163,,50950,BSc2 Economics,BSc2 Economics,VOLTIJD,ENG,180,,,,"[""variant_record""]",true,"[""rc-0002""]"
11,107B576,Erasmus Universiteit Rotterdam,114A337,Erasmus Universiteit Rotterdam,OPLEIDING,1001O5900,56469,,Criminologie,Criminologie,VOLTIJD,NLD,180,,,,[],false,[]
12,107B576,Erasmus Universiteit Rotterdam,114A337,Erasmus Universiteit Rotterdam,VARIANT,1015O5187,,56833,Econometrie en Operationele Research,Econometrie en Operationele Research,VOLTIJD,NLD,180,,,,"[""variant_record""]",false,[]
13,107B576,Erasmus Universiteit Rotterdam,114A337,Erasmus Universiteit Rotterdam,VARIANT,1015O5161,,50950,Economie en Bedrijfseconomie,Economie en Bedrijfseconomie,VOLTIJD,NLD,180,,,,"[""variant_record""]",false,[]
14,107B576,Erasmus Universiteit Rotterdam,114A337,Erasmus Universiteit Rotterdam,VARIANT,1015O5167,,56081,Filosofie,Filosofie,DEELTIJD | VOLTIJD,NLD,180,,,,"[""multi_offering_administrative_only_candidate"",""multiple_modes"",""multiple_offerings"",""variant_record""]",false,[]
15,107B576,Erasmus Universiteit Rotterdam,114A337,Erasmus Universiteit Rotterdam,VARIANT,1016O6103,,56081,RASL Dual Degree Philosophy en WdKA,Filosofie (met Willem de Kooning Academy),VOLTIJD,NLD,180,,,,"[""canonical_name_alias_present"",""missing_website"",""variant_record""]",true,"[""rc-0003""]"
16,107B576,Erasmus Universiteit Rotterdam,114A337,Erasmus Universiteit Rotterdam,OPLEIDING,1001O6216,57084,,Filosofie van een Bepaald Wetenschapsgebied,Filosofie van een Bepaald Wetenschapsgebied,VOLTIJD,NLD,180,,,,[],false,[]
17,107B576,Erasmus Universiteit Rotterdam,114A337,Erasmus Universiteit Rotterdam,OPLEIDING,1001O6063,56827,,Fiscaal Recht,Fiscaal Recht,DEELTIJD | VOLTIJD,NLD,180,,,,"[""multi_offering_administrative_only_candidate"",""multiple_modes"",""multiple_offerings""]",false,[]
18,107B576,Erasmus Universiteit Rotterdam,114A337,Erasmus Universiteit Rotterdam,VARIANT,1015O5170,,56402,Fiscale Economie,Fiscale Economie,VOLTIJD,NLD,180,,2029-08-31,,"[""lifecycle_marker"",""variant_record""]",true,"[""rc-0004""]"
19,107B576,Erasmus Universiteit Rotterdam,114A337,Erasmus Universiteit Rotterdam,VARIANT,1015O5175,,56551,Geneeskunde,Geneeskunde,VOLTIJD,NLD,180,,,,"[""variant_record""]",false,[]
20,107B576,Erasmus Universiteit Rotterdam,114A337,Erasmus Universiteit Rotterdam,VARIANT,1015O5165,,56034,Geschiedenis,Geschiedenis,VOLTIJD,NLD,180,,,,"[""variant_record""]",false,[]
21,107B576,Erasmus Universiteit Rotterdam,114A337,Erasmus Universiteit Rotterdam,VARIANT,1015O5176,,56553,Gezondheidswetenschappen,Gezondheidswetenschappen,VOLTIJD,NLD,180,,,,"[""variant_record""]",false,[]
22,107B576,Erasmus Universiteit Rotterdam,114A337,Erasmus Universiteit Rotterdam,VARIANT,1015O5184,,56823,International Bachelor Arts and Culture Studies,International Bachelor Arts and Culture Studies,VOLTIJD,ENG,180,,,,"[""variant_record""]",false,[]
23,107B576,Erasmus Universiteit Rotterdam,114A337,Erasmus Universiteit Rotterdam,VARIANT,1015O5157,,50374,Communication and Media,International Bachelor Communication and Media,VOLTIJD,ENG,180,,,,"[""canonical_name_alias_present"",""variant_record""]",false,[]
24,107B576,Erasmus Universiteit Rotterdam,114A337,Erasmus Universiteit Rotterdam,VARIANT,1015O5188,,56833,International Bachelor Econometrics and Operations Research,International Bachelor Econometrics and Operations Research,VOLTIJD,ENG,180,,,,"[""missing_website"",""variant_record""]",false,[]
25,107B576,Erasmus Universiteit Rotterdam,114A337,Erasmus Universiteit Rotterdam,VARIANT,1015O5162,,50950,International Bachelor Economics and Business Economics,International Bachelor Economics and Business Economics,VOLTIJD,ENG,180,,,,"[""variant_record""]",false,[]
26,107B576,Erasmus Universiteit Rotterdam,114A337,Erasmus Universiteit Rotterdam,VARIANT,1015O5166,,56034,Internationale Bachelor Geschiedenis,International Bachelor History,VOLTIJD,ENG,180,,,,"[""canonical_name_alias_present"",""variant_record""]",false,[]
27,107B576,Erasmus Universiteit Rotterdam,114A337,Erasmus Universiteit Rotterdam,VARIANT,1015O5920,,56604,International Bachelor of Psychology,International Bachelor of Psychology,VOLTIJD,ENG,180,,,,"[""variant_record""]",false,[]
28,107B576,Erasmus Universiteit Rotterdam,114A337,Erasmus Universiteit Rotterdam,VARIANT,1015O5164,,50952,International Business Administration,International Business Administration,VOLTIJD,ENG,180,,,,"[""variant_record""]",false,[]
29,107B576,Erasmus Universiteit Rotterdam,114A337,Erasmus Universiteit Rotterdam,OPLEIDING,1001O5682,50393,,Liberal Arts and Sciences,Liberal Arts and Sciences,VOLTIJD,ENG,180,,,,"[""multi_offering_administrative_only_candidate"",""multiple_offerings""]",false,[]
30,107B576,Erasmus Universiteit Rotterdam,114A337,Erasmus Universiteit Rotterdam,VARIANT,1015O5160,,50700,Rechtsgeleerdheid,Rechtsgeleerdheid,DEELTIJD | VOLTIJD,NLD,180,,,,"[""multi_offering_administrative_only_candidate"",""multiple_modes"",""multiple_offerings"",""variant_record""]",false,[]
31,107B484,Het College van Bestuur van de Radboud Universiteit Nijmegen,114A129,Radboud Universiteit Nijmegen (RU) Faculteit der Sociale Wetenschappen,VARIANT,1015O6472,,56607,Academische Leraren Opleiding Pedagogische Wetenschappen,Academische Leraren Opleiding Pedagogische Wetenschappen,VOLTIJD,NLD,180,,,,"[""missing_website"",""provider_differs_from_board"",""variant_record""]",false,[]
32,107B484,Het College van Bestuur van de Radboud Universiteit Nijmegen,114A124,Radboud Universiteit Nijmegen (RU) Faculteit der Letteren,VARIANT,1015O6440,,56823,Algemene Cultuurwetenschappen,Algemene Cultuurwetenschappen,VOLTIJD,NLD,180,,,,"[""missing_website"",""provider_differs_from_board"",""variant_record""]",false,[]
33,107B484,Het College van Bestuur van de Radboud Universiteit Nijmegen,114A124,Radboud Universiteit Nijmegen (RU) Faculteit der Letteren,VARIANT,1015O6457,,50290,American Studies,American Studies,VOLTIJD,ENG,180,,,,"[""missing_website"",""provider_differs_from_board"",""variant_record""]",false,[]
34,107B484,Het College van Bestuur van de Radboud Universiteit Nijmegen,114A129,Radboud Universiteit Nijmegen (RU) Faculteit der Sociale Wetenschappen,OPLEIDING,1001O6129,56945,,Artificial Intelligence,Artificial Intelligence,VOLTIJD,ENG,180,,,,"[""missing_website"",""provider_differs_from_board""]",false,[]
35,107B484,Het College van Bestuur van de Radboud Universiteit Nijmegen,114A124,Radboud Universiteit Nijmegen (RU) Faculteit der Letteren,VARIANT,1015O6441,,56823,Arts and Culture Studies,Arts and Culture Studies,VOLTIJD,ENG,180,,,,"[""missing_website"",""provider_differs_from_board"",""variant_record""]",false,[]
36,107B484,Het College van Bestuur van de Radboud Universiteit Nijmegen,114A125,Radboud Universiteit Nijmegen (RU) Faculteit der Managementwetenschappen,VARIANT,1016O1025,,50645,Bedrijfskunde,Bedrijfskunde,VOLTIJD,NLD,180,,,,"[""missing_website"",""provider_differs_from_board"",""variant_record""]",false,[]
37,107B484,Het College van Bestuur van de Radboud Universiteit Nijmegen,114A125,Radboud Universiteit Nijmegen (RU) Faculteit der Managementwetenschappen,OPLEIDING,1001O5969,56627,,Bestuurskunde,Bestuurskunde,VOLTIJD,NLD,180,,,,"[""missing_website"",""provider_differs_from_board""]",false,[]
38,107B484,Het College van Bestuur van de Radboud Universiteit Nijmegen,114A127,Radboud Universiteit Nijmegen (RU) Faculteit der NWI,OPLEIDING,1001O6234,59325,,Biology,Biologie,VOLTIJD,ENG,180,,,,"[""canonical_name_alias_present"",""missing_website"",""provider_differs_from_board""]",false,[]
39,107B484,Het College van Bestuur van de Radboud Universiteit Nijmegen,114A126,Radboud Universiteit Nijmegen (RU) Faculteit der Medische Wetenschappen,OPLEIDING,1001O6208,56990,,Biomedische Wetenschappen,Biomedische Wetenschappen,VOLTIJD,NLD,180,,,,"[""missing_website"",""provider_differs_from_board""]",false,[]
40,107B484,Het College van Bestuur van de Radboud Universiteit Nijmegen,114A124,Radboud Universiteit Nijmegen (RU) Faculteit der Letteren,VARIANT,1015O6449,,56826,Communicatie- en Informatiewetenschappen,Communicatie- en Informatiewetenschappen,VOLTIJD,NLD,180,,,,"[""missing_website"",""provider_differs_from_board"",""variant_record""]",false,[]
41,107B484,Het College van Bestuur van de Radboud Universiteit Nijmegen,114A129,Radboud Universiteit Nijmegen (RU) Faculteit der Sociale Wetenschappen,OPLEIDING,1001O5961,56615,,Communicatiewetenschap,Communicatiewetenschap,VOLTIJD,NLD,180,,,,"[""missing_website"",""provider_differs_from_board""]",false,[]
42,107B484,Het College van Bestuur van de Radboud Universiteit Nijmegen,114A129,Radboud Universiteit Nijmegen (RU) Faculteit der Sociale Wetenschappen,OPLEIDING,1001O5655,50035,,Culturele Antropologie en Ontwikkelingssociologie,Culturele Antropologie en Ontwikkelingssociologie,VOLTIJD,NLD,180,,,,"[""missing_website"",""provider_differs_from_board""]",false,[]
43,107B484,Het College van Bestuur van de Radboud Universiteit Nijmegen,114A124,Radboud Universiteit Nijmegen (RU) Faculteit der Letteren,OPLEIDING,1001O6009,56805,,Duitse Taal en Cultuur,Duitse Taal en Cultuur,VOLTIJD,NLD,180,,,,"[""missing_website"",""provider_differs_from_board""]",false,[]
44,107B484,Het College van Bestuur van de Radboud Universiteit Nijmegen,114A125,Radboud Universiteit Nijmegen (RU) Faculteit der Managementwetenschappen,VARIANT,1016O1029,,50950,Economics and Business Economics,Economics and Business Economics,VOLTIJD,ENG,180,,,,"[""missing_website"",""provider_differs_from_board"",""variant_record""]",false,[]
45,107B484,Het College van Bestuur van de Radboud Universiteit Nijmegen,114A125,Radboud Universiteit Nijmegen (RU) Faculteit der Managementwetenschappen,VARIANT,1016O1030,,50950,Economie en Bedrijfseconomie,Economie en Bedrijfseconomie,VOLTIJD,NLD,180,,,,"[""missing_website"",""provider_differs_from_board"",""variant_record""]",false,[]
46,107B484,Het College van Bestuur van de Radboud Universiteit Nijmegen,114A124,Radboud Universiteit Nijmegen (RU) Faculteit der Letteren,VARIANT,1015O6456,,50290,English Language and Culture,English Language and Culture,VOLTIJD,ENG,180,,,,"[""missing_website"",""provider_differs_from_board"",""variant_record""]",false,[]
47,107B484,Het College van Bestuur van de Radboud Universiteit Nijmegen,114A123,Radboud Universiteit Nijmegen (RU) Faculteit der Rechtsgeleerdheid,OPLEIDING,1001O5640,50017,,European Law School,European Law School,VOLTIJD,NLD,180,2027-09-01,,,"[""lifecycle_marker"",""missing_website"",""provider_differs_from_board""]",true,"[""rc-0005""]"
48,107B484,Het College van Bestuur van de Radboud Universiteit Nijmegen,114A122,Radboud Universiteit Nijmegen (RU) Faculteit der FTR,VARIANT,1015O6459,,56081,Filosofie,Filosofie,VOLTIJD,NLD,180,,,,"[""missing_website"",""provider_differs_from_board"",""variant_record""]",false,[]
49,107B484,Het College van Bestuur van de Radboud Universiteit Nijmegen,114A124,Radboud Universiteit Nijmegen (RU) Faculteit der Letteren,VARIANT,1015O6482,,56074,Franse Taal en Cultuur,Franse Taal en Cultuur,VOLTIJD,NLD,180,,,,"[""missing_website"",""provider_differs_from_board"",""variant_record""]",false,[]
50,107B484,Het College van Bestuur van de Radboud Universiteit Nijmegen,114A126,Radboud Universiteit Nijmegen (RU) Faculteit der Medische Wetenschappen,OPLEIDING,1001O5910,56551,,Geneeskunde,Geneeskunde,VOLTIJD,NLD,180,,,,"[""missing_website"",""provider_differs_from_board""]",false,[]
51,107B484,Het College van Bestuur van de Radboud Universiteit Nijmegen,114A125,Radboud Universiteit Nijmegen (RU) Faculteit der Managementwetenschappen,OPLEIDING,1001O6131,56947,,"Geografie, Planologie en Milieu","Geografie, Planologie en Milieu",VOLTIJD,NLD,180,,,,"[""missing_website"",""provider_differs_from_board""]",false,[]
52,107B484,Het College van Bestuur van de Radboud Universiteit Nijmegen,114A124,Radboud Universiteit Nijmegen (RU) Faculteit der Letteren,VARIANT,1015O6464,,56034,Geschiedenis,Geschiedenis,VOLTIJD,NLD,180,,,,"[""missing_website"",""provider_differs_from_board"",""variant_record""]",false,[]
53,107B484,Het College van Bestuur van de Radboud Universiteit Nijmegen,114A124,Radboud Universiteit Nijmegen (RU) Faculteit der Letteren,OPLEIDING,1001O5809,56003,,Griekse en Latijnse Taal en Cultuur,Griekse en Latijnse Taal en Cultuur,VOLTIJD,NLD,180,,,,"[""missing_website"",""provider_differs_from_board""]",false,[]
54,107B484,Het College van Bestuur van de Radboud Universiteit Nijmegen,114A129,Radboud Universiteit Nijmegen (RU) Faculteit der Sociale Wetenschappen,OPLEIDING,1001O8935,59349,,Humane Neurowetenschappen,Humane Neurowetenschappen,VOLTIJD,NLD,180,,,,"[""missing_website"",""provider_differs_from_board""]",false,[]
55,107B484,Het College van Bestuur van de Radboud Universiteit Nijmegen,114A127,Radboud Universiteit Nijmegen (RU) Faculteit der NWI,OPLEIDING,1001O6235,59326,,Computing Science,Informatica,VOLTIJD,ENG,180,,,,"[""canonical_name_alias_present"",""missing_website"",""provider_differs_from_board""]",false,[]
56,107B484,Het College van Bestuur van de Radboud Universiteit Nijmegen,114A125,Radboud Universiteit Nijmegen (RU) Faculteit der Managementwetenschappen,VARIANT,1016O1159,,50645,International Business Administration,International Business Administration,VOLTIJD,ENG,180,,,,"[""missing_website"",""provider_differs_from_board"",""variant_record""]",false,[]
57,107B484,Het College van Bestuur van de Radboud Universiteit Nijmegen,114A124,Radboud Universiteit Nijmegen (RU) Faculteit der Letteren,VARIANT,1015O6450,,56826,International Business Communication,International Business Communication,VOLTIJD,ENG,180,,,,"[""missing_website"",""provider_differs_from_board"",""variant_record""]",false,[]
58,107B484,Het College van Bestuur van de Radboud Universiteit Nijmegen,114A122,Radboud Universiteit Nijmegen (RU) Faculteit der FTR,VARIANT,1016O6658 | 1016O6836,,50902,"Islam, Politiek en Samenleving","Islam, Politiek en Samenleving",VOLTIJD | DEELTIJD,NLD,180,,,,"[""missing_website"",""multi_offering_identity_sensitive"",""multiple_modes"",""multiple_offerings"",""multiple_programme_units"",""provider_differs_from_board"",""variant_record""]",true,"[""rc-0006""]"
59,107B484,Het College van Bestuur van de Radboud Universiteit Nijmegen,114A124,Radboud Universiteit Nijmegen (RU) Faculteit der Letteren,OPLEIDING,1001O6053,56824,,Kunstgeschiedenis,Kunstgeschiedenis,VOLTIJD,NLD,180,,,,"[""missing_website"",""provider_differs_from_board""]",false,[]
60,107B484,Het College van Bestuur van de Radboud Universiteit Nijmegen,114A127,Radboud Universiteit Nijmegen (RU) Faculteit der NWI,OPLEIDING,1001O6127,56944,,Molecular Life Sciences,Moleculaire Levenswetenschappen,VOLTIJD,ENG,180,,,,"[""canonical_name_alias_present"",""missing_website"",""provider_differs_from_board""]",false,[]
61,107B484,Het College van Bestuur van de Radboud Universiteit Nijmegen,114A127,Radboud Universiteit Nijmegen (RU) Faculteit der NWI,OPLEIDING,1001O6132,56948,,Natural Sciences,Natural Sciences,VOLTIJD,NLD,180,,,,"[""missing_website"",""provider_differs_from_board""]",false,[]
62,107B484,Het College van Bestuur van de Radboud Universiteit Nijmegen,114A127,Radboud Universiteit Nijmegen (RU) Faculteit der NWI,OPLEIDING,1001O6193,56984,,Natuur- en Sterrenkunde,Natuur- en Sterrenkunde,VOLTIJD,NLD,180,,,,"[""missing_website"",""provider_differs_from_board""]",false,[]
63,107B484,Het College van Bestuur van de Radboud Universiteit Nijmegen,114A124,Radboud Universiteit Nijmegen (RU) Faculteit der Letteren,OPLEIDING,1001O6003,56804,,Nederlandse Taal en Cultuur,Nederlandse Taal en Cultuur,VOLTIJD,NLD,180,,,,"[""missing_website"",""provider_differs_from_board""]",false,[]
64,107B484,Het College van Bestuur van de Radboud Universiteit Nijmegen,114A123,Radboud Universiteit Nijmegen (RU) Faculteit der Rechtsgeleerdheid,VARIANT,1016O6840 | 1016O6841,,56828,Notarieel Recht,Notarieel Recht,VOLTIJD | DEELTIJD,NLD,180,,,,"[""missing_website"",""multi_offering_identity_sensitive"",""multiple_modes"",""multiple_offerings"",""multiple_programme_units"",""provider_differs_from_board"",""variant_record""]",true,"[""rc-0007""]"
65,107B484,Het College van Bestuur van de Radboud Universiteit Nijmegen,114A129,Radboud Universiteit Nijmegen (RU) Faculteit der Sociale Wetenschappen,VARIANT,1015O6471,,56607,Pedagogische Wetenschappen,Pedagogische Wetenschappen,VOLTIJD,NLD,180,,,,"[""missing_website"",""provider_differs_from_board"",""variant_record""]",false,[]
66,107B484,Het College van Bestuur van de Radboud Universiteit Nijmegen,114A129,Radboud Universiteit Nijmegen (RU) Faculteit der Sociale Wetenschappen,OPLEIDING,1001O6238,59329,,Pedagogische Wetenschappen van Primair Onderwijs,Pedagogische Wetenschappen van Primair Onderwijs,VOLTIJD,NLD,180,,,,"[""missing_website"",""provider_differs_from_board""]",false,[]
67,107B484,Het College van Bestuur van de Radboud Universiteit Nijmegen,114A122,Radboud Universiteit Nijmegen (RU) Faculteit der FTR,VARIANT,1015O6460,,56081,"Philosophy, Politics and Society","Philosophy, Politics and Society",VOLTIJD,ENG,180,,,,"[""missing_website"",""provider_differs_from_board"",""variant_record""]",false,[]
68,107B484,Het College van Bestuur van de Radboud Universiteit Nijmegen,114A125,Radboud Universiteit Nijmegen (RU) Faculteit der Managementwetenschappen,OPLEIDING,1001O5942,56606,,Politicologie,Politicologie,VOLTIJD,NLD,180,,,,"[""missing_website"",""provider_differs_from_board""]",false,[]
69,107B484,Het College van Bestuur van de Radboud Universiteit Nijmegen,114A129,Radboud Universiteit Nijmegen (RU) Faculteit der Sociale Wetenschappen,OPLEIDING,1001O5936,56604,,Psychologie,Psychologie,VOLTIJD,"ENG,NLD",180,,,,"[""missing_website"",""provider_differs_from_board""]",false,[]
70,107B484,Het College van Bestuur van de Radboud Universiteit Nijmegen,114A123,Radboud Universiteit Nijmegen (RU) Faculteit der Rechtsgeleerdheid,VARIANT,1016O6834 | 1016O6835,,50700,Rechtsgeleerdheid,Rechtsgeleerdheid,VOLTIJD | DEELTIJD,NLD,180,,,,"[""missing_website"",""multi_offering_identity_sensitive"",""multiple_modes"",""multiple_offerings"",""multiple_programme_units"",""provider_differs_from_board"",""variant_record""]",true,"[""rc-0008""]"
71,107B484,Het College van Bestuur van de Radboud Universiteit Nijmegen,114A122,Radboud Universiteit Nijmegen (RU) Faculteit der FTR,VARIANT,1016O6659 | 1016O6837,,50902,"Religie, Politiek en Samenleving","Religie, Politiek en Samenleving",VOLTIJD | DEELTIJD,NLD,180,,,,"[""missing_website"",""multi_offering_identity_sensitive"",""multiple_modes"",""multiple_offerings"",""multiple_programme_units"",""provider_differs_from_board"",""variant_record""]",true,"[""rc-0009""]"
72,107B484,Het College van Bestuur van de Radboud Universiteit Nijmegen,114A124,Radboud Universiteit Nijmegen (RU) Faculteit der Letteren,VARIANT,1016O0146,,56823,"Samenleving, Taal en Cultuur","Samenleving, Taal en Cultuur",VOLTIJD,NLD,180,,,,"[""missing_website"",""provider_differs_from_board"",""variant_record""]",false,[]
73,107B484,Het College van Bestuur van de Radboud Universiteit Nijmegen,114A127,Radboud Universiteit Nijmegen (RU) Faculteit der NWI,OPLEIDING,1001O6126,56943,,Chemistry,Scheikunde,VOLTIJD,ENG,180,,,,"[""canonical_name_alias_present"",""missing_website"",""provider_differs_from_board""]",false,[]
74,107B484,Het College van Bestuur van de Radboud Universiteit Nijmegen,114A129,Radboud Universiteit Nijmegen (RU) Faculteit der Sociale Wetenschappen,OPLEIDING,1001O5926,56601,,Sociologie,Sociologie,VOLTIJD,NLD,180,,,,"[""missing_website"",""provider_differs_from_board""]",false,[]
75,107B484,Het College van Bestuur van de Radboud Universiteit Nijmegen,114A124,Radboud Universiteit Nijmegen (RU) Faculteit der Letteren,VARIANT,1015O6483,,56074,Spaanse Taal en Cultuur,Spaanse Taal en Cultuur,VOLTIJD,NLD,180,,,,"[""missing_website"",""provider_differs_from_board"",""variant_record""]",false,[]
76,107B484,Het College van Bestuur van de Radboud Universiteit Nijmegen,114A124,Radboud Universiteit Nijmegen (RU) Faculteit der Letteren,OPLEIDING,1001O5997,56803,,Taalwetenschap,Taalwetenschap,VOLTIJD,NLD,180,,,,"[""missing_website"",""provider_differs_from_board""]",false,[]
77,107B484,Het College van Bestuur van de Radboud Universiteit Nijmegen,114A126,Radboud Universiteit Nijmegen (RU) Faculteit der Medische Wetenschappen,OPLEIDING,1001O5918,56560,,Tandheelkunde,Tandheelkunde,VOLTIJD,NLD,180,,,,"[""missing_website"",""provider_differs_from_board""]",false,[]
78,107B484,Het College van Bestuur van de Radboud Universiteit Nijmegen,114A122,Radboud Universiteit Nijmegen (RU) Faculteit der FTR,VARIANT,1016O6838 | 1016O6839,,56109,Theologie,Theologie,VOLTIJD | DEELTIJD,NLD,180,,,,"[""missing_website"",""multi_offering_identity_sensitive"",""multiple_modes"",""multiple_offerings"",""multiple_programme_units"",""provider_differs_from_board"",""variant_record""]",true,"[""rc-0010""]"
79,107B484,Het College van Bestuur van de Radboud Universiteit Nijmegen,114A127,Radboud Universiteit Nijmegen (RU) Faculteit der NWI,OPLEIDING,1001O6181,56980,,Wiskunde,Wiskunde,VOLTIJD,NLD,180,,,,"[""missing_website"",""provider_differs_from_board""]",false,[]
80,107B482,Het College van Bestuur van de Vrije Universiteit,111A136,VU - Vrije Universiteit Amsterdam,OPLEIDING,1001O5722,50668,,"Aarde, Economie en Duurzaamheid","B Aarde, Economie en Duurzaamheid",VOLTIJD,NLD,180,,,,"[""canonical_name_alias_present"",""missing_website"",""provider_differs_from_board""]",false,[]
81,107B482,Het College van Bestuur van de Vrije Universiteit,111A136,VU - Vrije Universiteit Amsterdam,OPLEIDING,1001O6196,56986,,Aardwetenschappen,B Aardwetenschappen,VOLTIJD,NLD,180,,,,"[""canonical_name_alias_present"",""missing_website"",""provider_differs_from_board""]",false,[]
82,107B482,Het College van Bestuur van de Vrije Universiteit,111A136,VU - Vrije Universiteit Amsterdam,OPLEIDING,1001O5981,56703,,Archeologie,B Archeologie,VOLTIJD,NLD,180,,,,"[""canonical_name_alias_present"",""missing_website"",""provider_differs_from_board""]",false,[]
83,107B482,Het College van Bestuur van de Vrije Universiteit,111A136,VU - Vrije Universiteit Amsterdam,OPLEIDING,1001O6128,56945,,Artificial Intelligence,B Artificial Intelligence,VOLTIJD,ENG,180,,,,"[""canonical_name_alias_present"",""missing_website"",""provider_differs_from_board""]",false,[]
84,107B482,Het College van Bestuur van de Vrije Universiteit,111A136,VU - Vrije Universiteit Amsterdam,OPLEIDING,1001O5714,50645,,Bedrijfskunde,B Bedrijfskunde,VOLTIJD,NLD,180,,,,"[""canonical_name_alias_present"",""missing_website"",""provider_differs_from_board""]",false,[]
85,107B482,Het College van Bestuur van de Vrije Universiteit,111A136,VU - Vrije Universiteit Amsterdam,OPLEIDING,1001O5627,50007,,Bestuurs- en Organisatiewetenschap,B Bestuurs- en Organisatiewetenschap,VOLTIJD,NLD,180,,,,"[""canonical_name_alias_present"",""missing_website"",""provider_differs_from_board""]",false,[]
86,107B482,Het College van Bestuur van de Vrije Universiteit,111A136,VU - Vrije Universiteit Amsterdam,OPLEIDING,1001O6135,56950,,Bewegingswetenschappen,B Bewegingswetenschappen,VOLTIJD,NLD,180,,,,"[""canonical_name_alias_present"",""missing_website"",""provider_differs_from_board""]",false,[]
87,107B482,Het College van Bestuur van de Vrije Universiteit,111A136,VU - Vrije Universiteit Amsterdam,OPLEIDING,1001O6122,56860,,Biologie,B Biologie,VOLTIJD,NLD,180,,,,"[""canonical_name_alias_present"",""missing_website"",""provider_differs_from_board""]",false,[]
88,107B482,Het College van Bestuur van de Vrije Universiteit,111A136,VU - Vrije Universiteit Amsterdam,OPLEIDING,1001O6233,59324,,Biomedical Sciences,B Biomedical Sciences,VOLTIJD,ENG,180,2026-09-01,,,"[""canonical_name_alias_present"",""lifecycle_marker"",""missing_website"",""provider_differs_from_board""]",true,"[""rc-0011""]"
89,107B482,Het College van Bestuur van de Vrije Universiteit,111A136,VU - Vrije Universiteit Amsterdam,OPLEIDING,1001O6110,56856,,Business Analytics,B Business Analytics,VOLTIJD,ENG,180,,,,"[""canonical_name_alias_present"",""missing_website"",""provider_differs_from_board""]",true,"[""rc-0079""]"
90,107B482,Het College van Bestuur van de Vrije Universiteit,111A136,VU - Vrije Universiteit Amsterdam,OPLEIDING,1001O6110,56856,,Business Analytics,B Business Analytics (deeltijd),DEELTIJD,ENG,180,,,,"[""canonical_name_alias_present"",""missing_website"",""provider_differs_from_board""]",true,"[""rc-0079""]"
91,107B482,Het College van Bestuur van de Vrije Universiteit,111A136,VU - Vrije Universiteit Amsterdam,OPLEIDING,1001O6058,56826,,Communicatie- en Informatiewetenschappen,B Communicatie & Informatiewetenschappen,VOLTIJD,NLD,180,,,,"[""canonical_name_alias_present"",""missing_website"",""provider_differs_from_board""]",false,[]
92,107B482,Het College van Bestuur van de Vrije Universiteit,111A136,VU - Vrije Universiteit Amsterdam,OPLEIDING,1001O5960,56615,,Communicatiewetenschap,B Communicatiewetenschap,VOLTIJD,NLD,180,,,,"[""canonical_name_alias_present"",""missing_website"",""provider_differs_from_board""]",true,"[""rc-0077""]"
93,107B482,Het College van Bestuur van de Vrije Universiteit,111A136,VU - Vrije Universiteit Amsterdam,OPLEIDING,1001O5960,56615,,Communicatiewetenschap,B Communication Science,VOLTIJD,ENG,180,,,,"[""canonical_name_alias_present"",""missing_website"",""provider_differs_from_board""]",true,"[""rc-0077""]"
94,107B482,Het College van Bestuur van de Vrije Universiteit,111A136,VU - Vrije Universiteit Amsterdam,OPLEIDING,1001O5694,50426,,Computer Science,B Computer Science,VOLTIJD,ENG,180,,,,"[""canonical_name_alias_present"",""missing_website"",""provider_differs_from_board""]",false,[]
95,107B482,Het College van Bestuur van de Vrije Universiteit,111A136,VU - Vrije Universiteit Amsterdam,OPLEIDING,1001O5901,56469,,Criminologie,B Criminologie,VOLTIJD,NLD,180,,,,"[""canonical_name_alias_present"",""missing_website"",""provider_differs_from_board""]",false,[]
96,107B482,Het College van Bestuur van de Vrije Universiteit,111A136,VU - Vrije Universiteit Amsterdam,OPLEIDING,1001O5654,50035,,Culturele Antropologie en Ontwikkelingssociologie,B Cultural Anthropology and Dev. Soc.,VOLTIJD,ENG,180,,,,"[""canonical_name_alias_present"",""missing_website"",""provider_differs_from_board""]",true,"[""rc-0067""]"
97,107B482,Het College van Bestuur van de Vrije Universiteit,111A136,VU - Vrije Universiteit Amsterdam,OPLEIDING,1001O5654,50035,,Culturele Antropologie en Ontwikkelingssociologie,B Culturele Antropologie en Ontw. Soc.,VOLTIJD,NLD,180,,,,"[""canonical_name_alias_present"",""missing_website"",""provider_differs_from_board""]",true,"[""rc-0067""]"
98,107B482,Het College van Bestuur van de Vrije Universiteit,111A136,VU - Vrije Universiteit Amsterdam,OPLEIDING,1001O8891,59332,,Econometrics and Data Science,B Econometrics and Data Science,VOLTIJD,NLD,180,,,,"[""canonical_name_alias_present"",""missing_website"",""provider_differs_from_board""]",false,[]
99,107B482,Het College van Bestuur van de Vrije Universiteit,111A136,VU - Vrije Universiteit Amsterdam,OPLEIDING,1001O6080,56833,,Econometrie en Operationele Research,B Econometrie en Operationele Research,VOLTIJD,NLD,180,,,,"[""canonical_name_alias_present"",""missing_website"",""provider_differs_from_board""]",false,[]
100,107B482,Het College van Bestuur van de Vrije Universiteit,111A136,VU - Vrije Universiteit Amsterdam,OPLEIDING,1001O5765,50950,,Economie en Bedrijfseconomie,B Economie en bedrijfseconomie,VOLTIJD,NLD,180,,,,"[""canonical_name_alias_present"",""missing_website"",""provider_differs_from_board""]",false,[]
101,107B482,Het College van Bestuur van de Vrije Universiteit,111A136,VU - Vrije Universiteit Amsterdam,OPLEIDING,1001O6202,56989,,Farmaceutische Wetenschappen,B Farmaceutische Wetenschappen,VOLTIJD,NLD,180,,,,"[""canonical_name_alias_present"",""missing_website"",""provider_differs_from_board""]",false,[]
102,107B482,Het College van Bestuur van de Vrije Universiteit,111A136,VU - Vrije Universiteit Amsterdam,OPLEIDING,1001O5842,56081,,Filosofie,B Filosofie,VOLTIJD,NLD,180,,,,"[""canonical_name_alias_present"",""missing_website"",""provider_differs_from_board""]",true,"[""rc-0071""]"
103,107B482,Het College van Bestuur van de Vrije Universiteit,111A136,VU - Vrije Universiteit Amsterdam,OPLEIDING,1001O5842,56081,,Filosofie,"B Filosofie (deeltijd, Nederlands)",DEELTIJD,NLD,180,,,,"[""canonical_name_alias_present"",""missing_website"",""provider_differs_from_board""]",true,"[""rc-0071""]"
104,107B482,Het College van Bestuur van de Vrije Universiteit,111A136,VU - Vrije Universiteit Amsterdam,OPLEIDING,1001O5909,56551,,Geneeskunde,B Geneeskunde,VOLTIJD,NLD,180,,,,"[""canonical_name_alias_present"",""missing_website"",""provider_differs_from_board""]",false,[]
105,107B482,Het College van Bestuur van de Vrije Universiteit,111A136,VU - Vrije Universiteit Amsterdam,OPLEIDING,1001O5821,56034,,Geschiedenis,B Geschiedenis,VOLTIJD,NLD,180,,,,"[""canonical_name_alias_present"",""missing_website"",""provider_differs_from_board""]",false,[]
106,107B482,Het College van Bestuur van de Vrije Universiteit,111A136,VU - Vrije Universiteit Amsterdam,OPLEIDING,1001O5702,50509,,Gezondheid en Leven,B Gezondheid en Leven,VOLTIJD,ENG,180,,,,"[""canonical_name_alias_present"",""missing_website"",""provider_differs_from_board""]",false,[]
107,107B482,Het College van Bestuur van de Vrije Universiteit,111A136,VU - Vrije Universiteit Amsterdam,OPLEIDING,1001O5914,56553,,Gezondheidswetenschappen,B Gezondheidswetenschappen,VOLTIJD,NLD,180,,,,"[""canonical_name_alias_present"",""missing_website"",""provider_differs_from_board""]",false,[]
108,107B482,Het College van Bestuur van de Vrije Universiteit,111A136,VU - Vrije Universiteit Amsterdam,OPLEIDING,1001O5808,56003,,Griekse en Latijnse Taal en Cultuur,B Griekse en Latijnse Taal en Cultuur,VOLTIJD,NLD,180,,,,"[""canonical_name_alias_present"",""missing_website"",""provider_differs_from_board""]",false,[]
109,107B482,Het College van Bestuur van de Vrije Universiteit,111A136,VU - Vrije Universiteit Amsterdam,OPLEIDING,1001O5772,50952,,International Business Administration,B International Business Administration,VOLTIJD,ENG,180,,,,"[""canonical_name_alias_present"",""missing_website"",""provider_differs_from_board""]",false,[]
110,107B482,Het College van Bestuur van de Vrije Universiteit,111A136,VU - Vrije Universiteit Amsterdam,OPLEIDING,1001O6241,59334,,Law in Society,B Law in Society,VOLTIJD,ENG,180,,,,"[""canonical_name_alias_present"",""missing_website"",""provider_differs_from_board""]",false,[]
111,107B482,Het College van Bestuur van de Vrije Universiteit,111A136,VU - Vrije Universiteit Amsterdam,OPLEIDING,1001O5802,55823,,Literatuur en Samenleving,B Literatuur en Samenleving,VOLTIJD,NLD,180,,,,"[""canonical_name_alias_present"",""missing_website"",""provider_differs_from_board""]",false,[]
112,107B482,Het College van Bestuur van de Vrije Universiteit,111A136,VU - Vrije Universiteit Amsterdam,OPLEIDING,1001O6232,59322,,Mathematics,B Mathematics,VOLTIJD,ENG,180,,,,"[""canonical_name_alias_present"",""missing_website"",""provider_differs_from_board""]",true,"[""rc-0082""]"
113,107B482,Het College van Bestuur van de Vrije Universiteit,111A136,VU - Vrije Universiteit Amsterdam,OPLEIDING,1001O6232,59322,,Mathematics,B Mathematics (deeltijd),DEELTIJD,ENG,180,,,,"[""canonical_name_alias_present"",""missing_website"",""provider_differs_from_board""]",true,"[""rc-0082""]"
114,107B482,Het College van Bestuur van de Vrije Universiteit,111A136,VU - Vrije Universiteit Amsterdam,OPLEIDING,1001O5801,55822,,"Media, Kunst, Design en Architectuur","B Media, Kunst, Design en Architectuur",VOLTIJD,NLD,180,,,,"[""canonical_name_alias_present"",""missing_website"",""provider_differs_from_board""]",false,[]
115,107B482,Het College van Bestuur van de Vrije Universiteit,111A136,VU - Vrije Universiteit Amsterdam,OPLEIDING,1001O5745,50800,,Medische Natuurwetenschappen,B Medische Natuurwetenschappen,VOLTIJD,NLD,180,,,,"[""canonical_name_alias_present"",""missing_website"",""provider_differs_from_board""]",false,[]
116,107B482,Het College van Bestuur van de Vrije Universiteit,111A136,VU - Vrije Universiteit Amsterdam,OPLEIDING,1001O6070,56828,,Notarieel Recht,B Notarieel recht,VOLTIJD,NLD,180,,,,"[""canonical_name_alias_present"",""missing_website"",""provider_differs_from_board""]",false,[]
117,107B482,Het College van Bestuur van de Vrije Universiteit,111A136,VU - Vrije Universiteit Amsterdam,OPLEIDING,1001O5983,56704,,Oudheidwetenschappen,B Oudheidwetenschappen,VOLTIJD,NLD,180,,,,"[""canonical_name_alias_present"",""missing_website"",""provider_differs_from_board""]",false,[]
118,107B482,Het College van Bestuur van de Vrije Universiteit,111A136,VU - Vrije Universiteit Amsterdam,OPLEIDING,1001O5948,56607,,Pedagogische Wetenschappen,B Pedagogische wetenschappen,VOLTIJD,NLD,180,,,,"[""canonical_name_alias_present"",""missing_website"",""provider_differs_from_board""]",false,[]
119,107B482,Het College van Bestuur van de Vrije Universiteit,111A136,VU - Vrije Universiteit Amsterdam,OPLEIDING,1001O5779,54999,,"Philosophy, Politics and Economics","B Philosophy, Politics and Economics",VOLTIJD,ENG,180,,,,"[""canonical_name_alias_present"",""missing_website"",""provider_differs_from_board""]",false,[]
120,107B482,Het College van Bestuur van de Vrije Universiteit,111A136,VU - Vrije Universiteit Amsterdam,OPLEIDING,1001O5941,56606,,Politicologie,B Political Science,VOLTIJD,ENG,180,,,,"[""canonical_name_alias_present"",""missing_website"",""provider_differs_from_board""]",true,"[""rc-0074""]"
121,107B482,Het College van Bestuur van de Vrije Universiteit,111A136,VU - Vrije Universiteit Amsterdam,OPLEIDING,1001O5941,56606,,Politicologie,B Politicologie,VOLTIJD,NLD,180,,,,"[""canonical_name_alias_present"",""missing_website"",""provider_differs_from_board""]",true,"[""rc-0074""]"
122,107B482,Het College van Bestuur van de Vrije Universiteit,111A136,VU - Vrije Universiteit Amsterdam,OPLEIDING,1001O5935,56604,,Psychologie,B Psychologie,VOLTIJD,NLD,180,,,,"[""canonical_name_alias_present"",""missing_website"",""provider_differs_from_board""]",false,[]
123,107B482,Het College van Bestuur van de Vrije Universiteit,111A136,VU - Vrije Universiteit Amsterdam,OPLEIDING,1001O5730,50700,,Rechtsgeleerdheid,B Rechtsgeleerdheid,VOLTIJD,NLD,180,,,,"[""canonical_name_alias_present"",""missing_website"",""provider_differs_from_board""]",false,[]
124,107B482,Het College van Bestuur van de Vrije Universiteit,111A136,VU - Vrije Universiteit Amsterdam,OPLEIDING,1001O5723,50670,,"Science, Business & Innovation","B Science, Business & Innovation",VOLTIJD,NLD,180,,,,"[""canonical_name_alias_present"",""missing_website"",""provider_differs_from_board""]",false,[]
125,107B482,Het College van Bestuur van de Vrije Universiteit,111A136,VU - Vrije Universiteit Amsterdam,OPLEIDING,1001O5925,56601,,Sociologie,B Sociologie,VOLTIJD,NLD,180,,,,"[""canonical_name_alias_present"",""missing_website"",""provider_differs_from_board""]",false,[]
126,107B482,Het College van Bestuur van de Vrije Universiteit,111A136,VU - Vrije Universiteit Amsterdam,OPLEIDING,1001O5917,56560,,Tandheelkunde,B Tandheelkunde,VOLTIJD,NLD,180,,,,"[""canonical_name_alias_present"",""missing_website"",""provider_differs_from_board""]",false,[]
127,107B482,Het College van Bestuur van de Vrije Universiteit,111A136,VU - Vrije Universiteit Amsterdam,OPLEIDING,1001O5760,50910,,Theologie en Religiewetenschappen,"B Theology and Religious Studies (deeltijd, Nederlands)",DEELTIJD,NLD,180,,,,"[""canonical_name_alias_present"",""missing_website"",""provider_differs_from_board""]",false,[]
128,107B482,Het College van Bestuur van de Vrije Universiteit,113A697,Universiteit van Amsterdam,OPLEIDING,1001O5782,55002,,Liberal Arts and Sciences (joint degree),Liberal Arts and Sciences - joint degree UvA-VU,VOLTIJD,ENG,180,,,,"[""canonical_name_alias_present"",""provider_differs_from_board""]",true,"[""rc-0012""]"
129,107B471,Maastricht University,113A920,Universiteit Maastricht,OPLEIDING,1001O5622,50004,,Cultuurwetenschappen,BA Cultuurwetenschappen,VOLTIJD,ENG,180,,,,"[""canonical_name_alias_present"",""provider_differs_from_board""]",true,"[""rc-0065""]"
130,107B471,Maastricht University,113A920,Universiteit Maastricht,OPLEIDING,1001O5913,56553,,Gezondheidswetenschappen,BA Gezondheidswetenschappen,DEELTIJD | VOLTIJD,ENG,180,,,,"[""canonical_name_alias_present"",""multi_offering_administrative_only_candidate"",""multiple_modes"",""multiple_offerings"",""provider_differs_from_board""]",true,"[""rc-0072""]"
131,107B471,Maastricht University,113A920,Universiteit Maastricht,OPLEIDING,1001O5622,50004,,Cultuurwetenschappen,Bachelor Arts and Culture,VOLTIJD,ENG,180,,,,"[""canonical_name_alias_present"",""provider_differs_from_board""]",true,"[""rc-0065""]"
132,107B471,Maastricht University,113A920,Universiteit Maastricht,OPLEIDING,1001O6205,56990,,Biomedische Wetenschappen,Bachelor Biomedische Wetenschappen,VOLTIJD,ENG,180,,,,"[""canonical_name_alias_present"",""provider_differs_from_board""]",false,[]
133,107B471,Maastricht University,113A920,Universiteit Maastricht,OPLEIDING,1001O8867,59347,,Brain Science,Bachelor Brain Science,VOLTIJD,ENG,180,,,,"[""canonical_name_alias_present"",""provider_differs_from_board""]",false,[]
134,107B471,Maastricht University,113A920,Universiteit Maastricht,OPLEIDING,1001O6108,56856,,Business Analytics,Bachelor Business Analytics,VOLTIJD,ENG,180,,,,"[""canonical_name_alias_present"",""provider_differs_from_board""]",false,[]
135,107B471,Maastricht University,113A920,Universiteit Maastricht,OPLEIDING,1001O5744,50769,,Business Engineering,Bachelor Business Engineering,VOLTIJD,ENG,180,,,,"[""canonical_name_alias_present"",""provider_differs_from_board""]",false,[]
136,107B471,Maastricht University,113A920,Universiteit Maastricht,OPLEIDING,1001O5622,50004,,Cultuurwetenschappen,Bachelor Cultuurwetenschappen,VOLTIJD,NLD,180,,,,"[""canonical_name_alias_present"",""provider_differs_from_board""]",true,"[""rc-0065""]"
137,107B471,Maastricht University,113A920,Universiteit Maastricht,OPLEIDING,1001O6244,59337,,Digital Society,Bachelor Digital Society,VOLTIJD,ENG,180,,,,"[""canonical_name_alias_present"",""provider_differs_from_board""]",false,[]
138,107B471,Maastricht University,113A920,Universiteit Maastricht,OPLEIDING,1001O6078,56833,,Econometrie en Operationele Research,Bachelor Econometrics and Operations Research,VOLTIJD,ENG,180,,,,"[""canonical_name_alias_present"",""provider_differs_from_board""]",false,[]
139,107B471,Maastricht University,113A920,Universiteit Maastricht,OPLEIDING,1001O5764,50950,,Economie en Bedrijfseconomie,Bachelor Economics and Business Economics,VOLTIJD,ENG,180,,,,"[""canonical_name_alias_present"",""multi_offering_administrative_only_candidate"",""multiple_offerings"",""multiple_websites"",""provider_differs_from_board""]",false,[]
140,107B471,Maastricht University,113A920,Universiteit Maastricht,OPLEIDING,1001O5639,50017,,European Law School,Bachelor European Law School,VOLTIJD,ENG,180,,,,"[""canonical_name_alias_present"",""provider_differs_from_board""]",true,"[""rc-0066""]"
141,107B471,Maastricht University,113A920,Universiteit Maastricht,OPLEIDING,1001O5639,50017,,European Law School,Bachelor European Law School (Regular Track),VOLTIJD,NLD,180,,,,"[""canonical_name_alias_present"",""provider_differs_from_board""]",true,"[""rc-0066""]"
142,107B471,Maastricht University,113A920,Universiteit Maastricht,OPLEIDING,1001O5673,50296,,European Public Health,Bachelor European Public Health,VOLTIJD,ENG,180,,,,"[""canonical_name_alias_present"",""provider_differs_from_board""]",false,[]
143,107B471,Maastricht University,113A920,Universiteit Maastricht,OPLEIDING,1001O5829,56051,,Europese Studies,Bachelor European Studies,VOLTIJD,ENG,180,,,,"[""canonical_name_alias_present"",""provider_differs_from_board""]",false,[]
144,107B471,Maastricht University,113A920,Universiteit Maastricht,OPLEIDING,1001O6064,56827,,Fiscaal Recht,Bachelor Fiscaal Recht,VOLTIJD,NLD,180,,,,"[""canonical_name_alias_present"",""provider_differs_from_board""]",false,[]
145,107B471,Maastricht University,113A920,Universiteit Maastricht,OPLEIDING,1001O5886,56402,,Fiscale Economie,Bachelor Fiscal Economics,VOLTIJD,ENG,180,,,,"[""canonical_name_alias_present"",""provider_differs_from_board""]",false,[]
146,107B471,Maastricht University,113A920,Universiteit Maastricht,OPLEIDING,1001O5907,56551,,Geneeskunde,Bachelor Geneeskunde,VOLTIJD,NLD,180,,,,"[""canonical_name_alias_present"",""provider_differs_from_board""]",false,[]
147,107B471,Maastricht University,113A920,Universiteit Maastricht,OPLEIDING,1001O5913,56553,,Gezondheidswetenschappen,Bachelor Gezondheidswetenschappen,VOLTIJD,NLD,180,,,,"[""canonical_name_alias_present"",""provider_differs_from_board""]",true,"[""rc-0072""]"
148,107B471,Maastricht University,113A920,Universiteit Maastricht,OPLEIDING,1001O6246,59339,,Global Studies,Bachelor Global Studies,VOLTIJD,ENG,180,,,,"[""canonical_name_alias_present"",""provider_differs_from_board""]",false,[]
149,107B471,Maastricht University,113A920,Universiteit Maastricht,OPLEIDING,1001O5643,50019,,International Business,Bachelor International Business,VOLTIJD,ENG,180,,,,"[""canonical_name_alias_present"",""provider_differs_from_board""]",false,[]
150,107B471,Maastricht University,113A920,Universiteit Maastricht,OPLEIDING,1001O5683,50393,,Liberal Arts and Sciences,Bachelor Liberal Arts and Sciences / University College Maastricht,VOLTIJD,ENG,180,,,,"[""canonical_name_alias_present"",""provider_differs_from_board""]",true,"[""rc-0068""]"
151,107B471,Maastricht University,113A920,Universiteit Maastricht,OPLEIDING,1001O5683,50393,,Liberal Arts and Sciences,Bachelor Liberal Arts and Sciences / University College Venlo,VOLTIJD,ENG,180,,,,"[""canonical_name_alias_present"",""provider_differs_from_board""]",true,"[""rc-0068""]"
152,107B471,Maastricht University,113A920,Universiteit Maastricht,OPLEIDING,1001O6248,59341,,Circular Engineering,Bachelor of Science in Circular Engineering,VOLTIJD,ENG,180,,,,"[""canonical_name_alias_present"",""provider_differs_from_board""]",false,[]
153,107B471,Maastricht University,113A920,Universiteit Maastricht,OPLEIDING,1001O8805,50426,,Computer Science,Bachelor of Science in Computer Science,VOLTIJD,ENG,180,,,,"[""canonical_name_alias_present"",""provider_differs_from_board""]",false,[]
154,107B471,Maastricht University,113A920,Universiteit Maastricht,OPLEIDING,1001O5675,50300,,Data Science and Artificial Intelligence,Bachelor of Science in Data Science and Artificial Intelligence,VOLTIJD,ENG,180,,,,"[""canonical_name_alias_present"",""provider_differs_from_board""]",false,[]
155,107B471,Maastricht University,113A920,Universiteit Maastricht,OPLEIDING,1001O5933,56604,,Psychologie,Bachelor Psychologie,VOLTIJD,NLD,180,,,,"[""canonical_name_alias_present"",""provider_differs_from_board""]",true,"[""rc-0073""]"
156,107B471,Maastricht University,113A920,Universiteit Maastricht,OPLEIDING,1001O5933,56604,,Psychologie,Bachelor Psychology English track,VOLTIJD,ENG,180,,,,"[""canonical_name_alias_present"",""provider_differs_from_board""]",true,"[""rc-0073""]"
157,107B471,Maastricht University,113A920,Universiteit Maastricht,OPLEIDING,1001O5728,50700,,Rechtsgeleerdheid,Bachelor Rechtsgeleerdheid,VOLTIJD,ENG | NLD,180,,,,"[""canonical_name_alias_present"",""multi_offering_identity_sensitive"",""multiple_languages"",""multiple_offerings"",""multiple_websites"",""provider_differs_from_board""]",true,"[""rc-0013""]"
158,107B471,Maastricht University,113A920,Universiteit Maastricht,OPLEIDING,1001O8844,59346,,Regenerative Medicine and Technology,Bachelor Regenerative Medicine and Technology,VOLTIJD,ENG,180,,,,"[""canonical_name_alias_present"",""provider_differs_from_board""]",false,[]
159,107B471,Maastricht University,113A920,Universiteit Maastricht,OPLEIDING,1016O2305,50478,,Sustainable Bioscience,Bachelor Sustainable Bioscience,VOLTIJD,ENG,180,,,,"[""canonical_name_alias_present"",""provider_differs_from_board""]",false,[]
160,107B471,Maastricht University,113A920,Universiteit Maastricht,OPLEIDING,1016O2836,55031,,Urban Sustainability Studies (joint degree),Bachelor Urban Sustainability Studies,VOLTIJD,ENG,180,,,,"[""canonical_name_alias_present"",""provider_differs_from_board""]",true,"[""rc-0014""]"
161,107B471,Maastricht University,113A920,Universiteit Maastricht,OPLEIDING,1001O5683,50393,,Liberal Arts and Sciences,Liberal Arts and Sciences / Maastricht Science Programme,VOLTIJD,ENG,180,,,,"[""canonical_name_alias_present"",""provider_differs_from_board""]",true,"[""rc-0068""]"
162,107B497,Open Universiteit Nederland,111A359,Open Universiteit,OPLEIDING,1001O6047,56823,,Algemene Cultuurwetenschappen,Bachelor Algemene Cultuurwetenschappen,DEELTIJD,NLD,180,,,,"[""canonical_name_alias_present"",""provider_differs_from_board""]",false,[]
163,107B497,Open Universiteit Nederland,111A359,Open Universiteit,OPLEIDING,1001O5716,50645,,Bedrijfskunde,Bachelor Bedrijfskunde,DEELTIJD,NLD,180,,,,"[""canonical_name_alias_present"",""provider_differs_from_board""]",false,[]
164,107B497,Open Universiteit Nederland,111A359,Open Universiteit,OPLEIDING,1001O6175,56978,,Informatica,Bachelor Informatica,DEELTIJD,,180,,,,"[""canonical_name_alias_present"",""provider_differs_from_board""]",true,"[""rc-0015""]"
165,107B497,Open Universiteit Nederland,111A359,Open Universiteit,OPLEIDING,1001O6101,56842,,Informatiekunde,Bachelor Informatiekunde,DEELTIJD,NLD,180,,,,"[""canonical_name_alias_present"",""provider_differs_from_board""]",false,[]
166,107B497,Open Universiteit Nederland,111A359,Open Universiteit,OPLEIDING,1001O6200,56988,,Milieu-natuurwetenschappen,Bachelor Milieu-natuurwetenschappen,DEELTIJD,NLD,180,,,,"[""canonical_name_alias_present"",""provider_differs_from_board""]",false,[]
167,107B497,Open Universiteit Nederland,111A359,Open Universiteit,OPLEIDING,1001O5938,56604,,Psychologie,Bachelor Psychologie,DEELTIJD,NLD,180,,,,"[""canonical_name_alias_present"",""provider_differs_from_board""]",false,[]
168,107B497,Open Universiteit Nederland,111A359,Open Universiteit,OPLEIDING,1001O5733,50700,,Rechtsgeleerdheid,Bachelor Rechtsgeleerdheid,DEELTIJD,NLD,180,,,,"[""canonical_name_alias_present"",""provider_differs_from_board""]",false,[]
169,107B461,Protestantse Theologische Universiteit (PThU),113A908,Protestantse Theologische Universiteit,OPLEIDING,1016O1755,56109,,Theologie,,VOLTIJD,,180,,,,"[""missing_website"",""provider_differs_from_board""]",true,"[""rc-0016""]"
170,107B461,Protestantse Theologische Universiteit (PThU),113A908,Protestantse Theologische Universiteit,OPLEIDING,1001O5786,55004,,Theologie (joint degree),,DEELTIJD | VOLTIJD,,180,2029-09-01,2029-09-01,,"[""lifecycle_marker"",""missing_website"",""multi_offering_administrative_only_candidate"",""multiple_modes"",""multiple_offerings"",""provider_differs_from_board""]",true,"[""rc-0017"",""rc-0018"",""rc-0019""]"
171,107B448,Rijksuniversiteit Groningen,113A748,Rijksuniversiteit Groningen,OPLEIDING,1001O5705,50623,,American Studies,American Studies,VOLTIJD,ENG,180,,,,"[""missing_website""]",false,[]
172,107B448,Rijksuniversiteit Groningen,113A748,Rijksuniversiteit Groningen,OPLEIDING,1001O5979,56703,,Archeologie,Archeologie,VOLTIJD,NLD,180,,,,"[""missing_website""]",false,[]
173,107B448,Rijksuniversiteit Groningen,113A748,Rijksuniversiteit Groningen,OPLEIDING,1001O5711,50645,,Bedrijfskunde,Bedrijfskunde,VOLTIJD,NLD,180,,,,"[""missing_website""]",false,[]
174,107B448,Rijksuniversiteit Groningen,113A748,Rijksuniversiteit Groningen,OPLEIDING,1001O6134,56950,,Bewegingswetenschappen,Bewegingswetenschappen,VOLTIJD,NLD,180,,,,"[""missing_website""]",false,[]
175,107B448,Rijksuniversiteit Groningen,113A748,Rijksuniversiteit Groningen,OPLEIDING,1001O6118,56860,,Biologie,Biologie,VOLTIJD,ENG,180,,,,"[""missing_website""]",false,[]
176,107B448,Rijksuniversiteit Groningen,113A748,Rijksuniversiteit Groningen,OPLEIDING,1001O5871,56226,,Biomedische Technologie,Biomedische Technologie,VOLTIJD,ENG,180,,,,"[""duplicate_duo_rows"",""missing_website"",""raw_field_conflict""]",false,[]
177,107B448,Rijksuniversiteit Groningen,113A748,Rijksuniversiteit Groningen,VARIANT,1016O0160,,57084,Cognitiewetenschappen,Cognitiewetenschappen,DEELTIJD | VOLTIJD,ENG,180,,,,"[""missing_website"",""multi_offering_administrative_only_candidate"",""multiple_modes"",""multiple_offerings"",""variant_record""]",false,[]
178,107B448,Rijksuniversiteit Groningen,113A748,Rijksuniversiteit Groningen,OPLEIDING,1001O6056,56826,,Communicatie- en Informatiewetenschappen,Communicatie- en Informatiewetenschappen,VOLTIJD,ENG | NLD,180,,,,"[""missing_website"",""multi_offering_identity_sensitive"",""multiple_languages"",""multiple_offerings""]",true,"[""rc-0020""]"
179,107B448,Rijksuniversiteit Groningen,113A748,Rijksuniversiteit Groningen,OPLEIDING,1001O8744,50982,,Data Science and Society,Data Science and Society,VOLTIJD,ENG,180,,,,"[""missing_website""]",false,[]
180,107B448,Rijksuniversiteit Groningen,113A748,Rijksuniversiteit Groningen,OPLEIDING,1001O6076,56833,,Econometrie en Operationele Research,Econometrie en Operationele Research,VOLTIJD,ENG,180,,,,"[""missing_website""]",false,[]
181,107B448,Rijksuniversiteit Groningen,113A748,Rijksuniversiteit Groningen,OPLEIDING,1001O5761,50950,,Economie en Bedrijfseconomie,Economie en Bedrijfseconomie,VOLTIJD,ENG,180,,,,"[""missing_website""]",false,[]
182,107B448,Rijksuniversiteit Groningen,113A748,Rijksuniversiteit Groningen,VARIANT,1016O0156,,57084,Economische en Sociale Wetenschappen,Economische en Sociale Wetenschappen,DEELTIJD | VOLTIJD,ENG,180,,,,"[""missing_website"",""multi_offering_administrative_only_candidate"",""multiple_modes"",""multiple_offerings"",""variant_record""]",false,[]
183,107B448,Rijksuniversiteit Groningen,113A748,Rijksuniversiteit Groningen,OPLEIDING,1001O5670,50290,,English Language and Culture,English Language and Culture,VOLTIJD,ENG,180,,,,"[""missing_website""]",false,[]
184,107B448,Rijksuniversiteit Groningen,113A748,Rijksuniversiteit Groningen,OPLEIDING,1001O5866,56124,,Europese Talen en Culturen,Europese Talen en Culturen,VOLTIJD,ENG | NLD,180,,,,"[""missing_website"",""multi_offering_identity_sensitive"",""multiple_languages"",""multiple_offerings""]",true,"[""rc-0021""]"
185,107B448,Rijksuniversiteit Groningen,113A748,Rijksuniversiteit Groningen,OPLEIDING,1001O5867,56157,,Farmacie,Farmacie,VOLTIJD,NLD,180,,,,"[""missing_website""]",false,[]
186,107B448,Rijksuniversiteit Groningen,113A748,Rijksuniversiteit Groningen,OPLEIDING,1001O5838,56081,,Filosofie,Filosofie,DEELTIJD | VOLTIJD,NLD,180,,,,"[""missing_website"",""multi_offering_administrative_only_candidate"",""multiple_modes"",""multiple_offerings""]",false,[]
187,107B448,Rijksuniversiteit Groningen,113A748,Rijksuniversiteit Groningen,VARIANT,1016O3611,,50479,Friese Taal en Cultuur,Friese Taal en Cultuur,VOLTIJD,NLD,180,,,,"[""missing_website"",""variant_record""]",false,[]
188,107B448,Rijksuniversiteit Groningen,113A748,Rijksuniversiteit Groningen,OPLEIDING,1001O5904,56551,,Geneeskunde,Geneeskunde,VOLTIJD,NLD,180,,,,"[""missing_website""]",false,[]
189,107B448,Rijksuniversiteit Groningen,113A748,Rijksuniversiteit Groningen,OPLEIDING,1001O5817,56034,,Geschiedenis,Geschiedenis,DEELTIJD | VOLTIJD,ENG | NLD,180,,,,"[""missing_website"",""multi_offering_identity_sensitive"",""multiple_languages"",""multiple_modes"",""multiple_offerings""]",true,"[""rc-0022""]"
190,107B448,Rijksuniversiteit Groningen,113A748,Rijksuniversiteit Groningen,VARIANT,1016O0157,,57084,Geschiedwetenschap,Geschiedwetenschap,DEELTIJD | VOLTIJD,ENG,180,,,,"[""missing_website"",""multi_offering_administrative_only_candidate"",""multiple_modes"",""multiple_offerings"",""variant_record""]",false,[]
191,107B448,Rijksuniversiteit Groningen,113A748,Rijksuniversiteit Groningen,OPLEIDING,1001O6236,59327,,Global Responsibility and Leadership,Global Responsibility and Leadership,VOLTIJD,ENG,180,,,,"[""missing_website""]",false,[]
192,107B448,Rijksuniversiteit Groningen,113A748,Rijksuniversiteit Groningen,OPLEIDING,1001O5806,56003,,Griekse en Latijnse Taal en Cultuur,Griekse en Latijnse Taal en Cultuur,DEELTIJD | VOLTIJD,NLD,180,,,,"[""missing_website"",""multi_offering_administrative_only_candidate"",""multiple_modes"",""multiple_offerings""]",false,[]
193,107B448,Rijksuniversiteit Groningen,113A748,Rijksuniversiteit Groningen,OPLEIDING,1001O5774,50974,,Human Geography and Planning,Human Geography and Planning,VOLTIJD,ENG,180,,,,"[""missing_website""]",false,[]
194,107B448,Rijksuniversiteit Groningen,113A748,Rijksuniversiteit Groningen,OPLEIDING,1001O6170,56978,,Informatica,Informatica,VOLTIJD,ENG,180,,,,"[""duplicate_duo_rows"",""missing_website"",""raw_field_conflict""]",false,[]
195,107B448,Rijksuniversiteit Groningen,113A748,Rijksuniversiteit Groningen,OPLEIDING,1001O6095,56842,,Informatiekunde,Informatiekunde,VOLTIJD,NLD,180,,2030-09-01,2027-09-01,"[""lifecycle_marker"",""missing_website""]",true,"[""rc-0023""]"
196,107B448,Rijksuniversiteit Groningen,113A748,Rijksuniversiteit Groningen,OPLEIDING,1001O6072,56829,,International and European Law,International and European Law,VOLTIJD,ENG,180,,,,"[""missing_website""]",false,[]
197,107B448,Rijksuniversiteit Groningen,113A748,Rijksuniversiteit Groningen,OPLEIDING,1001O5642,50019,,International Business,International Business,VOLTIJD,ENG,180,,,,"[""missing_website""]",false,[]
198,107B448,Rijksuniversiteit Groningen,113A748,Rijksuniversiteit Groningen,OPLEIDING,1001O5706,50627,,Internationale Betrekkingen en Internationale Organisatie,Internationale Betrekkingen en Internationale Organisatie,VOLTIJD,ENG,180,,,,"[""missing_website""]",false,[]
199,107B448,Rijksuniversiteit Groningen,113A748,Rijksuniversiteit Groningen,VARIANT,1016O0159,,57084,Kunst- en Cultuurwetenschappen,Kunst- en Cultuurwetenschappen,DEELTIJD | VOLTIJD,ENG,180,,,,"[""missing_website"",""multi_offering_administrative_only_candidate"",""multiple_modes"",""multiple_offerings"",""variant_record""]",false,[]
200,107B448,Rijksuniversiteit Groningen,113A748,Rijksuniversiteit Groningen,OPLEIDING,1001O5707,50629,,"Kunsten, Cultuur en Media","Kunsten, Cultuur en Media",VOLTIJD,ENG | NLD,180,,,,"[""missing_website"",""multi_offering_identity_sensitive"",""multiple_languages"",""multiple_offerings""]",true,"[""rc-0024""]"
201,107B448,Rijksuniversiteit Groningen,113A748,Rijksuniversiteit Groningen,OPLEIDING,1001O6049,56824,,Kunstgeschiedenis,Kunstgeschiedenis,VOLTIJD,ENG,180,,,,"[""missing_website""]",false,[]
202,107B448,Rijksuniversiteit Groningen,113A748,Rijksuniversiteit Groningen,OPLEIDING,1001O6182,56981,,Kunstmatige Intelligentie,Kunstmatige Intelligentie,VOLTIJD,ENG,180,,,,"[""duplicate_duo_rows"",""missing_website"",""raw_field_conflict""]",false,[]
203,107B448,Rijksuniversiteit Groningen,113A748,Rijksuniversiteit Groningen,VARIANT,1016O0161,,57084,Levenswetenschappen,Levenswetenschappen,DEELTIJD | VOLTIJD,ENG,180,,,,"[""missing_website"",""multi_offering_administrative_only_candidate"",""multiple_modes"",""multiple_offerings"",""variant_record""]",false,[]
204,107B448,Rijksuniversiteit Groningen,113A748,Rijksuniversiteit Groningen,OPLEIDING,1001O5680,50393,,Liberal Arts and Sciences,Liberal Arts and Sciences,VOLTIJD,ENG,180,,,,"[""missing_website""]",false,[]
205,107B448,Rijksuniversiteit Groningen,113A748,Rijksuniversiteit Groningen,OPLEIDING,1001O5878,56286,,Life Science and Technology,Life Science and Technology,VOLTIJD,ENG,180,,,,"[""duplicate_duo_rows"",""missing_website"",""raw_field_conflict""]",false,[]
206,107B448,Rijksuniversiteit Groningen,113A748,Rijksuniversiteit Groningen,OPLEIDING,1001O5757,50906,,Media en Cultuur,Media en Cultuur,VOLTIJD,ENG,180,,,,"[""missing_website""]",false,[]
207,107B448,Rijksuniversiteit Groningen,113A748,Rijksuniversiteit Groningen,OPLEIDING,1001O5847,56098,,Midden-Oostenstudies,Midden-Oostenstudies,VOLTIJD,NLD,180,,,,"[""missing_website""]",false,[]
208,107B448,Rijksuniversiteit Groningen,113A748,Rijksuniversiteit Groningen,OPLEIDING,1001O5810,56012,,Minorities & Multilingualism,Minorities & Multilingualism,DEELTIJD | VOLTIJD,ENG,180,2031-09-01,2031-09-01 | 2030-09-01,2026-09-01,"[""lifecycle_marker"",""missing_website"",""multi_offering_administrative_only_candidate"",""multiple_modes"",""multiple_offerings""]",true,"[""rc-0025""]"
209,107B448,Rijksuniversiteit Groningen,113A748,Rijksuniversiteit Groningen,OPLEIDING,1001O5666,50206,,Natuurkunde,Natuurkunde,VOLTIJD,ENG,180,,,,"[""missing_website""]",false,[]
210,107B448,Rijksuniversiteit Groningen,113A748,Rijksuniversiteit Groningen,VARIANT,1016O0158,,57084,Natuurwetenschappen,Natuurwetenschappen,DEELTIJD | VOLTIJD,ENG,180,,,,"[""missing_website"",""multi_offering_administrative_only_candidate"",""multiple_modes"",""multiple_offerings"",""variant_record""]",false,[]
211,107B448,Rijksuniversiteit Groningen,113A748,Rijksuniversiteit Groningen,OPLEIDING,1001O5999,56804,,Nederlandse Taal en Cultuur,Nederlandse Taal en Cultuur,VOLTIJD,NLD,180,2026-09-01,2026-09-01,,"[""lifecycle_marker"",""missing_website""]",true,"[""rc-0026""]"
212,107B448,Rijksuniversiteit Groningen,113A748,Rijksuniversiteit Groningen,VARIANT,1016O3657,,50479,Nederlandse Taal en Cultuur,Nederlandse Taal en Cultuur,VOLTIJD,NLD,180,,,,"[""missing_website"",""variant_record""]",false,[]
213,107B448,Rijksuniversiteit Groningen,113A748,Rijksuniversiteit Groningen,OPLEIDING,1016O2817,50479,,Nederlandse Talen en Culturen,Nederlandse Talen en Culturen,VOLTIJD,NLD,180,,,,"[""missing_website""]",false,[]
214,107B448,Rijksuniversiteit Groningen,113A748,Rijksuniversiteit Groningen,OPLEIDING,1001O5944,56607,,Pedagogische Wetenschappen,Pedagogische Wetenschappen,VOLTIJD,NLD,180,,,,"[""missing_website""]",false,[]
215,107B448,Rijksuniversiteit Groningen,113A748,Rijksuniversiteit Groningen,VARIANT,1016O0162,,57084,Politieke Wetenschappen,Politieke Wetenschappen,DEELTIJD | VOLTIJD,ENG,180,,,,"[""missing_website"",""multi_offering_administrative_only_candidate"",""multiple_modes"",""multiple_offerings"",""variant_record""]",false,[]
216,107B448,Rijksuniversiteit Groningen,113A748,Rijksuniversiteit Groningen,OPLEIDING,1001O5929,56604,,Psychologie,Psychologie,VOLTIJD,ENG | NLD,180,,,,"[""missing_website"",""multi_offering_identity_sensitive"",""multiple_languages"",""multiple_offerings""]",true,"[""rc-0027""]"
217,107B448,Rijksuniversiteit Groningen,113A748,Rijksuniversiteit Groningen,OPLEIDING,1001O5725,50700,,Rechtsgeleerdheid,Rechtsgeleerdheid,VOLTIJD,NLD,180,,,,"[""missing_website"",""multi_offering_identity_sensitive"",""multiple_locations"",""multiple_offerings""]",true,"[""rc-0028""]"
218,107B448,Rijksuniversiteit Groningen,113A748,Rijksuniversiteit Groningen,OPLEIDING,1001O5751,50902,,Religiewetenschappen,Religiewetenschappen,VOLTIJD,ENG | NLD,180,,,,"[""missing_website"",""multi_offering_identity_sensitive"",""multiple_languages"",""multiple_offerings""]",true,"[""rc-0029""]"
219,107B448,Rijksuniversiteit Groningen,113A748,Rijksuniversiteit Groningen,OPLEIDING,1001O6112,56857,,Scheikunde,Scheikunde,VOLTIJD,ENG,180,,,,"[""missing_website""]",false,[]
220,107B448,Rijksuniversiteit Groningen,113A748,Rijksuniversiteit Groningen,OPLEIDING,1001O6149,56960,,Scheikundige Technologie,Scheikundige Technologie,VOLTIJD,ENG,180,,,,"[""missing_website""]",false,[]
221,107B448,Rijksuniversiteit Groningen,113A748,Rijksuniversiteit Groningen,OPLEIDING,1001O5921,56601,,Sociologie,Sociologie,VOLTIJD,NLD,180,,,,"[""missing_website""]",false,[]
222,107B448,Rijksuniversiteit Groningen,113A748,Rijksuniversiteit Groningen,OPLEIDING,1001O5869,56194,,Spatial Planning and Design,Spatial Planning and Design,VOLTIJD,ENG,180,,,,"[""duplicate_duo_rows"",""missing_website"",""raw_field_conflict""]",false,[]
223,107B448,Rijksuniversiteit Groningen,113A748,Rijksuniversiteit Groningen,OPLEIDING,1001O5664,50205,,Sterrenkunde,Sterrenkunde,VOLTIJD,ENG,180,,,,"[""duplicate_duo_rows"",""missing_website"",""raw_field_conflict""]",false,[]
224,107B448,Rijksuniversiteit Groningen,113A748,Rijksuniversiteit Groningen,OPLEIDING,1001O5993,56803,,Taalwetenschap,Taalwetenschap,VOLTIJD,NLD,180,,,,"[""missing_website""]",false,[]
225,107B448,Rijksuniversiteit Groningen,113A748,Rijksuniversiteit Groningen,OPLEIDING,1001O5915,56560,,Tandheelkunde,Tandheelkunde,VOLTIJD,NLD,180,,,,"[""missing_website""]",false,[]
226,107B448,Rijksuniversiteit Groningen,113A748,Rijksuniversiteit Groningen,OPLEIDING,1001O6210,56994,,Technische Bedrijfskunde,Technische Bedrijfskunde,VOLTIJD,ENG,180,,,,"[""duplicate_duo_rows"",""missing_website"",""raw_field_conflict""]",false,[]
227,107B448,Rijksuniversiteit Groningen,113A748,Rijksuniversiteit Groningen,OPLEIDING,1001O6152,56962,,Technische Natuurkunde,Technische Natuurkunde,VOLTIJD,ENG,180,,,,"[""missing_website""]",false,[]
228,107B448,Rijksuniversiteit Groningen,113A748,Rijksuniversiteit Groningen,OPLEIDING,1001O6160,56965,,Technische Wiskunde,Technische Wiskunde,VOLTIJD,ENG,180,,,,"[""missing_website""]",false,[]
229,107B448,Rijksuniversiteit Groningen,113A748,Rijksuniversiteit Groningen,OPLEIDING,1001O5855,56109,,Theologie,Theologie,DEELTIJD | VOLTIJD,NLD,180,,,,"[""missing_website"",""multi_offering_administrative_only_candidate"",""multiple_modes"",""multiple_offerings""]",false,[]
230,107B448,Rijksuniversiteit Groningen,113A748,Rijksuniversiteit Groningen,OPLEIDING,1001O6177,56980,,Wiskunde,Wiskunde,VOLTIJD,ENG,180,,,,"[""missing_website""]",false,[]
231,107B481,Stichting Katholieke Universiteit Brabant,112A446,Tilburg University,OPLEIDING,1001O6046,56823,,Algemene Cultuurwetenschappen,Algemene Cultuurwetenschappen,DEELTIJD | VOLTIJD,NLD,180,,,,"[""missing_website"",""multi_offering_administrative_only_candidate"",""multiple_modes"",""multiple_offerings"",""provider_differs_from_board""]",false,[]
232,107B481,Stichting Katholieke Universiteit Brabant,112A446,Tilburg University,VARIANT,1016O1090,,,B Bedrijfskunde,B Bedrijfskunde,VOLTIJD,NLD,,,,,"[""missing_website"",""provider_differs_from_board"",""variant_record""]",true,"[""rc-0030""]"
233,107B481,Stichting Katholieke Universiteit Brabant,112A446,Tilburg University,VARIANT,1016O0554,,56627,B Bestuurskunde,B Bestuurskunde,VOLTIJD,NLD,180,,,,"[""missing_website"",""provider_differs_from_board"",""variant_record""]",false,[]
234,107B481,Stichting Katholieke Universiteit Brabant,112A446,Tilburg University,VARIANT,1016O0543,,50754,B Organisatie- en Managementwetenschappen,B Organisatie- en Managementwetenschappen,VOLTIJD,NLD,180,,,,"[""missing_website"",""provider_differs_from_board"",""variant_record""]",false,[]
235,107B481,Stichting Katholieke Universiteit Brabant,112A446,Tilburg University,VARIANT,1016O0544,,50754,B Organisatie- en Managementwetenschappen:GMSI (Engelstalig),B Organisatie- en Managementwetenschappen:GMSI (Engelstalig),VOLTIJD,ENG,180,,,,"[""missing_website"",""provider_differs_from_board"",""variant_record""]",false,[]
236,107B481,Stichting Katholieke Universiteit Brabant,112A446,Tilburg University,VARIANT,1016O0545,,50755,B Personeelwetenschappen,B Personeelwetenschappen,VOLTIJD,NLD,180,,,,"[""missing_website"",""provider_differs_from_board"",""variant_record""]",false,[]
237,107B481,Stichting Katholieke Universiteit Brabant,112A446,Tilburg University,VARIANT,1016O0546,,50755,B Personeelwetenschappen (HRS: People Management),B Personeelwetenschappen (HRS: People Management),VOLTIJD,ENG,180,,,,"[""missing_website"",""provider_differs_from_board"",""variant_record""]",false,[]
238,107B481,Stichting Katholieke Universiteit Brabant,112A446,Tilburg University,VARIANT,1016O0440,,56604,B Psychologie (Engelstalig),B Psychologie (Engelstalig),VOLTIJD,ENG,180,,,,"[""missing_website"",""provider_differs_from_board"",""variant_record""]",false,[]
239,107B481,Stichting Katholieke Universiteit Brabant,112A446,Tilburg University,VARIANT,1016O0439,,56604,B Psychologie (Nederlandstalig),B Psychologie (Nederlandstalig),VOLTIJD,NLD,180,,,,"[""missing_website"",""provider_differs_from_board"",""variant_record""]",false,[]
240,107B481,Stichting Katholieke Universiteit Brabant,112A446,Tilburg University,VARIANT,1016O1091,,56627,B Public Governance,B Public Governance,VOLTIJD,ENG,180,,,,"[""missing_website"",""provider_differs_from_board"",""variant_record""]",false,[]
241,107B481,Stichting Katholieke Universiteit Brabant,112A446,Tilburg University,VARIANT,1016O0539,,50700,B Rechtsgeleerdheid,B Rechtsgeleerdheid,VOLTIJD,NLD,180,,,,"[""missing_website"",""provider_differs_from_board"",""variant_record""]",false,[]
242,107B481,Stichting Katholieke Universiteit Brabant,112A446,Tilburg University,VARIANT,1016O0540,,50700,B Rechtsgeleerdheid: Specialisatie Ondernemingsrecht,B Rechtsgeleerdheid: Specialisatie Ondernemingsrecht,VOLTIJD,NLD,180,,,,"[""missing_website"",""provider_differs_from_board"",""variant_record""]",false,[]
243,107B481,Stichting Katholieke Universiteit Brabant,112A446,Tilburg University,VARIANT,1016O0553,,56601,B Sociologie,B Sociologie,VOLTIJD,NLD,180,,,,"[""missing_website"",""provider_differs_from_board"",""variant_record""]",false,[]
244,107B481,Stichting Katholieke Universiteit Brabant,112A446,Tilburg University,VARIANT,1016O1092,,56601,B Sociologie (International Sociology),B Sociologie (International Sociology),VOLTIJD,ENG,180,,,,"[""missing_website"",""provider_differs_from_board"",""variant_record""]",false,[]
245,107B481,Stichting Katholieke Universiteit Brabant,112A446,Tilburg University,OPLEIDING,1001O6245,59338,,Cognitive Science and Artificial Intelligence,Cognitive Science and Artificial Intelligence,VOLTIJD,ENG,180,,,,"[""missing_website"",""provider_differs_from_board""]",false,[]
246,107B481,Stichting Katholieke Universiteit Brabant,112A446,Tilburg University,OPLEIDING,1001O6060,56826,,Communicatie- en Informatiewetenschappen,Communicatie- en Informatiewetenschappen,DEELTIJD | VOLTIJD,NLD,180,,,,"[""missing_website"",""multi_offering_administrative_only_candidate"",""multiple_modes"",""multiple_offerings"",""provider_differs_from_board""]",false,[]
247,107B481,Stichting Katholieke Universiteit Brabant,112A446,Tilburg University,OPLEIDING,1016O1094,,,B Data Science (joint degree),Data Science,VOLTIJD,ENG,,,,,"[""canonical_name_alias_present"",""missing_website"",""provider_differs_from_board""]",true,"[""rc-0031"",""rc-0032""]"
248,107B481,Stichting Katholieke Universiteit Brabant,112A446,Tilburg University,OPLEIDING,1001O6081,56833,,Econometrie en Operationele Research,Econometrie en Operationele Research,VOLTIJD,ENG,180,,,,"[""missing_website"",""provider_differs_from_board""]",false,[]
249,107B481,Stichting Katholieke Universiteit Brabant,112A446,Tilburg University,OPLEIDING,1001O5883,56401,,Economie,Economics,VOLTIJD,ENG,180,,,,"[""canonical_name_alias_present"",""missing_website"",""provider_differs_from_board""]",false,[]
250,107B481,Stichting Katholieke Universiteit Brabant,112A446,Tilburg University,OPLEIDING,1001O5767,50950,,Economie en Bedrijfseconomie,Economie en Bedrijfseconomie,VOLTIJD,NLD,180,,,,"[""missing_website"",""provider_differs_from_board""]",false,[]
251,107B481,Stichting Katholieke Universiteit Brabant,112A446,Tilburg University,OPLEIDING,1001O6247,59340,,Entrepreneurship and Business Innovation,Entrepreneurship and Business Innovation,VOLTIJD,ENG,180,,,,"[""missing_website"",""provider_differs_from_board""]",false,[]
252,107B481,Stichting Katholieke Universiteit Brabant,112A446,Tilburg University,OPLEIDING,1001O5844,56081,,Filosofie,Filosofie,DEELTIJD | VOLTIJD,NLD,180,,,,"[""missing_website"",""multi_offering_administrative_only_candidate"",""multiple_modes"",""multiple_offerings"",""provider_differs_from_board""]",false,[]
253,107B481,Stichting Katholieke Universiteit Brabant,112A446,Tilburg University,OPLEIDING,1016O0438,,,B Fiscale Economie,Fiscale economie,VOLTIJD,NLD,,,,,"[""canonical_name_alias_present"",""missing_website"",""provider_differs_from_board""]",true,"[""rc-0033""]"
254,107B481,Stichting Katholieke Universiteit Brabant,112A446,Tilburg University,OPLEIDING,1001O5902,56475,,Global Law,Global Law,VOLTIJD,ENG,180,,,,"[""missing_website"",""provider_differs_from_board""]",false,[]
255,107B481,Stichting Katholieke Universiteit Brabant,112A446,Tilburg University,OPLEIDING,1001O5773,50952,,International Business Administration,International Business Administration,VOLTIJD,ENG,180,,,,"[""missing_website"",""provider_differs_from_board""]",false,[]
256,107B481,Stichting Katholieke Universiteit Brabant,112A446,Tilburg University,OPLEIDING,1001O5686,50393,,Liberal Arts and Sciences,Liberal Arts and Sciences,VOLTIJD,ENG,180,,,,"[""missing_website"",""provider_differs_from_board""]",false,[]
257,107B481,Stichting Katholieke Universiteit Brabant,112A446,Tilburg University,OPLEIDING,1001O5858,56109,,Theologie,Theologie,DEELTIJD | VOLTIJD,ENG,180,,,,"[""missing_website"",""multi_offering_identity_sensitive"",""multiple_locations"",""multiple_modes"",""multiple_offerings"",""provider_differs_from_board""]",true,"[""rc-0034""]"
258,107B544,Stichting Universiteit voor Humanistiek,109A997,Universiteit voor Humanistiek,OPLEIDING,1001O5853,56105,,Humanistiek,Humanistiek,VOLTIJD,NLD,180,,,,"[""missing_website"",""provider_differs_from_board""]",false,[]
259,107B605,Technische Universiteit Delft,111A562,Technische Universiteit Delft,VARIANT,1015O6835,,56951,Bachelor Bouwkunde,Bachelor Bouwkunde,VOLTIJD,NLD,180,,,,"[""missing_website"",""variant_record""]",false,[]
260,107B605,Technische Universiteit Delft,111A562,Technische Universiteit Delft,VARIANT,1015O6933,,56952,Bachelor Civiele Techniek,Bachelor Civiele Techniek,VOLTIJD,NLD,180,,,,"[""missing_website"",""variant_record""]",false,[]
261,107B605,Technische Universiteit Delft,111A562,Technische Universiteit Delft,VARIANT,1015O6940,,56953,Bachelor Electrical Engineering,Bachelor Electrical Engineering,VOLTIJD,NLD,180,,,,"[""missing_website"",""variant_record""]",false,[]
262,107B605,Technische Universiteit Delft,111A562,Technische Universiteit Delft,VARIANT,1015O7236,,56955,Bachelor Industrieel Ontwerpen,Bachelor Industrieel Ontwerpen,VOLTIJD,NLD,180,,,,"[""missing_website"",""variant_record""]",false,[]
263,107B605,Technische Universiteit Delft,111A562,Technische Universiteit Delft,VARIANT,1015O7390,,55007,Bachelor Klinische Technologie,Bachelor Klinische Technologie,VOLTIJD,NLD,180,,,,"[""missing_website"",""variant_record""]",false,[]
264,107B605,Technische Universiteit Delft,111A562,Technische Universiteit Delft,VARIANT,1015O7388,,55010,Bachelor Life Science and Technology,Bachelor Life Science and Technology,VOLTIJD,NLD,180,,,,"[""missing_website"",""variant_record""]",false,[]
265,107B605,Technische Universiteit Delft,111A562,Technische Universiteit Delft,VARIANT,1015O7235,,56956,Bachelor Luchtvaart- en Ruimtevaarttechniek,Bachelor Luchtvaart- en Ruimtevaarttechniek,VOLTIJD,NLD,180,,,,"[""missing_website"",""variant_record""]",false,[]
266,107B605,Technische Universiteit Delft,111A562,Technische Universiteit Delft,VARIANT,1015O7234,,56957,Bachelor Maritieme Techniek,Bachelor Maritieme Techniek,VOLTIJD,NLD,180,,,,"[""missing_website"",""variant_record""]",false,[]
267,107B605,Technische Universiteit Delft,111A562,Technische Universiteit Delft,VARIANT,1015O7391,,55003,Bachelor Nanobiologie,Bachelor Nanobiologie,VOLTIJD,NLD,180,,,,"[""missing_website"",""variant_record""]",false,[]
268,107B605,Technische Universiteit Delft,111A562,Technische Universiteit Delft,VARIANT,1015O7233,,56959,Bachelor Technische Aardwetenschappen,Bachelor Technische Aardwetenschappen,VOLTIJD,NLD,180,,,,"[""missing_website"",""variant_record""]",false,[]
269,107B605,Technische Universiteit Delft,111A562,Technische Universiteit Delft,VARIANT,1015O7228,,56995,Bachelor Technische Bestuurskunde,Bachelor Technische Bestuurskunde,VOLTIJD,NLD,180,,,,"[""missing_website"",""variant_record""]",false,[]
270,107B605,Technische Universiteit Delft,111A562,Technische Universiteit Delft,VARIANT,1015O7231,,56964,Bachelor Technische Informatica,Bachelor Technische Informatica,VOLTIJD,NLD,180,,,,"[""missing_website"",""variant_record""]",false,[]
271,107B605,Technische Universiteit Delft,111A562,Technische Universiteit Delft,VARIANT,1015O7241,,56962,Bachelor Technische Natuurkunde,Bachelor Technische Natuurkunde,VOLTIJD,NLD,180,,,,"[""missing_website"",""variant_record""]",false,[]
272,107B605,Technische Universiteit Delft,111A562,Technische Universiteit Delft,VARIANT,1015O7230,,56965,Bachelor Technische Wiskunde,Bachelor Technische Wiskunde,VOLTIJD,NLD,180,,,,"[""missing_website"",""variant_record""]",false,[]
273,107B605,Technische Universiteit Delft,111A562,Technische Universiteit Delft,VARIANT,1015O7229,,56966,Bachelor Werktuigbouwkunde,Bachelor Werktuigbouwkunde,VOLTIJD,NLD,180,,,,"[""missing_website"",""variant_record""]",false,[]
274,107B450,Technische Universiteit Eindhoven,114A734,Technische Universiteit Eindhoven,VARIANT,1015O6277,,56953,Automotive Technology,Automotive Technology,VOLTIJD,ENG,180,,,,"[""missing_website"",""variant_record""]",false,[]
275,107B450,Technische Universiteit Eindhoven,114A734,Technische Universiteit Eindhoven,VARIANT,1015O6204,,56226,Biomedische Technologie,Biomedische Technologie,VOLTIJD,ENG,180,,,,"[""missing_website"",""variant_record""]",false,[]
276,107B450,Technische Universiteit Eindhoven,114A734,Technische Universiteit Eindhoven,VARIANT,1015O6209,,56951,Bouwkunde,Bouwkunde,VOLTIJD,ENG,180,,,,"[""missing_website"",""variant_record""]",false,[]
277,107B450,Technische Universiteit Eindhoven,114A734,Technische Universiteit Eindhoven,VARIANT,1015O6287,,56964,Computer Science and Engineering,Computer Science and Engineering,VOLTIJD,ENG,180,,,,"[""missing_website"",""variant_record""]",false,[]
278,107B450,Technische Universiteit Eindhoven,114A734,Technische Universiteit Eindhoven,VARIANT,1015O6359,,55018,Data Science,Data Science,VOLTIJD,ENG,180,,,,"[""missing_website"",""variant_record""]",true,"[""rc-0035""]"
279,107B450,Technische Universiteit Eindhoven,114A734,Technische Universiteit Eindhoven,VARIANT,1015O6278,,56953,Electrical Engineering,Electrical Engineering,VOLTIJD,ENG,180,,,,"[""missing_website"",""variant_record""]",false,[]
280,107B450,Technische Universiteit Eindhoven,114A734,Technische Universiteit Eindhoven,VARIANT,1015O5087,,50441,Industrial Design,Industrial Design,VOLTIJD,ENG,180,,,,"[""missing_website"",""variant_record""]",false,[]
281,107B450,Technische Universiteit Eindhoven,114A734,Technische Universiteit Eindhoven,VARIANT,1016O3578,,,Mechanical Engineering,Mechanical Engineering,VOLTIJD,NLD,,,,,"[""missing_website"",""variant_record""]",true,"[""rc-0036""]"
282,107B450,Technische Universiteit Eindhoven,114A734,Technische Universiteit Eindhoven,VARIANT,1015O6205,,56226,Medische Wetenschappen en Technologie,Medische Wetenschappen en Technologie,VOLTIJD,NLD,180,,,,"[""missing_website"",""variant_record""]",false,[]
283,107B450,Technische Universiteit Eindhoven,114A734,Technische Universiteit Eindhoven,VARIANT,1015O5091,,55824,Psychology & Technology,Psychology & Technology,VOLTIJD,ENG,180,,,,"[""missing_website"",""variant_record""]",false,[]
284,107B450,Technische Universiteit Eindhoven,114A734,Technische Universiteit Eindhoven,VARIANT,1015O6280,,56960,Scheikundige Technologie,Scheikundige Technologie,VOLTIJD,ENG,180,,,,"[""missing_website"",""variant_record""]",false,[]
285,107B450,Technische Universiteit Eindhoven,114A734,Technische Universiteit Eindhoven,VARIANT,1015O6351,,56265,Sustainable Innovation,Sustainable Innovation,VOLTIJD,ENG,180,,,,"[""missing_website"",""variant_record""]",false,[]
286,107B450,Technische Universiteit Eindhoven,114A734,Technische Universiteit Eindhoven,VARIANT,1015O6303,,56994,Technische Bedrijfskunde,Technische Bedrijfskunde,VOLTIJD,ENG,180,,,,"[""missing_website"",""variant_record""]",false,[]
287,107B450,Technische Universiteit Eindhoven,114A734,Technische Universiteit Eindhoven,VARIANT,1015O6285,,56962,Technische Natuurkunde,Technische Natuurkunde,VOLTIJD,ENG,180,,,,"[""missing_website"",""variant_record""]",false,[]
288,107B450,Technische Universiteit Eindhoven,114A734,Technische Universiteit Eindhoven,VARIANT,1015O6295,,56965,Technische Wiskunde,Technische Wiskunde,VOLTIJD,ENG,180,,,,"[""missing_website"",""variant_record""]",false,[]
289,107B487,Theologische Universiteit Apeldoorn,113A677,Theologische Universiteit Apeldoorn,OPLEIDING,1001O5859,56109,,Theologie,Bachelor Theologie,VOLTIJD,NLD,180,,2029-08-30,,"[""canonical_name_alias_present"",""lifecycle_marker""]",true,"[""rc-0037""]"
290,107B617,Theologische Universiteit van de Gereformeerde Kerk (Vrijg) in Nederland,114A554,Theologische Universiteit Utrecht,OPLEIDING,1001O5860,56109,,Theologie,Theologie,DEELTIJD | VOLTIJD,NLD,180,,,,"[""missing_website"",""multi_offering_administrative_only_candidate"",""multiple_modes"",""multiple_offerings"",""provider_differs_from_board""]",false,[]
291,107B578,Universiteit Leiden,114A561,Universiteit Leiden,OPLEIDING,1001O6041,56821,,African Studies,African Studies,VOLTIJD,ENG,180,,,,"[""missing_website""]",false,[]
292,107B578,Universiteit Leiden,114A561,Universiteit Leiden,OPLEIDING,1001O5978,56703,,Archeologie,Archeologie,VOLTIJD,NLD,180,,,,"[""missing_website""]",false,[]
293,107B578,Universiteit Leiden,114A561,Universiteit Leiden,OPLEIDING,1001O5965,56627,,Bestuurskunde,Bestuurskunde,VOLTIJD,NLD,180,,,,"[""missing_website""]",false,[]
294,107B578,Universiteit Leiden,114A561,Universiteit Leiden,OPLEIDING,1001O5667,50207,,Bio-Farmaceutische Wetenschappen,Bio-Farmaceutische Wetenschappen,VOLTIJD,NLD,180,,,,"[""missing_website""]",false,[]
295,107B578,Universiteit Leiden,114A561,Universiteit Leiden,OPLEIDING,1001O6117,56860,,Biologie,Biologie,VOLTIJD,NLD,180,,,,"[""missing_website""]",false,[]
296,107B578,Universiteit Leiden,114A561,Universiteit Leiden,OPLEIDING,1001O6203,56990,,Biomedische Wetenschappen,Biomedische Wetenschappen,VOLTIJD,NLD,180,,,,"[""missing_website""]",false,[]
297,107B578,Universiteit Leiden,114A561,Universiteit Leiden,OPLEIDING,1001O6038,56818,,Chinastudies,Chinastudies,VOLTIJD,NLD,180,,,,"[""missing_website""]",false,[]
298,107B578,Universiteit Leiden,114A561,Universiteit Leiden,OPLEIDING,1001O5899,56469,,Criminologie,Criminologie,DEELTIJD | VOLTIJD,NLD,180,,2031-08-31,,"[""lifecycle_marker"",""missing_website"",""multi_offering_administrative_only_candidate"",""multiple_modes"",""multiple_offerings""]",true,"[""rc-0038""]"
299,107B578,Universiteit Leiden,114A561,Universiteit Leiden,OPLEIDING,1001O5651,50035,,Culturele Antropologie en Ontwikkelingssociologie,Cultural Anthropology and Development Sociology,VOLTIJD,NLD,180,,,,"[""canonical_name_alias_present"",""missing_website""]",false,[]
300,107B578,Universiteit Leiden,114A561,Universiteit Leiden,OPLEIDING,1001O8924,59348,,Cybersecurity & Cybercrime,Cybersecurity & Cybercrime,VOLTIJD,NLD,180,,,,"[""missing_website""]",false,[]
301,107B578,Universiteit Leiden,114A561,Universiteit Leiden,OPLEIDING,1001O5674,50300,,Data Science and Artificial Intelligence,Data Science and Artificial Intelligence,VOLTIJD,ENG,180,,,,"[""missing_website""]",false,[]
302,107B578,Universiteit Leiden,114A561,Universiteit Leiden,OPLEIDING,1001O6004,56805,,Duitse Taal en Cultuur,Duitse Taal en Cultuur,VOLTIJD,NLD,180,,,,"[""missing_website""]",false,[]
303,107B578,Universiteit Leiden,114A561,Universiteit Leiden,OPLEIDING,1001O8921,50996,,Economie & Samenleving,Economie en Samenleving,VOLTIJD,NLD,180,,,,"[""canonical_name_alias_present"",""missing_website""]",false,[]
304,107B578,Universiteit Leiden,114A561,Universiteit Leiden,OPLEIDING,1001O6010,56806,,Engelse Taal en Cultuur,English Language and Culture,DEELTIJD | VOLTIJD,ENG,180,,,,"[""canonical_name_alias_present"",""missing_website"",""multi_offering_administrative_only_candidate"",""multiple_modes"",""multiple_offerings""]",false,[]
305,107B578,Universiteit Leiden,114A561,Universiteit Leiden,OPLEIDING,1001O5689,50414,,Film- en Literatuurwetenschap,Film- en Literatuurwetenschap,VOLTIJD,NLD,180,,,,"[""missing_website""]",false,[]
306,107B578,Universiteit Leiden,114A561,Universiteit Leiden,OPLEIDING,1001O5837,56081,,Filosofie,Filosofie,DEELTIJD | VOLTIJD,NLD,180,,,,"[""missing_website"",""multi_offering_administrative_only_candidate"",""multiple_modes"",""multiple_offerings""]",false,[]
307,107B578,Universiteit Leiden,114A561,Universiteit Leiden,OPLEIDING,1001O6061,56827,,Fiscaal Recht,Fiscaal Recht,DEELTIJD | VOLTIJD,NLD,180,,2031-08-31,,"[""lifecycle_marker"",""missing_website"",""multi_offering_administrative_only_candidate"",""multiple_modes"",""multiple_offerings""]",true,"[""rc-0039""]"
308,107B578,Universiteit Leiden,114A561,Universiteit Leiden,OPLEIDING,1001O6018,56808,,Franse Taal en Cultuur,Franse Taal en Cultuur,DEELTIJD | VOLTIJD,NLD,180,,,,"[""missing_website"",""multi_offering_administrative_only_candidate"",""multiple_modes"",""multiple_offerings""]",false,[]
309,107B578,Universiteit Leiden,114A561,Universiteit Leiden,OPLEIDING,1001O5903,56551,,Geneeskunde,Geneeskunde,VOLTIJD,NLD,180,,,,"[""missing_website""]",false,[]
310,107B578,Universiteit Leiden,114A561,Universiteit Leiden,OPLEIDING,1001O5816,56034,,Geschiedenis,Geschiedenis,VOLTIJD,NLD,180,,,,"[""missing_website""]",false,[]
311,107B578,Universiteit Leiden,114A561,Universiteit Leiden,OPLEIDING,1001O5805,56003,,Griekse en Latijnse Taal en Cultuur,Griekse en Latijnse Taal en Cultuur,VOLTIJD,NLD,180,,,,"[""missing_website""]",false,[]
312,107B578,Universiteit Leiden,114A561,Universiteit Leiden,OPLEIDING,1001O6169,56978,,Informatica,Informatica,DEELTIJD | VOLTIJD,NLD,180,,,,"[""missing_website"",""multi_offering_identity_sensitive"",""multiple_locations"",""multiple_modes"",""multiple_offerings""]",true,"[""rc-0040""]"
313,107B578,Universiteit Leiden,114A561,Universiteit Leiden,OPLEIDING,1001O6229,59316,,International Studies,International Studies,VOLTIJD,ENG,180,,,,"[""missing_website""]",false,[]
314,107B578,Universiteit Leiden,114A561,Universiteit Leiden,OPLEIDING,1001O6023,56809,,Italiaanse Taal en Cultuur,Italiaanse Taal en Cultuur,VOLTIJD,NLD,180,,,,"[""missing_website""]",false,[]
315,107B578,Universiteit Leiden,114A561,Universiteit Leiden,OPLEIDING,1001O6039,56819,,Japanstudies,Japanstudies,VOLTIJD,NLD,180,,,,"[""missing_website""]",false,[]
316,107B578,Universiteit Leiden,114A561,Universiteit Leiden,OPLEIDING,1001O6040,56820,,Koreastudies,Koreastudies,VOLTIJD,NLD,180,,,,"[""missing_website""]",false,[]
317,107B578,Universiteit Leiden,114A561,Universiteit Leiden,OPLEIDING,1001O6048,56824,,Kunstgeschiedenis,Kunstgeschiedenis,DEELTIJD | VOLTIJD,NLD,180,,,,"[""missing_website"",""multi_offering_administrative_only_candidate"",""multiple_modes"",""multiple_offerings""]",false,[]
318,107B578,Universiteit Leiden,114A561,Universiteit Leiden,OPLEIDING,1001O5831,56052,,Latijns-Amerikastudies,Latijns-Amerikastudies,VOLTIJD,NLD,180,,,,"[""missing_website""]",false,[]
319,107B578,Universiteit Leiden,114A561,Universiteit Leiden,OPLEIDING,1001O5696,50429,,Liberal Arts and Sciences: Global Challenges,Liberal Arts and Sciences: Global Challenges,VOLTIJD,ENG,180,,,,"[""missing_website""]",false,[]
320,107B578,Universiteit Leiden,114A561,Universiteit Leiden,OPLEIDING,1001O5846,56098,,Midden-Oostenstudies,Midden-Oostenstudies,VOLTIJD,NLD,180,,,,"[""missing_website""]",false,[]
321,107B578,Universiteit Leiden,114A561,Universiteit Leiden,OPLEIDING,1001O5791,55009,,Molecular Science and Technology (joint degree),Molecular Science and Technology (joint degree),VOLTIJD,NLD,180,,,,"[""missing_website""]",true,"[""rc-0041""]"
322,107B578,Universiteit Leiden,114A561,Universiteit Leiden,OPLEIDING,1001O5665,50206,,Natuurkunde,Natuurkunde,DEELTIJD | VOLTIJD,NLD,180,,,,"[""missing_website"",""multi_offering_administrative_only_candidate"",""multiple_modes"",""multiple_offerings""]",false,[]
323,107B578,Universiteit Leiden,114A561,Universiteit Leiden,OPLEIDING,1001O5832,56055,,Nederlandkunde/Dutch Studies,Nederlandkunde,VOLTIJD,NLD,180,,,,"[""canonical_name_alias_present"",""missing_website""]",false,[]
324,107B578,Universiteit Leiden,114A561,Universiteit Leiden,OPLEIDING,1001O5998,56804,,Nederlandse Taal en Cultuur,Nederlandse Taal en Cultuur,VOLTIJD,NLD,180,,,,"[""missing_website""]",false,[]
325,107B578,Universiteit Leiden,114A561,Universiteit Leiden,OPLEIDING,1001O6067,56828,,Notarieel Recht,Notarieel Recht,DEELTIJD | VOLTIJD,NLD,180,,2031-08-31,,"[""lifecycle_marker"",""missing_website"",""multi_offering_administrative_only_candidate"",""multiple_modes"",""multiple_offerings""]",true,"[""rc-0042""]"
326,107B578,Universiteit Leiden,114A561,Universiteit Leiden,OPLEIDING,1001O5865,56123,,Oude Nabije Oosten-studies,Oude Nabije Oosten-studies,VOLTIJD,NLD,180,,,,"[""missing_website""]",false,[]
327,107B578,Universiteit Leiden,114A561,Universiteit Leiden,OPLEIDING,1001O5943,56607,,Pedagogische Wetenschappen,Pedagogische Wetenschappen,VOLTIJD,NLD,180,,,,"[""missing_website""]",false,[]
328,107B578,Universiteit Leiden,114A561,Universiteit Leiden,OPLEIDING,1001O5939,56606,,Politicologie,Politicologie,VOLTIJD,NLD,180,,,,"[""missing_website"",""multi_offering_identity_sensitive"",""multiple_locations"",""multiple_offerings""]",true,"[""rc-0043""]"
329,107B578,Universiteit Leiden,114A561,Universiteit Leiden,OPLEIDING,1001O5928,56604,,Psychologie,Psychologie,VOLTIJD,NLD,180,,,,"[""missing_website""]",false,[]
330,107B578,Universiteit Leiden,114A561,Universiteit Leiden,OPLEIDING,1001O5724,50700,,Rechtsgeleerdheid,Rechtsgeleerdheid,DEELTIJD | VOLTIJD,NLD,180,,2031-08-31,,"[""lifecycle_marker"",""missing_website"",""multi_offering_administrative_only_candidate"",""multiple_modes"",""multiple_offerings""]",true,"[""rc-0044""]"
331,107B578,Universiteit Leiden,114A561,Universiteit Leiden,OPLEIDING,1001O5750,50902,,Religiewetenschappen,Religiewetenschappen,DEELTIJD | VOLTIJD,NLD,180,,,,"[""missing_website"",""multi_offering_administrative_only_candidate"",""multiple_modes"",""multiple_offerings""]",false,[]
332,107B578,Universiteit Leiden,114A561,Universiteit Leiden,OPLEIDING,1001O5746,50855,,Russische Studies,Russische Studies,VOLTIJD,NLD,180,,,,"[""missing_website""]",false,[]
333,107B578,Universiteit Leiden,114A561,Universiteit Leiden,OPLEIDING,1001O8926,50474,,Science for Sustainable Societies,Science for Sustainable Societies,VOLTIJD,ENG,180,,,,"[""missing_website""]",false,[]
334,107B578,Universiteit Leiden,114A561,Universiteit Leiden,OPLEIDING,1001O6231,59320,,Security Studies,Security Studies,VOLTIJD,ENG,180,,,,"[""missing_website""]",false,[]
335,107B578,Universiteit Leiden,114A561,Universiteit Leiden,OPLEIDING,1001O5848,56099,,Zuid- en Zuidoost-Aziëstudies,South and Southeast Asian Studies,VOLTIJD,ENG,180,,,,"[""canonical_name_alias_present"",""missing_website""]",false,[]
336,107B578,Universiteit Leiden,114A561,Universiteit Leiden,OPLEIDING,1001O5663,50205,,Sterrenkunde,Sterrenkunde,VOLTIJD,NLD,180,,,,"[""missing_website""]",false,[]
337,107B578,Universiteit Leiden,114A561,Universiteit Leiden,OPLEIDING,1001O5992,56803,,Taalwetenschap,Taalwetenschap,VOLTIJD,NLD,180,,,,"[""missing_website""]",false,[]
338,107B578,Universiteit Leiden,114A561,Universiteit Leiden,OPLEIDING,1001O6237,59328,,Urban Studies,Urban Studies,VOLTIJD,ENG,180,,,,"[""missing_website""]",false,[]
339,107B578,Universiteit Leiden,114A561,Universiteit Leiden,OPLEIDING,1001O6176,56980,,Wiskunde,Wiskunde,DEELTIJD | VOLTIJD,NLD,180,,,,"[""missing_website"",""multi_offering_administrative_only_candidate"",""multiple_modes"",""multiple_offerings""]",false,[]
340,107B523,Universiteit Twente,114A514,Universiteit Twente,VARIANT,1015O6816,,,Bachelor Civil Engineering,Bachelor Civil Engineering,VOLTIJD,ENG,,,,,"[""missing_website"",""variant_record""]",true,"[""rc-0045""]"
341,107B523,Universiteit Twente,114A514,Universiteit Twente,VARIANT,1015O6821,,50447,Bachelor Creative Technology,Bachelor Creative Technology,VOLTIJD,ENG,180,,,,"[""missing_website"",""variant_record""]",false,[]
342,107B523,Universiteit Twente,114A514,Universiteit Twente,VARIANT,1015O6822,,50447,Bachelor Creative Technology - Amsterdam (VU-UT),Bachelor Creative Technology - Amsterdam (VU-UT),VOLTIJD,ENG,180,,,,"[""missing_website"",""variant_record""]",false,[]
343,107B523,Universiteit Twente,114A514,Universiteit Twente,VARIANT,1015O6818,,50439,Bachelor Mechanical Engineering,Bachelor Mechanical Engineering,VOLTIJD,ENG,180,,,,"[""missing_website"",""variant_record""]",false,[]
344,107B523,Universiteit Twente,114A514,Universiteit Twente,VARIANT,1015O7322,,50439,Bachelor Mechanical Engineering - Amsterdam (VU-UT),Bachelor Mechanical Engineering - Amsterdam (VU-UT),VOLTIJD,ENG,180,,,,"[""missing_website"",""variant_record""]",false,[]
345,107B449,Universiteit Utrecht,112A764,Universiteit Utrecht,VARIANT,1015O5101,,56986,Aardwetenschappen,Aardwetenschappen,VOLTIJD,NLD,180,,,,"[""missing_website"",""variant_record""]",false,[]
346,107B449,Universiteit Utrecht,112A764,Universiteit Utrecht,VARIANT,1015O5638,,50003,Academische lerarenopleiding primair onderwijs,Academische lerarenopleiding primair onderwijs,DEELTIJD | VOLTIJD,NLD,180,,,,"[""missing_website"",""multi_offering_administrative_only_candidate"",""multiple_modes"",""multiple_offerings"",""variant_record""]",false,[]
347,107B449,Universiteit Utrecht,112A764,Universiteit Utrecht,OPLEIDING,1001O5626,50007,,Bestuurs- en Organisatiewetenschap,Bestuurs- en organisatiewetenschap,VOLTIJD,NLD,180,,,,"[""canonical_name_alias_present"",""missing_website""]",false,[]
348,107B449,Universiteit Utrecht,112A764,Universiteit Utrecht,VARIANT,1015O5740,,56860,Biologie,Biologie,VOLTIJD,NLD,180,,,,"[""missing_website"",""variant_record""]",false,[]
349,107B449,Universiteit Utrecht,112A764,Universiteit Utrecht,OPLEIDING,1001O6204,56990,,Biomedische Wetenschappen,Biomedische wetenschappen,VOLTIJD,NLD,180,,,,"[""canonical_name_alias_present"",""missing_website""]",false,[]
350,107B449,Universiteit Utrecht,112A764,Universiteit Utrecht,OPLEIDING,1001O6057,56826,,Communicatie- en Informatiewetenschappen,Communicatie- en informatiewetenschappen,VOLTIJD,NLD,180,,,,"[""canonical_name_alias_present"",""missing_website""]",false,[]
351,107B449,Universiteit Utrecht,112A764,Universiteit Utrecht,VARIANT,1016O4381,,50035,Culturele antropologie en ontwikkelingssociologie,Culturele antropologie en ontwikkelingssociologie,VOLTIJD,NLD,180,,,,"[""missing_website"",""variant_record""]",false,[]
352,107B449,Universiteit Utrecht,112A764,Universiteit Utrecht,OPLEIDING,1001O5919,56570,,Diergeneeskunde,Diergeneeskunde,VOLTIJD,NLD,180,,,,"[""missing_website""]",false,[]
353,107B449,Universiteit Utrecht,112A764,Universiteit Utrecht,VARIANT,1015O5768,,50950,Economics and Business Economics,Economics and Business Economics,VOLTIJD,ENG,180,,,,"[""missing_website"",""variant_record""]",false,[]
354,107B449,Universiteit Utrecht,112A764,Universiteit Utrecht,VARIANT,1016O8883,,50290,English Language and Culture,English Language and Culture,VOLTIJD,ENG,180,,,,"[""missing_website"",""variant_record""]",false,[]
355,107B449,Universiteit Utrecht,112A764,Universiteit Utrecht,VARIANT,1015O5782,,56157,Farmacie,Farmacie,VOLTIJD,NLD,180,,,,"[""missing_website"",""variant_record""]",false,[]
356,107B449,Universiteit Utrecht,112A764,Universiteit Utrecht,VARIANT,1015O5772,,56081,Filosofie,Filosofie,VOLTIJD,NLD,180,,,,"[""missing_website"",""variant_record""]",false,[]
357,107B449,Universiteit Utrecht,112A764,Universiteit Utrecht,OPLEIDING,1001O5905,56551,,Geneeskunde,Geneeskunde,VOLTIJD,NLD,180,,,,"[""missing_website""]",false,[]
358,107B449,Universiteit Utrecht,112A764,Universiteit Utrecht,VARIANT,1015O5790,,56034,Geschiedenis,Geschiedenis,VOLTIJD,NLD,180,,,,"[""missing_website"",""variant_record""]",false,[]
359,107B449,Universiteit Utrecht,112A764,Universiteit Utrecht,VARIANT,1015O5795,,56987,Global Sustainability Science,Global Sustainability Science,VOLTIJD,ENG,180,,,,"[""missing_website"",""variant_record""]",false,[]
360,107B449,Universiteit Utrecht,112A764,Universiteit Utrecht,VARIANT,1015O5802,,56034,History,History,VOLTIJD,ENG,180,,,,"[""missing_website"",""variant_record""]",false,[]
361,107B449,Universiteit Utrecht,112A764,Universiteit Utrecht,VARIANT,1015O5812,,56978,Informatica,Informatica,VOLTIJD,NLD,180,,,,"[""missing_website"",""variant_record""]",false,[]
362,107B449,Universiteit Utrecht,112A764,Universiteit Utrecht,VARIANT,1015O5814,,56842,Informatiekunde,Informatiekunde,VOLTIJD,NLD,180,,,,"[""missing_website"",""variant_record""]",false,[]
363,107B449,Universiteit Utrecht,112A764,Universiteit Utrecht,VARIANT,1015O5733,,56631,Interdisciplinaire sociale wetenschap,Interdisciplinaire sociale wetenschap,VOLTIJD,NLD,180,,,,"[""missing_website"",""variant_record""]",false,[]
364,107B449,Universiteit Utrecht,112A764,Universiteit Utrecht,OPLEIDING,1001O6050,56824,,Kunstgeschiedenis,Kunstgeschiedenis,VOLTIJD,NLD,180,,,,"[""missing_website""]",false,[]
365,107B449,Universiteit Utrecht,112A764,Universiteit Utrecht,OPLEIDING,1001O6183,56981,,Kunstmatige Intelligentie,Kunstmatige Intelligentie,VOLTIJD,NLD,180,,,,"[""missing_website""]",false,[]
366,107B449,Universiteit Utrecht,112A764,Universiteit Utrecht,VARIANT,1015O5824,,50393,Liberal Arts and Sciences,Liberal Arts and Sciences,VOLTIJD,NLD,180,,,,"[""missing_website"",""variant_record""]",false,[]
367,107B449,Universiteit Utrecht,112A764,Universiteit Utrecht,OPLEIDING,1001O5989,56802,,Literatuurwetenschap,Literatuurwetenschap,VOLTIJD,NLD,180,,,,"[""missing_website""]",false,[]
368,107B449,Universiteit Utrecht,112A764,Universiteit Utrecht,OPLEIDING,1001O5758,50906,,Media en Cultuur,Media en cultuur,VOLTIJD,NLD,180,,,,"[""canonical_name_alias_present"",""missing_website""]",false,[]
369,107B449,Universiteit Utrecht,112A764,Universiteit Utrecht,OPLEIDING,1001O5804,55825,,Molecular and Biophysical Life Sciences,Molecular and Biophysical Life Sciences,VOLTIJD,ENG,180,,,,"[""missing_website""]",false,[]
370,107B449,Universiteit Utrecht,112A764,Universiteit Utrecht,OPLEIDING,1001O5975,56700,,Muziekwetenschap,Muziekwetenschap,VOLTIJD,NLD,180,,,,"[""missing_website""]",false,[]
371,107B449,Universiteit Utrecht,112A764,Universiteit Utrecht,VARIANT,1015O5840,,56984,Natuur- en Sterrenkunde,Natuur- en Sterrenkunde,VOLTIJD,NLD,180,,,,"[""missing_website"",""variant_record""]",false,[]
372,107B449,Universiteit Utrecht,112A764,Universiteit Utrecht,VARIANT,1015O5816,,56982,Natuurwetenschap en Innovatiemanagement,Natuurwetenschap en Innovatiemanagement,VOLTIJD,NLD,180,,,,"[""missing_website"",""variant_record""]",false,[]
373,107B449,Universiteit Utrecht,112A764,Universiteit Utrecht,VARIANT,1015O5681,,56804,Nederlandse taal en cultuur,Nederlandse taal en cultuur,VOLTIJD,NLD,180,,,,"[""missing_website"",""variant_record""]",false,[]
374,107B449,Universiteit Utrecht,112A764,Universiteit Utrecht,VARIANT,1016O8472,,50003,Onderwijswetenschappen,Onderwijswetenschappen,DEELTIJD | VOLTIJD,NLD,180,,,,"[""missing_website"",""multi_offering_administrative_only_candidate"",""multiple_modes"",""multiple_offerings"",""variant_record""]",false,[]
375,107B449,Universiteit Utrecht,112A764,Universiteit Utrecht,VARIANT,1015O5854,,56607,Pedagogische Wetenschappen,Pedagogische Wetenschappen,VOLTIJD,NLD,180,,,,"[""missing_website"",""variant_record""]",false,[]
376,107B449,Universiteit Utrecht,112A764,Universiteit Utrecht,OPLEIDING,1001O5778,54999,,"Philosophy, Politics and Economics","Philosophy, Politics and Economics",VOLTIJD,ENG,180,,,,"[""missing_website""]",false,[]
377,107B449,Universiteit Utrecht,112A764,Universiteit Utrecht,VARIANT,1016O8474,,50902,Religiewetenschappen,"Politiek, cultuur en religie | Religiewetenschappen",VOLTIJD,NLD,180,,,,"[""canonical_name_alias_present"",""duplicate_duo_rows"",""missing_website"",""raw_field_conflict"",""variant_record""]",false,[]
378,107B449,Universiteit Utrecht,112A764,Universiteit Utrecht,VARIANT,1015O5888,,56604,Psychologie,Psychologie,VOLTIJD,NLD,180,,,,"[""missing_website"",""variant_record""]",false,[]
379,107B449,Universiteit Utrecht,112A764,Universiteit Utrecht,OPLEIDING,1001O5726,50700,,Rechtsgeleerdheid,Rechtsgeleerdheid,VOLTIJD,NLD,180,,,,"[""missing_website""]",false,[]
380,107B449,Universiteit Utrecht,112A764,Universiteit Utrecht,VARIANT,1015O5904,,56857,Scheikunde,Scheikunde,VOLTIJD,NLD,180,,,,"[""missing_website"",""variant_record""]",false,[]
381,107B449,Universiteit Utrecht,112A764,Universiteit Utrecht,VARIANT,1015O5901,,56838,Sociale geografie en planologie,Sociale geografie en planologie,DEELTIJD | VOLTIJD,NLD,180,,,,"[""missing_website"",""multi_offering_administrative_only_candidate"",""multiple_modes"",""multiple_offerings"",""variant_record""]",false,[]
382,107B449,Universiteit Utrecht,112A764,Universiteit Utrecht,VARIANT,1015O5898,,56601,Sociologie,Sociologie,VOLTIJD,NLD,180,,,,"[""missing_website"",""variant_record""]",false,[]
383,107B449,Universiteit Utrecht,112A764,Universiteit Utrecht,VARIANT,1015O5896,,56810,Spaanse taal en cultuur,Spaanse taal en cultuur,VOLTIJD,NLD,180,,,,"[""missing_website"",""variant_record""]",false,[]
384,107B449,Universiteit Utrecht,112A764,Universiteit Utrecht,VARIANT,1015O5828,,56801,Taal- en cultuurstudies,Taal- en cultuurstudies,VOLTIJD,NLD,180,,,,"[""missing_website"",""variant_record""]",false,[]
385,107B449,Universiteit Utrecht,112A764,Universiteit Utrecht,OPLEIDING,1001O5994,56803,,Taalwetenschap,Taalwetenschap,VOLTIJD,NLD,180,,,,"[""missing_website""]",false,[]
386,107B449,Universiteit Utrecht,112A764,Universiteit Utrecht,VARIANT,1015O5825,,50393,UCR Liberal Arts and Sciences,UCR Liberal Arts and Sciences,VOLTIJD,ENG,180,,,,"[""missing_website"",""variant_record""]",false,[]
387,107B449,Universiteit Utrecht,112A764,Universiteit Utrecht,VARIANT,1015O5826,,50393,UCU Liberal Arts and Sciences,UCU Liberal Arts and Sciences,VOLTIJD,ENG,180,,,,"[""missing_website"",""variant_record""]",false,[]
388,107B449,Universiteit Utrecht,112A764,Universiteit Utrecht,VARIANT,1015O5757,,56980,Wiskunde,Wiskunde,VOLTIJD,NLD,180,,,,"[""missing_website"",""variant_record""]",false,[]
389,107B449,Universiteit Utrecht,112A764,Universiteit Utrecht,OPLEIDING,1001O5777,50981,,"Zorg, Gezondheid & Samenleving","Zorg, Gezondheid & Samenleving",VOLTIJD,NLD,180,,,,"[""missing_website""]",false,[]
390,107B473,Universiteit van Amsterdam,113A697,Universiteit van Amsterdam,OPLEIDING,1001O5889,56411,,Actuariële Wetenschappen,Actuariële Wetenschappen,VOLTIJD,ENG | NLD,180,,,,"[""multi_offering_identity_sensitive"",""multiple_languages"",""multiple_offerings"",""multiple_websites""]",true,"[""rc-0046""]"
391,107B473,Universiteit van Amsterdam,113A697,Universiteit van Amsterdam,OPLEIDING,1001O5825,56040,,Arabische Taal en Cultuur,Arabische Taal en Cultuur,DEELTIJD | VOLTIJD,NLD,180,,,,"[""multi_offering_administrative_only_candidate"",""multiple_modes"",""multiple_offerings""]",false,[]
392,107B473,Universiteit van Amsterdam,113A697,Universiteit van Amsterdam,OPLEIDING,1001O5980,56703,,Archeologie,Archeologie,VOLTIJD,ENG | NLD,180,,,,"[""multi_offering_identity_sensitive"",""multiple_languages"",""multiple_offerings"",""multiple_websites""]",true,"[""rc-0047""]"
393,107B473,Universiteit van Amsterdam,113A697,Universiteit van Amsterdam,OPLEIDING,1001O6121,56860,,Biologie,Biologie,VOLTIJD,NLD,180,,,,[],false,[]
394,107B473,Universiteit van Amsterdam,113A697,Universiteit van Amsterdam,OPLEIDING,1001O6206,56990,,Biomedische Wetenschappen,Biomedische Wetenschappen,VOLTIJD,NLD,180,,,,[],false,[]
395,107B473,Universiteit van Amsterdam,113A697,Universiteit van Amsterdam,OPLEIDING,1001O5748,50897,,Business Administration,Business Administration,VOLTIJD,ENG | NLD,180,,,,"[""multi_offering_identity_sensitive"",""multiple_languages"",""multiple_offerings"",""multiple_websites""]",true,"[""rc-0048""]"
396,107B473,Universiteit van Amsterdam,113A697,Universiteit van Amsterdam,OPLEIDING,1001O6109,56856,,Business Analytics,Business Analytics,VOLTIJD,ENG,180,,,,[],false,[]
397,107B473,Universiteit van Amsterdam,113A697,Universiteit van Amsterdam,OPLEIDING,1001O5668,50250,,Bèta-gamma,Bèta-gamma,VOLTIJD,NLD,180,,,,[],false,[]
398,107B473,Universiteit van Amsterdam,113A697,Universiteit van Amsterdam,OPLEIDING,1001O6239,59330,,"Cognition, Language and Communication","Cognition, Language and Communication",VOLTIJD,NLD,180,,,,[],false,[]
399,107B473,Universiteit van Amsterdam,113A697,Universiteit van Amsterdam,OPLEIDING,1001O5959,56615,,Communicatiewetenschap,Communicatiewetenschap,VOLTIJD,NLD,180,,,,[],true,"[""rc-0076""]"
400,107B473,Universiteit van Amsterdam,113A697,Universiteit van Amsterdam,OPLEIDING,1001O5776,50980,,Computational Social Science,Computational Social Science,VOLTIJD,ENG,180,,,,[],false,[]
401,107B473,Universiteit van Amsterdam,113A697,Universiteit van Amsterdam,OPLEIDING,1001O5653,50035,,Culturele Antropologie en Ontwikkelingssociologie,Culturele Antropologie en Ontwikkelingssociologie,VOLTIJD,ENG | NLD,180,,,,"[""multi_offering_identity_sensitive"",""multiple_languages"",""multiple_offerings"",""multiple_websites""]",true,"[""rc-0049""]"
402,107B473,Universiteit van Amsterdam,113A697,Universiteit van Amsterdam,OPLEIDING,1001O5623,50004,,Cultuurwetenschappen,Cultuurwetenschappen,VOLTIJD,ENG | NLD,180,,,,"[""multi_offering_identity_sensitive"",""multiple_languages"",""multiple_offerings"",""multiple_websites""]",true,"[""rc-0050""]"
403,107B473,Universiteit van Amsterdam,113A697,Universiteit van Amsterdam,OPLEIDING,1001O6007,56805,,Duitse Taal en Cultuur,Duitse Taal en Cultuur,DEELTIJD | VOLTIJD,NLD,180,,,,"[""multi_offering_administrative_only_candidate"",""multiple_modes"",""multiple_offerings""]",false,[]
404,107B473,Universiteit van Amsterdam,113A697,Universiteit van Amsterdam,OPLEIDING,1001O6240,59332,,Econometrics and Data Science,Econometrics and Data Science,VOLTIJD,ENG | NLD,180,,,,"[""multi_offering_identity_sensitive"",""multiple_languages"",""multiple_offerings"",""multiple_websites""]",true,"[""rc-0051""]"
405,107B473,Universiteit van Amsterdam,113A697,Universiteit van Amsterdam,OPLEIDING,1001O6230,59318,,Economics and Business Economics,Economics and Business Economics,VOLTIJD,ENG | NLD,180,,,,"[""multi_offering_identity_sensitive"",""multiple_languages"",""multiple_offerings"",""multiple_websites""]",true,"[""rc-0052""]"
406,107B473,Universiteit van Amsterdam,113A697,Universiteit van Amsterdam,OPLEIDING,1001O6013,56806,,Engelse Taal en Cultuur,English Language and Culture,DEELTIJD | VOLTIJD,ENG,180,,,,"[""canonical_name_alias_present"",""multi_offering_administrative_only_candidate"",""multiple_modes"",""multiple_offerings""]",false,[]
407,107B473,Universiteit van Amsterdam,113A697,Universiteit van Amsterdam,OPLEIDING,1001O5830,56051,,Europese Studies,Europese Studies,VOLTIJD,ENG | NLD,180,,,,"[""multi_offering_identity_sensitive"",""multiple_languages"",""multiple_offerings"",""multiple_websites""]",true,"[""rc-0053""]"
408,107B473,Universiteit van Amsterdam,113A697,Universiteit van Amsterdam,OPLEIDING,1001O5841,56081,,Filosofie,Filosofie,DEELTIJD | VOLTIJD,NLD,180,,,,"[""multi_offering_administrative_only_candidate"",""multiple_modes"",""multiple_offerings""]",false,[]
409,107B473,Universiteit van Amsterdam,113A697,Universiteit van Amsterdam,OPLEIDING,1001O6065,56827,,Fiscaal Recht,Fiscaal Recht,VOLTIJD,NLD,180,,,,[],false,[]
410,107B473,Universiteit van Amsterdam,113A697,Universiteit van Amsterdam,OPLEIDING,1001O5887,56402,,Fiscale Economie,Fiscale Economie,VOLTIJD,NLD,180,,,,[],false,[]
411,107B473,Universiteit van Amsterdam,113A697,Universiteit van Amsterdam,OPLEIDING,1001O6020,56808,,Franse Taal en Cultuur,Franse Taal en Cultuur,DEELTIJD | VOLTIJD,NLD,180,,,,"[""multi_offering_administrative_only_candidate"",""multiple_modes"",""multiple_offerings""]",false,[]
412,107B473,Universiteit van Amsterdam,113A697,Universiteit van Amsterdam,OPLEIDING,1001O5693,50425,,Future Planet Studies,Future Planet Studies,VOLTIJD,NLD,180,,,,[],false,[]
413,107B473,Universiteit van Amsterdam,113A697,Universiteit van Amsterdam,OPLEIDING,1001O5908,56551,,Geneeskunde,Geneeskunde,VOLTIJD,NLD,180,,,,[],false,[]
414,107B473,Universiteit van Amsterdam,113A697,Universiteit van Amsterdam,OPLEIDING,1001O5820,56034,,Geschiedenis,Geschiedenis,DEELTIJD | VOLTIJD,NLD,180,,,,"[""multi_offering_administrative_only_candidate"",""multiple_modes"",""multiple_offerings""]",false,[]
415,107B473,Universiteit van Amsterdam,113A697,Universiteit van Amsterdam,OPLEIDING,1001O5959,56615,,Communicatiewetenschap,Global Communication Science,VOLTIJD,ENG,180,,,,"[""canonical_name_alias_present""]",true,"[""rc-0076""]"
416,107B473,Universiteit van Amsterdam,113A697,Universiteit van Amsterdam,OPLEIDING,1001O5807,56003,,Griekse en Latijnse Taal en Cultuur,Griekse en Latijnse Taal en Cultuur,DEELTIJD | VOLTIJD,NLD,180,,,,"[""multi_offering_administrative_only_candidate"",""multiple_modes"",""multiple_offerings""]",false,[]
417,107B473,Universiteit van Amsterdam,113A697,Universiteit van Amsterdam,OPLEIDING,1001O5749,50901,,Hebreeuwse Taal en Cultuur,Hebreeuwse Taal en Cultuur,DEELTIJD | VOLTIJD,NLD,180,,,,"[""multi_offering_administrative_only_candidate"",""multiple_modes"",""multiple_offerings""]",false,[]
418,107B473,Universiteit van Amsterdam,113A697,Universiteit van Amsterdam,OPLEIDING,1001O6172,56978,,Informatica,Informatica,VOLTIJD,NLD,180,,,,[],true,"[""rc-0080""]"
419,107B473,Universiteit van Amsterdam,113A697,Universiteit van Amsterdam,OPLEIDING,1001O6172,56978,,Informatica,Informatica - vrije opleiding,VOLTIJD,NLD,180,,,,"[""canonical_name_alias_present""]",true,"[""rc-0080""]"
420,107B473,Universiteit van Amsterdam,113A697,Universiteit van Amsterdam,OPLEIDING,1001O6097,56842,,Informatiekunde,Informatiekunde,VOLTIJD,NLD,180,,,,[],true,"[""rc-0078""]"
421,107B473,Universiteit van Amsterdam,113A697,Universiteit van Amsterdam,OPLEIDING,1001O6097,56842,,Informatiekunde,Informatiekunde - vrije opleiding,VOLTIJD,NLD,180,,,,"[""canonical_name_alias_present""]",true,"[""rc-0078""]"
422,107B473,Universiteit van Amsterdam,113A697,Universiteit van Amsterdam,OPLEIDING,1001O5972,56631,,Interdisciplinaire sociale wetenschap,Interdisciplinaire Sociale Wetenschap,VOLTIJD,NLD,180,,,,"[""canonical_name_alias_present""]",false,[]
423,107B473,Universiteit van Amsterdam,113A697,Universiteit van Amsterdam,OPLEIDING,1001O6025,56809,,Italiaanse Taal en Cultuur,Italiaanse Taal en Cultuur,DEELTIJD | VOLTIJD,NLD,180,,,,"[""multi_offering_administrative_only_candidate"",""multiple_modes"",""multiple_offerings""]",false,[]
424,107B473,Universiteit van Amsterdam,113A697,Universiteit van Amsterdam,OPLEIDING,1001O6051,56824,,Kunstgeschiedenis,Kunstgeschiedenis,DEELTIJD | VOLTIJD,NLD,180,,,,"[""multi_offering_administrative_only_candidate"",""multiple_modes"",""multiple_offerings""]",false,[]
425,107B473,Universiteit van Amsterdam,113A697,Universiteit van Amsterdam,OPLEIDING,1001O6184,56981,,Kunstmatige Intelligentie,Kunstmatige Intelligentie,VOLTIJD,NLD,180,,,,[],false,[]
426,107B473,Universiteit van Amsterdam,113A697,Universiteit van Amsterdam,OPLEIDING,1001O5995,56803,,Taalwetenschap,Linguistics,VOLTIJD,ENG,180,,,,"[""canonical_name_alias_present""]",false,[]
427,107B473,Universiteit van Amsterdam,113A697,Universiteit van Amsterdam,OPLEIDING,1001O5990,56802,,Literatuurwetenschap,Literary Studies,DEELTIJD | VOLTIJD,ENG,180,,,,"[""canonical_name_alias_present"",""multi_offering_administrative_only_candidate"",""multiple_modes"",""multiple_offerings""]",false,[]
428,107B473,Universiteit van Amsterdam,113A697,Universiteit van Amsterdam,OPLEIDING,1001O5630,50010,,Media en informatie,Media and Information,DEELTIJD | VOLTIJD,ENG,180,,,,"[""canonical_name_alias_present"",""multi_offering_administrative_only_candidate"",""multiple_modes"",""multiple_offerings""]",false,[]
429,107B473,Universiteit van Amsterdam,113A697,Universiteit van Amsterdam,OPLEIDING,1001O5759,50906,,Media en Cultuur,Media en Cultuur,VOLTIJD,ENG | NLD,180,,,,"[""multi_offering_identity_sensitive"",""multiple_languages"",""multiple_offerings"",""multiple_websites""]",true,"[""rc-0054""]"
430,107B473,Universiteit van Amsterdam,113A697,Universiteit van Amsterdam,OPLEIDING,1001O5920,56573,,Medische Informatiekunde,Medische Informatiekunde,VOLTIJD,NLD,180,,,,[],false,[]
431,107B473,Universiteit van Amsterdam,113A697,Universiteit van Amsterdam,OPLEIDING,1001O5976,56700,,Muziekwetenschap,Muziekwetenschap,DEELTIJD | VOLTIJD,NLD,180,,,,"[""multi_offering_administrative_only_candidate"",""multiple_modes"",""multiple_offerings""]",false,[]
432,107B473,Universiteit van Amsterdam,113A697,Universiteit van Amsterdam,OPLEIDING,1001O5797,55013,,Natuur- en Sterrenkunde (joint degree),Natuur- en Sterrenkunde - joint degree UvA-VU,VOLTIJD,NLD,180,,,,"[""canonical_name_alias_present""]",true,"[""rc-0055"",""rc-0070""]"
433,107B473,Universiteit van Amsterdam,113A697,Universiteit van Amsterdam,OPLEIDING,1001O5797,55013,,Natuur- en Sterrenkunde (joint degree),"Natuur- en Sterrenkunde - joint degree UvA-VU, vrije opleiding",VOLTIJD,NLD,180,,,,"[""canonical_name_alias_present""]",true,"[""rc-0056"",""rc-0070""]"
434,107B473,Universiteit van Amsterdam,113A697,Universiteit van Amsterdam,OPLEIDING,1001O6001,56804,,Nederlandse Taal en Cultuur,Nederlandse Taal en Cultuur,DEELTIJD | VOLTIJD,NLD,180,,,,"[""multi_offering_administrative_only_candidate"",""multiple_modes"",""multiple_offerings""]",false,[]
435,107B473,Universiteit van Amsterdam,113A697,Universiteit van Amsterdam,OPLEIDING,1001O6034,56814,,Nieuwgriekse Taal en Cultuur,Nieuwgriekse Taal en Cultuur,DEELTIJD | VOLTIJD,NLD,180,,,,"[""multi_offering_administrative_only_candidate"",""multiple_modes"",""multiple_offerings""]",false,[]
436,107B473,Universiteit van Amsterdam,113A697,Universiteit van Amsterdam,OPLEIDING,1001O5621,50003,,Onderwijswetenschappen,Onderwijswetenschappen,VOLTIJD,NLD,180,,,,[],false,[]
437,107B473,Universiteit van Amsterdam,113A697,Universiteit van Amsterdam,OPLEIDING,1001O5982,56704,,Oudheidwetenschappen,Oudheidwetenschappen,VOLTIJD,ENG | NLD,180,,,,"[""multi_offering_identity_sensitive"",""multiple_languages"",""multiple_offerings"",""multiple_websites""]",true,"[""rc-0057""]"
438,107B473,Universiteit van Amsterdam,113A697,Universiteit van Amsterdam,OPLEIDING,1001O5947,56607,,Pedagogische Wetenschappen,Pedagogische Wetenschappen,VOLTIJD,NLD,180,,,,[],true,"[""rc-0075""]"
439,107B473,Universiteit van Amsterdam,113A697,Universiteit van Amsterdam,OPLEIDING,1001O5947,56607,,Pedagogische Wetenschappen,Pedagogische Wetenschappen - vrije opleiding,VOLTIJD,NLD,180,,,,"[""canonical_name_alias_present""]",true,"[""rc-0075""]"
440,107B473,Universiteit van Amsterdam,113A697,Universiteit van Amsterdam,OPLEIDING,1001O5940,56606,,Politicologie,Politicologie,VOLTIJD,ENG | NLD,180,,,,"[""multi_offering_identity_sensitive"",""multiple_languages"",""multiple_offerings"",""multiple_websites""]",true,"[""rc-0058""]"
441,107B473,Universiteit van Amsterdam,113A697,Universiteit van Amsterdam,OPLEIDING,1001O6228,59312,,"Politics, Psychology, Law and Economics","Politics, Psychology, Law and Economics",VOLTIJD,ENG,180,,,,[],false,[]
442,107B473,Universiteit van Amsterdam,113A697,Universiteit van Amsterdam,OPLEIDING,1001O5635,50014,,Psychobiologie,Psychobiologie,VOLTIJD,NLD,180,,,,[],false,[]
443,107B473,Universiteit van Amsterdam,113A697,Universiteit van Amsterdam,OPLEIDING,1001O5934,56604,,Psychologie,Psychologie,VOLTIJD,ENG | NLD,180,,,,"[""multi_offering_identity_sensitive"",""multiple_languages"",""multiple_offerings"",""multiple_websites""]",true,"[""rc-0059""]"
444,107B473,Universiteit van Amsterdam,113A697,Universiteit van Amsterdam,OPLEIDING,1001O5729,50700,,Rechtsgeleerdheid,Rechtsgeleerdheid,VOLTIJD,NLD,180,,,,[],false,[]
445,107B473,Universiteit van Amsterdam,113A697,Universiteit van Amsterdam,OPLEIDING,1001O5753,50902,,Religiewetenschappen,Religiewetenschappen,DEELTIJD | VOLTIJD,NLD,180,,,,"[""multi_offering_administrative_only_candidate"",""multiple_modes"",""multiple_offerings""]",false,[]
446,107B473,Universiteit van Amsterdam,113A697,Universiteit van Amsterdam,OPLEIDING,1001O6017,56807,,Scandinavische Talen en Culturen,Scandinavische Talen en Culturen,DEELTIJD | VOLTIJD,NLD,180,,,,"[""multi_offering_administrative_only_candidate"",""multiple_modes"",""multiple_offerings""]",false,[]
447,107B473,Universiteit van Amsterdam,113A697,Universiteit van Amsterdam,OPLEIDING,1001O5795,55012,,Scheikunde (joint degree),Scheikunde - joint degree UvA-VU,VOLTIJD,NLD,180,,,,"[""canonical_name_alias_present""]",true,"[""rc-0060"",""rc-0069""]"
448,107B473,Universiteit van Amsterdam,113A697,Universiteit van Amsterdam,OPLEIDING,1001O5795,55012,,Scheikunde (joint degree),"Scheikunde - joint degree UvA-VU, vrije opleiding",VOLTIJD,NLD,180,,,,"[""canonical_name_alias_present""]",true,"[""rc-0061"",""rc-0069""]"
449,107B473,Universiteit van Amsterdam,113A697,Universiteit van Amsterdam,OPLEIDING,1001O8898,50993,,"Science, Technology & Innovation","Science, Technology & Innovation",VOLTIJD,NLD,180,,,,[],false,[]
450,107B473,Universiteit van Amsterdam,113A697,Universiteit van Amsterdam,OPLEIDING,1001O6033,56813,,Slavische Talen en Culturen,Slavische Talen en Culturen,DEELTIJD | VOLTIJD,NLD,180,,,,"[""multi_offering_administrative_only_candidate"",""multiple_modes"",""multiple_offerings""]",false,[]
451,107B473,Universiteit van Amsterdam,113A697,Universiteit van Amsterdam,OPLEIDING,1001O6090,56838,,Sociale Geografie en Planologie,Sociale Geografie en Planologie,VOLTIJD,ENG | NLD,180,,,,"[""multi_offering_identity_sensitive"",""multiple_languages"",""multiple_offerings"",""multiple_websites""]",true,"[""rc-0062""]"
452,107B473,Universiteit van Amsterdam,113A697,Universiteit van Amsterdam,OPLEIDING,1001O5924,56601,,Sociologie,Sociologie,VOLTIJD,ENG | NLD,180,,,,"[""multi_offering_identity_sensitive"",""multiple_languages"",""multiple_offerings"",""multiple_websites""]",true,"[""rc-0063""]"
453,107B473,Universiteit van Amsterdam,113A697,Universiteit van Amsterdam,OPLEIDING,1001O6027,56810,,Spaanse Taal en Cultuur,Spaanse Taal en Cultuur,DEELTIJD | VOLTIJD,NLD,180,,,,"[""multi_offering_administrative_only_candidate"",""multiple_modes"",""multiple_offerings""]",false,[]
454,107B473,Universiteit van Amsterdam,113A697,Universiteit van Amsterdam,OPLEIDING,1001O5916,56560,,Tandheelkunde,Tandheelkunde,VOLTIJD,NLD,180,,,,[],false,[]
455,107B473,Universiteit van Amsterdam,113A697,Universiteit van Amsterdam,OPLEIDING,1001O5977,56702,,Theaterwetenschap,Theaterwetenschap,DEELTIJD | VOLTIJD,NLD,180,,,,"[""multi_offering_administrative_only_candidate"",""multiple_modes"",""multiple_offerings""]",false,[]
456,107B473,Universiteit van Amsterdam,113A697,Universiteit van Amsterdam,OPLEIDING,1001O6179,56980,,Wiskunde,Wiskunde,VOLTIJD,NLD,180,,,,[],true,"[""rc-0081""]"
457,107B473,Universiteit van Amsterdam,113A697,Universiteit van Amsterdam,OPLEIDING,1001O6179,56980,,Wiskunde,Wiskunde - vrije opleiding,VOLTIJD,NLD,180,,,,"[""canonical_name_alias_present""]",true,"[""rc-0081""]"
458,107B451,Wageningen University,114A640,Wageningen University,OPLEIDING,1001O6075,56831,,Agrotechnologie,Bachelor Agrotechnologie,VOLTIJD,NLD,180,,,,"[""canonical_name_alias_present""]",false,[]
459,107B451,Wageningen University,114A640,Wageningen University,OPLEIDING,1001O6086,56836,,Bedrijfs- en Consumentenwetenschappen,Bachelor Bedrijfs- en Consumentenwetenschappen,VOLTIJD,NLD,180,,,,"[""canonical_name_alias_present""]",false,[]
460,107B451,Wageningen University,114A640,Wageningen University,OPLEIDING,1001O6120,56860,,Biologie,Bachelor Biologie,VOLTIJD,NLD,180,,,,"[""canonical_name_alias_present""]",false,[]
461,107B451,Wageningen University,114A640,Wageningen University,OPLEIDING,1001O6094,56841,,Biotechnologie,Bachelor Biotechnologie,VOLTIJD,NLD,180,,,,"[""canonical_name_alias_present""]",false,[]
462,107B451,Wageningen University,114A640,Wageningen University,VARIANT,1016O0967,,56219,Bachelor Bos- en Natuurbeheer,Bachelor Bos- en Natuurbeheer,VOLTIJD,NLD,180,,,,"[""variant_record""]",false,[]
463,107B451,Wageningen University,114A640,Wageningen University,VARIANT,1016O0968,,56219,Bachelor Bos- en Natuurbeheer DD-SLU,Bachelor Bos- en Natuurbeheer DD-SLU,VOLTIJD,NLD,180,,,,"[""missing_website"",""variant_record""]",false,[]
464,107B451,Wageningen University,114A640,Wageningen University,OPLEIDING,1001O5637,50016,,Communicatie en Life Sciences,Bachelor Communicatie en Life Sciences,VOLTIJD,NLD,180,,,,"[""canonical_name_alias_present""]",false,[]
465,107B451,Wageningen University,114A640,Wageningen University,OPLEIDING,1001O5657,50101,,Economie en Beleid,Bachelor Economie en Beleid,VOLTIJD,NLD,180,,,,"[""canonical_name_alias_present""]",false,[]
466,107B451,Wageningen University,114A640,Wageningen University,OPLEIDING,1001O5641,50018,,Gezondheid en Maatschappij,Bachelor Gezondheid en Maatschappij,VOLTIJD,NLD,180,,,,"[""canonical_name_alias_present""]",false,[]
467,107B451,Wageningen University,114A640,Wageningen University,OPLEIDING,1001O5656,50100,,International Land and Water Management,Bachelor International Land and Water Management,VOLTIJD,ENG,180,,,,"[""canonical_name_alias_present""]",false,[]
468,107B451,Wageningen University,114A640,Wageningen University,OPLEIDING,1001O6087,56837,,Internationale Ontwikkelingsstudies,Bachelor Internationale Ontwikkelingsstudies,VOLTIJD,NLD,180,,,,"[""canonical_name_alias_present""]",false,[]
469,107B451,Wageningen University,114A640,Wageningen University,OPLEIDING,1001O6102,56848,,Landschapsarchitectuur en ruimtelijke planning,Bachelor Landschapsarchitectuur& Ruimtelijke Planning,VOLTIJD,NLD,180,,,,"[""canonical_name_alias_present""]",false,[]
470,107B451,Wageningen University,114A640,Wageningen University,OPLEIDING,1001O8838,50859,,Marine Sciences,Bachelor Marine Sciences,VOLTIJD,ENG,180,,,,"[""canonical_name_alias_present"",""missing_website""]",false,[]
471,107B451,Wageningen University,114A640,Wageningen University,OPLEIDING,1001O6222,59304,,Moleculaire Levenswetenschappen,Bachelor Moleculaire Levenswetenschappen,VOLTIJD,NLD,180,,,,"[""canonical_name_alias_present""]",false,[]
472,107B451,Wageningen University,114A640,Wageningen University,OPLEIDING,1001O6085,56835,,Plantenwetenschappen,Bachelor Plantenwetenschappen,VOLTIJD,NLD,180,,,,"[""canonical_name_alias_present""]",false,[]
473,107B451,Wageningen University,114A640,Wageningen University,OPLEIDING,1001O6124,56868,,Voeding en Gezondheid,Bachelor Voeding en Gezondheid,VOLTIJD,NLD,180,,,,"[""canonical_name_alias_present""]",false,[]
474,107B451,Wageningen University,114A640,Wageningen University,OPLEIDING,1001O6103,56849,,Animal Sciences,Bachelor's Animal Sciences,VOLTIJD,ENG,180,,,,"[""canonical_name_alias_present""]",false,[]
475,107B451,Wageningen University,114A640,Wageningen University,OPLEIDING,1016O1728,59026,,Data Science for Global Challenges,Bachelor's Data Science for Global Challenges,VOLTIJD,NLD,180,,,,"[""canonical_name_alias_present"",""missing_website""]",false,[]
476,107B451,Wageningen University,114A640,Wageningen University,OPLEIDING,1001O6167,56968,,"Soil, Water, Atmosphere",Bachelor's Earth System Sciences,VOLTIJD,ENG,180,,,,"[""canonical_name_alias_present""]",false,[]
477,107B451,Wageningen University,114A640,Wageningen University,OPLEIDING,1001O5876,56283,,Environmental Sciences,Bachelor's Environmental Sciences,VOLTIJD,ENG,180,,,,"[""canonical_name_alias_present""]",false,[]
478,107B451,Wageningen University,114A640,Wageningen University,OPLEIDING,1001O6168,56973,,Food Technology,Bachelor's Food Technology,VOLTIJD,ENG,180,,,,"[""canonical_name_alias_present""]",false,[]
479,107B451,Wageningen University,114A640,Wageningen University,OPLEIDING,1001O5780,55001,,Tourism (joint degree),Bachelor's Tourism (joint degree),VOLTIJD,NLD,180,,,,"[""canonical_name_alias_present""]",true,"[""rc-0064""]"
